system:index,mean,region,year,.geo
0_0,0.44121855686140554,Champaign_IL,2000.0,"{""type"":""Polygon"",""coordinates"":[[[-88.2434,40.206388659514815],[-88.27630939606253,40.20280245690622],[-88.30658945374208,40.192330396572295],[-88.33182318818,40.17580897080493],[-88.35000045335934,40.15455711679832],[-88.35967842160866,40.1302700290398],[-88.36009514198224,40.104883114104844],[-88.35122755239688,40.08041726331014],[-88.33379016017683,40.058817966018246],[-88.3091754810049,40.04180107402665],[-88.27934180731103,40.03071729661842],[-88.24665766137929,40.026445876753655],[-88.21371520407743,40.02932554245242],[-88.18312684795484,40.039127940018545],[-88.15732035387803,40.055075541961315],[-88.13834778202512,40.07590268692175],[-88.12772282220239,40.09995515520155],[-88.12629923651603,40.12532071598363],[-88.13420041256671,40.14998060599124],[-88.15080640146132,40.171970113193],[-88.17480045085301,40.18953552089764],[-88.20427221490087,40.20127474960526],[-88.23686993752474,40.2062501751225],[-88.2434,40.206388659514815]]]}"
0_1,0.2985703374366004,Lubbock_TX,2000.0,"{""type"":""Polygon"",""coordinates"":[[[-101.82,33.69998865951482],[-101.85021077001714,33.69640344004175],[-101.87800970265913,33.6859340213126],[-101.90117915619945,33.669416068908305],[-101.91787372456682,33.64816743387717],[-101.92676747452073,33.62388230540104],[-101.92715855695913,33.59849547959094],[-101.9190231639463,33.574027821710494],[-101.90301513842277,33.55242538612351],[-101.88041198109698,33.535405003358996],[-101.85301215452868,33.52431846990867],[-101.82299216571712,33.520045886392474],[-101.79273472404502,33.5229263427945],[-101.76464121547097,33.53273123947279],[-101.74094275942407,33.54868227132106],[-101.72352420653516,33.56951270893958],[-101.7137745920999,33.59356730607938],[-101.7124757936725,33.618933166791486],[-101.71973849029403,33.64359143245969],[-101.73499107748042,33.66557789673162],[-101.75702312925804,33.68313979292463],[-101.7840805885228,33.694876139385585],[-101.81400547801694,33.69985021383076],[-101.82,33.69998865951482]]]}"
0_2,0.43077733181445044,Yolo_CA,2000.0,"{""type"":""Polygon"",""coordinates"":[[[-121.83,38.699988659514815],[-121.86220500193224,38.69640270004724],[-121.89183744249466,38.68593129299138],[-121.91653237221968,38.66941072613869],[-121.93432264500463,38.64815966804546],[-121.94379594101612,38.623873064613385],[-121.944205990838,38.59848617153487],[-121.93552953107236,38.574019873779754],[-121.91846522948293,38.55241980048011],[-121.89437557884942,38.53540204543123],[-121.86517715498275,38.52431758667026],[-121.83318836593202,38.52004587913648],[-121.80094670920553,38.52292574030621],[-121.77100952305388,38.532728755700376],[-121.7457532471253,38.54867720563664],[-121.72718629947299,38.569505164749486],[-121.71678983163105,38.593558159534005],[-121.71539883799544,38.618923794656965],[-121.72313338252211,38.643583283173534],[-121.73938612868145,38.66557203801497],[-121.76286807291602,38.68313657738752],[-121.79170966265637,38.694875093313115],[-121.82360972422885,38.69985018469559],[-121.83,38.699988659514815]]]}"
0_3,0.40295692799866584,Lancaster_NE,2000.0,"{""type"":""Polygon"",""coordinates"":[[[-96.69000000000001,40.869988659514824],[-96.72323695876713,40.86640234635525],[-96.75381817415831,40.85592998899468],[-96.77930246216118,40.839408172716674],[-96.79765968075989,40.81815595686395],[-96.80743281691649,40.793868648942016],[-96.80785262998835,40.76848172410961],[-96.79889615438138,40.74401607654833],[-96.78128526545544,40.722417132062226],[-96.756426441196,40.7054006324294],[-96.72629737254441,40.69431716476346],[-96.69328988389252,40.69004587567048],[-96.66002155274802,40.69292545251],[-96.62913039931018,40.70272756921344],[-96.60306804759288,40.7186747856489],[-96.58390685137198,40.739501560466756],[-96.5731756321511,40.76355378935353],[-96.57173688151804,40.78891931629863],[-96.57971553546953,40.8135793888062],[-96.5964857827767,40.83556923804821],[-96.62071796901049,40.853135040541645],[-96.65048277878107,40.864874593329],[-96.68340493277856,40.86985017076981],[-96.69000000000001,40.869988659514824]]]}"
0_4,0.4130700497245641,Riley_KS,2000.0,"{""type"":""Polygon"",""coordinates"":[[[-96.73,39.40998865951482],[-96.76253040290038,39.40640258675903],[-96.79246201650948,39.39593087531545],[-96.81740585358375,39.37940990825601],[-96.83537490378686,39.3581584793034],[-96.84494275337966,39.33387165018752],[-96.84535588783787,39.30848474691015],[-96.83659113579905,39.284018657406264],[-96.81935448151191,39.26241894568736],[-96.7950222868221,39.24540159278877],[-96.76553039918639,39.23431745151507],[-96.73322037816155,39.23004587802617],[-96.70065497458346,39.23292564811241],[-96.67041696989682,39.242728375619144],[-96.64490651291429,39.258676430423044],[-96.62615218294852,39.27950401017963],[-96.61565016270376,39.30355675964753],[-96.61424411582058,39.32892236014583],[-96.62205564069923,39.353582035750215],[-96.63847157349176,39.3755711411593],[-96.66219009121731,39.39313608512792],[-96.69132279634952,39.404874933167086],[-96.72354514857467,39.409850180235146],[-96.73,39.40998865951482]]]}"
0_5,0.41845162160309474,Story_IA,2000.0,"{""type"":""Polygon"",""coordinates"":[[[-93.62000000000002,42.11998865951483],[-93.65388456873679,42.11640213195586],[-93.68506118533192,42.10592919855888],[-93.71104081992758,42.08940662497027],[-93.72975379759605,42.06815370743223],[-93.73971506354312,42.04386597261965],[-93.74014097074837,42.01847902866409],[-93.7310087506586,41.99401377526587],[-93.7130548504886,41.97241551495094],[-93.6877133543127,41.95539977614986],[-93.65700030314552,41.944316909092876],[-93.62335358572727,41.94004587357013],[-93.58944102240196,41.94292527810929],[-93.55795125364739,41.95272685020544],[-93.53138307650272,41.968673319100795],[-93.51184896373536,41.989499376137026],[-93.50090765419401,42.013551140747055],[-93.49943890248966,42.038916602006026],[-93.50757071202895,42.06357702836078],[-93.52466568743166,42.08556754087142],[-93.5493686701853,42.10313410896576],[-93.57971284199093,42.11487429025177],[-93.61327641456649,42.1198501623283],[-93.62000000000002,42.11998865951483]]]}"
0_6,0.42200970176356534,Karnal_HR,2000.0,"{""type"":""Polygon"",""coordinates"":[[[76.9905,29.775688659514824],[76.96154284003352,29.77210396251622],[76.93489647416555,29.761635947729435],[76.91268593789329,29.745119841587535],[76.89668010919358,29.72387291801383],[76.8881506236561,29.699588831766373],[76.88777141887279,29.674202054130692],[76.89556665915605,29.649733436103244],[76.91091069112841,29.62812933214356],[76.93257944713096,29.611107093151027],[76.95884870937671,29.600019093948937],[76.98763116048724,29.595745891519194],[77.01664137625148,29.598626768476873],[77.04357598717132,29.608432994290155],[77.0662952113909,29.62438585006549],[77.08299186984506,29.645218038227092],[77.09233483705388,29.669273766666574],[77.09357563658618,29.694639786052093],[77.08660950292669,29.719297187492376],[77.07198559138165,29.741282033798935],[77.05086494037764,29.7588420633809],[77.02492900566789,29.77057687797148],[76.99624574372025,29.775550234401415],[76.9905,29.775688659514824]]]}"
0_7,0.26301343337226935,Ahmedabad_GJ,2000.0,"{""type"":""Polygon"",""coordinates"":[[[72.5714,23.11248865951482],[72.54407220509292,23.108904763804446],[72.5189237867614,23.09843890229071],[72.4979593629697,23.081925628177025],[72.48284834866456,23.06068133040988],[72.47479187181345,23.036398843907776],[72.47442770306257,23.011012141248155],[72.48178059405642,22.98654205097758],[72.49626162940231,22.96493538756891],[72.51671623110752,22.947910300301352],[72.54151664580148,22.936820051691896],[72.56869137510789,22.932545899387538],[72.59608129231934,22.935427421794763],[72.62151027178292,22.94523568739352],[72.64295713125615,22.961191341968316],[72.65871559521983,22.982026215782668],[72.66752983245912,23.00608367915437],[72.6686948690047,23.031449940915078],[72.66211374761552,23.05610601559879],[72.6483065617822,23.078088379394124],[72.62837023496249,23.09564554563904],[72.6038918759963,23.10737801070426],[72.57682239409088,23.112350265948955],[72.5714,23.11248865951482]]]}"
0_8,0.32266120497631423,Raichur_KA,2000.0,"{""type"":""Polygon"",""coordinates"":[[[77.3667,16.289988659514822],[77.34051418541607,16.28640550564773],[77.31641543918332,16.275941637802667],[77.29632385919271,16.25943098618462],[77.2818391582423,16.23818912055263],[77.27411319734874,16.213908116563918],[77.27375865210034,16.188521484499873],[77.28080096845183,16.164050031507728],[77.29467720364704,16.142440997702348],[77.31428157403893,16.12541327185709],[77.33805385632719,16.1143209391278],[77.36410348976925,16.110045906678423],[77.3903595312662,16.11292802715727],[77.4147346927242,16.122738182696278],[77.43529065324269,16.13869643011127],[77.45039174517731,16.15953379136219],[77.45883496806461,16.18359286087505],[77.45994604051796,16.20895934597868],[77.45363375596571,16.233614190884982],[77.4403981050191,16.255594255114953],[77.42129124924043,16.273148769768756],[77.39783420947745,16.284879059411136],[77.3718957597642,16.2898502951556],[77.3667,16.289988659514822]]]}"
0_9,0.39946346228913243,Sitapur_UP,2000.0,"{""type"":""Polygon"",""coordinates"":[[[80.6827,27.65188865951482],[80.65432489611186,27.648304228241166],[80.62821365813892,27.63783692751006],[80.60644831592248,27.621321760461107],[80.59076221562714,27.60007570752279],[80.5824017921373,27.57579215160642],[80.58202804054481,27.55040539868766],[80.58966530967456,27.525936292394455],[80.60470104991525,27.504331339767294],[80.62593600911023,27.487308156423286],[80.65168043639373,27.476219411465216],[80.6798884094853,27.47194589412773],[80.7083196513261,27.47482698506795],[80.73471627846946,27.484633887135477],[80.75698089973454,27.500587670846695],[80.77334239176797,27.521420749503058],[80.78249652101816,27.54547705329466],[80.78371033316691,27.570843153187752],[80.77688182714026,27.59550011482615],[80.76254975278471,27.61748413802902],[80.74185222925912,27.635043218148933],[80.7164370055958,27.64677725360981],[80.68833023453917,27.65175024486334],[80.6827,27.65188865951482]]]}"
0_10,0.46094775334616966,Thanjavur_TN,2000.0,"{""type"":""Polygon"",""coordinates"":[[[79.1378,10.875188659514825],[79.11220561319938,10.871606057561587],[79.08865025805501,10.861143673046127],[79.06901011946549,10.84463497285602],[79.05484882230438,10.823394917379183],[79.04729288473013,10.799115017249006],[79.04694227622454,10.773728438444333],[79.05382312589329,10.74925597180781],[79.06738619800758,10.727645173968895],[79.08655108270825,10.710615484081256],[79.10979243906202,10.699521599824196],[79.13526135250481,10.695245912106584],[79.16093216681246,10.698128477852475],[79.18476320881862,10.707940040386287],[79.2048587713819,10.723900217858345],[79.21961962497794,10.744739430341806],[79.22787019688376,10.768799694733865],[79.2289523329681,10.794166345342791],[79.22277812310269,10.818820274419672],[79.2098374513208,10.840798627064014],[79.1911594976515,10.858351168575298],[79.16823109935969,10.870079839629138],[79.14287837876381,10.87505031688434],[79.1378,10.875188659514825]]]}"
0_11,0.3065708359043922,Indore_MP,2000.0,"{""type"":""Polygon"",""coordinates"":[[[75.8577,22.809588659514823],[75.8304333345984,22.8060047981807],[75.80534111108686,22.79553902904856],[75.7844234270906,22.779025876446607],[75.76934596614853,22.75778169135814],[75.76130721413118,22.733499273523424],[75.76094359014812,22.70811257411001],[75.76827987385578,22.683642420685914],[75.78272853291536,22.66203564745301],[75.80313759833304,22.64501043795061],[75.82788293415719,22.633920092798935],[75.85499738222566,22.629645899725254],[75.88232654709061,22.632527449835756],[75.90769906966551,22.642335802980963],[75.92909821171008,22.658291577669733],[75.94482148095986,22.679126566727597],[75.95361587229772,22.703184104527992],[75.95477804814826,22.72855037666053],[75.94821135009705,22.753206394388396],[75.93443478692654,22.77518865165022],[75.91454288035347,22.792745695037475],[75.89011920035263,22.804478059300095],[75.86311026271613,22.80945026730237],[75.8577,22.809588659514823]]]}"
1_0,0.40333663245556517,Champaign_IL,2001.0,"{""type"":""Polygon"",""coordinates"":[[[-88.2434,40.206388659514815],[-88.27630939606253,40.20280245690622],[-88.30658945374208,40.192330396572295],[-88.33182318818,40.17580897080493],[-88.35000045335934,40.15455711679832],[-88.35967842160866,40.1302700290398],[-88.36009514198224,40.104883114104844],[-88.35122755239688,40.08041726331014],[-88.33379016017683,40.058817966018246],[-88.3091754810049,40.04180107402665],[-88.27934180731103,40.03071729661842],[-88.24665766137929,40.026445876753655],[-88.21371520407743,40.02932554245242],[-88.18312684795484,40.039127940018545],[-88.15732035387803,40.055075541961315],[-88.13834778202512,40.07590268692175],[-88.12772282220239,40.09995515520155],[-88.12629923651603,40.12532071598363],[-88.13420041256671,40.14998060599124],[-88.15080640146132,40.171970113193],[-88.17480045085301,40.18953552089764],[-88.20427221490087,40.20127474960526],[-88.23686993752474,40.2062501751225],[-88.2434,40.206388659514815]]]}"
1_1,0.2766278512333198,Lubbock_TX,2001.0,"{""type"":""Polygon"",""coordinates"":[[[-101.82,33.69998865951482],[-101.85021077001714,33.69640344004175],[-101.87800970265913,33.6859340213126],[-101.90117915619945,33.669416068908305],[-101.91787372456682,33.64816743387717],[-101.92676747452073,33.62388230540104],[-101.92715855695913,33.59849547959094],[-101.9190231639463,33.574027821710494],[-101.90301513842277,33.55242538612351],[-101.88041198109698,33.535405003358996],[-101.85301215452868,33.52431846990867],[-101.82299216571712,33.520045886392474],[-101.79273472404502,33.5229263427945],[-101.76464121547097,33.53273123947279],[-101.74094275942407,33.54868227132106],[-101.72352420653516,33.56951270893958],[-101.7137745920999,33.59356730607938],[-101.7124757936725,33.618933166791486],[-101.71973849029403,33.64359143245969],[-101.73499107748042,33.66557789673162],[-101.75702312925804,33.68313979292463],[-101.7840805885228,33.694876139385585],[-101.81400547801694,33.69985021383076],[-101.82,33.69998865951482]]]}"
1_2,0.43395007010735887,Yolo_CA,2001.0,"{""type"":""Polygon"",""coordinates"":[[[-121.83,38.699988659514815],[-121.86220500193224,38.69640270004724],[-121.89183744249466,38.68593129299138],[-121.91653237221968,38.66941072613869],[-121.93432264500463,38.64815966804546],[-121.94379594101612,38.623873064613385],[-121.944205990838,38.59848617153487],[-121.93552953107236,38.574019873779754],[-121.91846522948293,38.55241980048011],[-121.89437557884942,38.53540204543123],[-121.86517715498275,38.52431758667026],[-121.83318836593202,38.52004587913648],[-121.80094670920553,38.52292574030621],[-121.77100952305388,38.532728755700376],[-121.7457532471253,38.54867720563664],[-121.72718629947299,38.569505164749486],[-121.71678983163105,38.593558159534005],[-121.71539883799544,38.618923794656965],[-121.72313338252211,38.643583283173534],[-121.73938612868145,38.66557203801497],[-121.76286807291602,38.68313657738752],[-121.79170966265637,38.694875093313115],[-121.82360972422885,38.69985018469559],[-121.83,38.699988659514815]]]}"
1_3,0.39138856104990194,Lancaster_NE,2001.0,"{""type"":""Polygon"",""coordinates"":[[[-96.69000000000001,40.869988659514824],[-96.72323695876713,40.86640234635525],[-96.75381817415831,40.85592998899468],[-96.77930246216118,40.839408172716674],[-96.79765968075989,40.81815595686395],[-96.80743281691649,40.793868648942016],[-96.80785262998835,40.76848172410961],[-96.79889615438138,40.74401607654833],[-96.78128526545544,40.722417132062226],[-96.756426441196,40.7054006324294],[-96.72629737254441,40.69431716476346],[-96.69328988389252,40.69004587567048],[-96.66002155274802,40.69292545251],[-96.62913039931018,40.70272756921344],[-96.60306804759288,40.7186747856489],[-96.58390685137198,40.739501560466756],[-96.5731756321511,40.76355378935353],[-96.57173688151804,40.78891931629863],[-96.57971553546953,40.8135793888062],[-96.5964857827767,40.83556923804821],[-96.62071796901049,40.853135040541645],[-96.65048277878107,40.864874593329],[-96.68340493277856,40.86985017076981],[-96.69000000000001,40.869988659514824]]]}"
1_4,0.4091428085360418,Riley_KS,2001.0,"{""type"":""Polygon"",""coordinates"":[[[-96.73,39.40998865951482],[-96.76253040290038,39.40640258675903],[-96.79246201650948,39.39593087531545],[-96.81740585358375,39.37940990825601],[-96.83537490378686,39.3581584793034],[-96.84494275337966,39.33387165018752],[-96.84535588783787,39.30848474691015],[-96.83659113579905,39.284018657406264],[-96.81935448151191,39.26241894568736],[-96.7950222868221,39.24540159278877],[-96.76553039918639,39.23431745151507],[-96.73322037816155,39.23004587802617],[-96.70065497458346,39.23292564811241],[-96.67041696989682,39.242728375619144],[-96.64490651291429,39.258676430423044],[-96.62615218294852,39.27950401017963],[-96.61565016270376,39.30355675964753],[-96.61424411582058,39.32892236014583],[-96.62205564069923,39.353582035750215],[-96.63847157349176,39.3755711411593],[-96.66219009121731,39.39313608512792],[-96.69132279634952,39.404874933167086],[-96.72354514857467,39.409850180235146],[-96.73,39.40998865951482]]]}"
1_5,0.3759492221738642,Story_IA,2001.0,"{""type"":""Polygon"",""coordinates"":[[[-93.62000000000002,42.11998865951483],[-93.65388456873679,42.11640213195586],[-93.68506118533192,42.10592919855888],[-93.71104081992758,42.08940662497027],[-93.72975379759605,42.06815370743223],[-93.73971506354312,42.04386597261965],[-93.74014097074837,42.01847902866409],[-93.7310087506586,41.99401377526587],[-93.7130548504886,41.97241551495094],[-93.6877133543127,41.95539977614986],[-93.65700030314552,41.944316909092876],[-93.62335358572727,41.94004587357013],[-93.58944102240196,41.94292527810929],[-93.55795125364739,41.95272685020544],[-93.53138307650272,41.968673319100795],[-93.51184896373536,41.989499376137026],[-93.50090765419401,42.013551140747055],[-93.49943890248966,42.038916602006026],[-93.50757071202895,42.06357702836078],[-93.52466568743166,42.08556754087142],[-93.5493686701853,42.10313410896576],[-93.57971284199093,42.11487429025177],[-93.61327641456649,42.1198501623283],[-93.62000000000002,42.11998865951483]]]}"
1_6,0.4515088790948797,Karnal_HR,2001.0,"{""type"":""Polygon"",""coordinates"":[[[76.9905,29.775688659514824],[76.96154284003352,29.77210396251622],[76.93489647416555,29.761635947729435],[76.91268593789329,29.745119841587535],[76.89668010919358,29.72387291801383],[76.8881506236561,29.699588831766373],[76.88777141887279,29.674202054130692],[76.89556665915605,29.649733436103244],[76.91091069112841,29.62812933214356],[76.93257944713096,29.611107093151027],[76.95884870937671,29.600019093948937],[76.98763116048724,29.595745891519194],[77.01664137625148,29.598626768476873],[77.04357598717132,29.608432994290155],[77.0662952113909,29.62438585006549],[77.08299186984506,29.645218038227092],[77.09233483705388,29.669273766666574],[77.09357563658618,29.694639786052093],[77.08660950292669,29.719297187492376],[77.07198559138165,29.741282033798935],[77.05086494037764,29.7588420633809],[77.02492900566789,29.77057687797148],[76.99624574372025,29.775550234401415],[76.9905,29.775688659514824]]]}"
1_7,0.2676796703403358,Ahmedabad_GJ,2001.0,"{""type"":""Polygon"",""coordinates"":[[[72.5714,23.11248865951482],[72.54407220509292,23.108904763804446],[72.5189237867614,23.09843890229071],[72.4979593629697,23.081925628177025],[72.48284834866456,23.06068133040988],[72.47479187181345,23.036398843907776],[72.47442770306257,23.011012141248155],[72.48178059405642,22.98654205097758],[72.49626162940231,22.96493538756891],[72.51671623110752,22.947910300301352],[72.54151664580148,22.936820051691896],[72.56869137510789,22.932545899387538],[72.59608129231934,22.935427421794763],[72.62151027178292,22.94523568739352],[72.64295713125615,22.961191341968316],[72.65871559521983,22.982026215782668],[72.66752983245912,23.00608367915437],[72.6686948690047,23.031449940915078],[72.66211374761552,23.05610601559879],[72.6483065617822,23.078088379394124],[72.62837023496249,23.09564554563904],[72.6038918759963,23.10737801070426],[72.57682239409088,23.112350265948955],[72.5714,23.11248865951482]]]}"
1_8,0.2814029883124443,Raichur_KA,2001.0,"{""type"":""Polygon"",""coordinates"":[[[77.3667,16.289988659514822],[77.34051418541607,16.28640550564773],[77.31641543918332,16.275941637802667],[77.29632385919271,16.25943098618462],[77.2818391582423,16.23818912055263],[77.27411319734874,16.213908116563918],[77.27375865210034,16.188521484499873],[77.28080096845183,16.164050031507728],[77.29467720364704,16.142440997702348],[77.31428157403893,16.12541327185709],[77.33805385632719,16.1143209391278],[77.36410348976925,16.110045906678423],[77.3903595312662,16.11292802715727],[77.4147346927242,16.122738182696278],[77.43529065324269,16.13869643011127],[77.45039174517731,16.15953379136219],[77.45883496806461,16.18359286087505],[77.45994604051796,16.20895934597868],[77.45363375596571,16.233614190884982],[77.4403981050191,16.255594255114953],[77.42129124924043,16.273148769768756],[77.39783420947745,16.284879059411136],[77.3718957597642,16.2898502951556],[77.3667,16.289988659514822]]]}"
1_9,0.4029981347988864,Sitapur_UP,2001.0,"{""type"":""Polygon"",""coordinates"":[[[80.6827,27.65188865951482],[80.65432489611186,27.648304228241166],[80.62821365813892,27.63783692751006],[80.60644831592248,27.621321760461107],[80.59076221562714,27.60007570752279],[80.5824017921373,27.57579215160642],[80.58202804054481,27.55040539868766],[80.58966530967456,27.525936292394455],[80.60470104991525,27.504331339767294],[80.62593600911023,27.487308156423286],[80.65168043639373,27.476219411465216],[80.6798884094853,27.47194589412773],[80.7083196513261,27.47482698506795],[80.73471627846946,27.484633887135477],[80.75698089973454,27.500587670846695],[80.77334239176797,27.521420749503058],[80.78249652101816,27.54547705329466],[80.78371033316691,27.570843153187752],[80.77688182714026,27.59550011482615],[80.76254975278471,27.61748413802902],[80.74185222925912,27.635043218148933],[80.7164370055958,27.64677725360981],[80.68833023453917,27.65175024486334],[80.6827,27.65188865951482]]]}"
1_10,0.47121873287507077,Thanjavur_TN,2001.0,"{""type"":""Polygon"",""coordinates"":[[[79.1378,10.875188659514825],[79.11220561319938,10.871606057561587],[79.08865025805501,10.861143673046127],[79.06901011946549,10.84463497285602],[79.05484882230438,10.823394917379183],[79.04729288473013,10.799115017249006],[79.04694227622454,10.773728438444333],[79.05382312589329,10.74925597180781],[79.06738619800758,10.727645173968895],[79.08655108270825,10.710615484081256],[79.10979243906202,10.699521599824196],[79.13526135250481,10.695245912106584],[79.16093216681246,10.698128477852475],[79.18476320881862,10.707940040386287],[79.2048587713819,10.723900217858345],[79.21961962497794,10.744739430341806],[79.22787019688376,10.768799694733865],[79.2289523329681,10.794166345342791],[79.22277812310269,10.818820274419672],[79.2098374513208,10.840798627064014],[79.1911594976515,10.858351168575298],[79.16823109935969,10.870079839629138],[79.14287837876381,10.87505031688434],[79.1378,10.875188659514825]]]}"
1_11,0.2923961392718286,Indore_MP,2001.0,"{""type"":""Polygon"",""coordinates"":[[[75.8577,22.809588659514823],[75.8304333345984,22.8060047981807],[75.80534111108686,22.79553902904856],[75.7844234270906,22.779025876446607],[75.76934596614853,22.75778169135814],[75.76130721413118,22.733499273523424],[75.76094359014812,22.70811257411001],[75.76827987385578,22.683642420685914],[75.78272853291536,22.66203564745301],[75.80313759833304,22.64501043795061],[75.82788293415719,22.633920092798935],[75.85499738222566,22.629645899725254],[75.88232654709061,22.632527449835756],[75.90769906966551,22.642335802980963],[75.92909821171008,22.658291577669733],[75.94482148095986,22.679126566727597],[75.95361587229772,22.703184104527992],[75.95477804814826,22.72855037666053],[75.94821135009705,22.753206394388396],[75.93443478692654,22.77518865165022],[75.91454288035347,22.792745695037475],[75.89011920035263,22.804478059300095],[75.86311026271613,22.80945026730237],[75.8577,22.809588659514823]]]}"
2_0,0.42487331386294924,Champaign_IL,2002.0,"{""type"":""Polygon"",""coordinates"":[[[-88.2434,40.206388659514815],[-88.27630939606253,40.20280245690622],[-88.30658945374208,40.192330396572295],[-88.33182318818,40.17580897080493],[-88.35000045335934,40.15455711679832],[-88.35967842160866,40.1302700290398],[-88.36009514198224,40.104883114104844],[-88.35122755239688,40.08041726331014],[-88.33379016017683,40.058817966018246],[-88.3091754810049,40.04180107402665],[-88.27934180731103,40.03071729661842],[-88.24665766137929,40.026445876753655],[-88.21371520407743,40.02932554245242],[-88.18312684795484,40.039127940018545],[-88.15732035387803,40.055075541961315],[-88.13834778202512,40.07590268692175],[-88.12772282220239,40.09995515520155],[-88.12629923651603,40.12532071598363],[-88.13420041256671,40.14998060599124],[-88.15080640146132,40.171970113193],[-88.17480045085301,40.18953552089764],[-88.20427221490087,40.20127474960526],[-88.23686993752474,40.2062501751225],[-88.2434,40.206388659514815]]]}"
2_1,0.28913269068357106,Lubbock_TX,2002.0,"{""type"":""Polygon"",""coordinates"":[[[-101.82,33.69998865951482],[-101.85021077001714,33.69640344004175],[-101.87800970265913,33.6859340213126],[-101.90117915619945,33.669416068908305],[-101.91787372456682,33.64816743387717],[-101.92676747452073,33.62388230540104],[-101.92715855695913,33.59849547959094],[-101.9190231639463,33.574027821710494],[-101.90301513842277,33.55242538612351],[-101.88041198109698,33.535405003358996],[-101.85301215452868,33.52431846990867],[-101.82299216571712,33.520045886392474],[-101.79273472404502,33.5229263427945],[-101.76464121547097,33.53273123947279],[-101.74094275942407,33.54868227132106],[-101.72352420653516,33.56951270893958],[-101.7137745920999,33.59356730607938],[-101.7124757936725,33.618933166791486],[-101.71973849029403,33.64359143245969],[-101.73499107748042,33.66557789673162],[-101.75702312925804,33.68313979292463],[-101.7840805885228,33.694876139385585],[-101.81400547801694,33.69985021383076],[-101.82,33.69998865951482]]]}"
2_2,0.4442603425208289,Yolo_CA,2002.0,"{""type"":""Polygon"",""coordinates"":[[[-121.83,38.699988659514815],[-121.86220500193224,38.69640270004724],[-121.89183744249466,38.68593129299138],[-121.91653237221968,38.66941072613869],[-121.93432264500463,38.64815966804546],[-121.94379594101612,38.623873064613385],[-121.944205990838,38.59848617153487],[-121.93552953107236,38.574019873779754],[-121.91846522948293,38.55241980048011],[-121.89437557884942,38.53540204543123],[-121.86517715498275,38.52431758667026],[-121.83318836593202,38.52004587913648],[-121.80094670920553,38.52292574030621],[-121.77100952305388,38.532728755700376],[-121.7457532471253,38.54867720563664],[-121.72718629947299,38.569505164749486],[-121.71678983163105,38.593558159534005],[-121.71539883799544,38.618923794656965],[-121.72313338252211,38.643583283173534],[-121.73938612868145,38.66557203801497],[-121.76286807291602,38.68313657738752],[-121.79170966265637,38.694875093313115],[-121.82360972422885,38.69985018469559],[-121.83,38.699988659514815]]]}"
2_3,0.4063305004453404,Lancaster_NE,2002.0,"{""type"":""Polygon"",""coordinates"":[[[-96.69000000000001,40.869988659514824],[-96.72323695876713,40.86640234635525],[-96.75381817415831,40.85592998899468],[-96.77930246216118,40.839408172716674],[-96.79765968075989,40.81815595686395],[-96.80743281691649,40.793868648942016],[-96.80785262998835,40.76848172410961],[-96.79889615438138,40.74401607654833],[-96.78128526545544,40.722417132062226],[-96.756426441196,40.7054006324294],[-96.72629737254441,40.69431716476346],[-96.69328988389252,40.69004587567048],[-96.66002155274802,40.69292545251],[-96.62913039931018,40.70272756921344],[-96.60306804759288,40.7186747856489],[-96.58390685137198,40.739501560466756],[-96.5731756321511,40.76355378935353],[-96.57173688151804,40.78891931629863],[-96.57971553546953,40.8135793888062],[-96.5964857827767,40.83556923804821],[-96.62071796901049,40.853135040541645],[-96.65048277878107,40.864874593329],[-96.68340493277856,40.86985017076981],[-96.69000000000001,40.869988659514824]]]}"
2_4,0.4042611866114998,Riley_KS,2002.0,"{""type"":""Polygon"",""coordinates"":[[[-96.73,39.40998865951482],[-96.76253040290038,39.40640258675903],[-96.79246201650948,39.39593087531545],[-96.81740585358375,39.37940990825601],[-96.83537490378686,39.3581584793034],[-96.84494275337966,39.33387165018752],[-96.84535588783787,39.30848474691015],[-96.83659113579905,39.284018657406264],[-96.81935448151191,39.26241894568736],[-96.7950222868221,39.24540159278877],[-96.76553039918639,39.23431745151507],[-96.73322037816155,39.23004587802617],[-96.70065497458346,39.23292564811241],[-96.67041696989682,39.242728375619144],[-96.64490651291429,39.258676430423044],[-96.62615218294852,39.27950401017963],[-96.61565016270376,39.30355675964753],[-96.61424411582058,39.32892236014583],[-96.62205564069923,39.353582035750215],[-96.63847157349176,39.3755711411593],[-96.66219009121731,39.39313608512792],[-96.69132279634952,39.404874933167086],[-96.72354514857467,39.409850180235146],[-96.73,39.40998865951482]]]}"
2_5,0.43323029835686033,Story_IA,2002.0,"{""type"":""Polygon"",""coordinates"":[[[-93.62000000000002,42.11998865951483],[-93.65388456873679,42.11640213195586],[-93.68506118533192,42.10592919855888],[-93.71104081992758,42.08940662497027],[-93.72975379759605,42.06815370743223],[-93.73971506354312,42.04386597261965],[-93.74014097074837,42.01847902866409],[-93.7310087506586,41.99401377526587],[-93.7130548504886,41.97241551495094],[-93.6877133543127,41.95539977614986],[-93.65700030314552,41.944316909092876],[-93.62335358572727,41.94004587357013],[-93.58944102240196,41.94292527810929],[-93.55795125364739,41.95272685020544],[-93.53138307650272,41.968673319100795],[-93.51184896373536,41.989499376137026],[-93.50090765419401,42.013551140747055],[-93.49943890248966,42.038916602006026],[-93.50757071202895,42.06357702836078],[-93.52466568743166,42.08556754087142],[-93.5493686701853,42.10313410896576],[-93.57971284199093,42.11487429025177],[-93.61327641456649,42.1198501623283],[-93.62000000000002,42.11998865951483]]]}"
2_6,0.4541296251704176,Karnal_HR,2002.0,"{""type"":""Polygon"",""coordinates"":[[[76.9905,29.775688659514824],[76.96154284003352,29.77210396251622],[76.93489647416555,29.761635947729435],[76.91268593789329,29.745119841587535],[76.89668010919358,29.72387291801383],[76.8881506236561,29.699588831766373],[76.88777141887279,29.674202054130692],[76.89556665915605,29.649733436103244],[76.91091069112841,29.62812933214356],[76.93257944713096,29.611107093151027],[76.95884870937671,29.600019093948937],[76.98763116048724,29.595745891519194],[77.01664137625148,29.598626768476873],[77.04357598717132,29.608432994290155],[77.0662952113909,29.62438585006549],[77.08299186984506,29.645218038227092],[77.09233483705388,29.669273766666574],[77.09357563658618,29.694639786052093],[77.08660950292669,29.719297187492376],[77.07198559138165,29.741282033798935],[77.05086494037764,29.7588420633809],[77.02492900566789,29.77057687797148],[76.99624574372025,29.775550234401415],[76.9905,29.775688659514824]]]}"
2_7,0.2562444391966846,Ahmedabad_GJ,2002.0,"{""type"":""Polygon"",""coordinates"":[[[72.5714,23.11248865951482],[72.54407220509292,23.108904763804446],[72.5189237867614,23.09843890229071],[72.4979593629697,23.081925628177025],[72.48284834866456,23.06068133040988],[72.47479187181345,23.036398843907776],[72.47442770306257,23.011012141248155],[72.48178059405642,22.98654205097758],[72.49626162940231,22.96493538756891],[72.51671623110752,22.947910300301352],[72.54151664580148,22.936820051691896],[72.56869137510789,22.932545899387538],[72.59608129231934,22.935427421794763],[72.62151027178292,22.94523568739352],[72.64295713125615,22.961191341968316],[72.65871559521983,22.982026215782668],[72.66752983245912,23.00608367915437],[72.6686948690047,23.031449940915078],[72.66211374761552,23.05610601559879],[72.6483065617822,23.078088379394124],[72.62837023496249,23.09564554563904],[72.6038918759963,23.10737801070426],[72.57682239409088,23.112350265948955],[72.5714,23.11248865951482]]]}"
2_8,0.30710841041235826,Raichur_KA,2002.0,"{""type"":""Polygon"",""coordinates"":[[[77.3667,16.289988659514822],[77.34051418541607,16.28640550564773],[77.31641543918332,16.275941637802667],[77.29632385919271,16.25943098618462],[77.2818391582423,16.23818912055263],[77.27411319734874,16.213908116563918],[77.27375865210034,16.188521484499873],[77.28080096845183,16.164050031507728],[77.29467720364704,16.142440997702348],[77.31428157403893,16.12541327185709],[77.33805385632719,16.1143209391278],[77.36410348976925,16.110045906678423],[77.3903595312662,16.11292802715727],[77.4147346927242,16.122738182696278],[77.43529065324269,16.13869643011127],[77.45039174517731,16.15953379136219],[77.45883496806461,16.18359286087505],[77.45994604051796,16.20895934597868],[77.45363375596571,16.233614190884982],[77.4403981050191,16.255594255114953],[77.42129124924043,16.273148769768756],[77.39783420947745,16.284879059411136],[77.3718957597642,16.2898502951556],[77.3667,16.289988659514822]]]}"
2_9,0.4073856556301415,Sitapur_UP,2002.0,"{""type"":""Polygon"",""coordinates"":[[[80.6827,27.65188865951482],[80.65432489611186,27.648304228241166],[80.62821365813892,27.63783692751006],[80.60644831592248,27.621321760461107],[80.59076221562714,27.60007570752279],[80.5824017921373,27.57579215160642],[80.58202804054481,27.55040539868766],[80.58966530967456,27.525936292394455],[80.60470104991525,27.504331339767294],[80.62593600911023,27.487308156423286],[80.65168043639373,27.476219411465216],[80.6798884094853,27.47194589412773],[80.7083196513261,27.47482698506795],[80.73471627846946,27.484633887135477],[80.75698089973454,27.500587670846695],[80.77334239176797,27.521420749503058],[80.78249652101816,27.54547705329466],[80.78371033316691,27.570843153187752],[80.77688182714026,27.59550011482615],[80.76254975278471,27.61748413802902],[80.74185222925912,27.635043218148933],[80.7164370055958,27.64677725360981],[80.68833023453917,27.65175024486334],[80.6827,27.65188865951482]]]}"
2_10,0.45198784323642166,Thanjavur_TN,2002.0,"{""type"":""Polygon"",""coordinates"":[[[79.1378,10.875188659514825],[79.11220561319938,10.871606057561587],[79.08865025805501,10.861143673046127],[79.06901011946549,10.84463497285602],[79.05484882230438,10.823394917379183],[79.04729288473013,10.799115017249006],[79.04694227622454,10.773728438444333],[79.05382312589329,10.74925597180781],[79.06738619800758,10.727645173968895],[79.08655108270825,10.710615484081256],[79.10979243906202,10.699521599824196],[79.13526135250481,10.695245912106584],[79.16093216681246,10.698128477852475],[79.18476320881862,10.707940040386287],[79.2048587713819,10.723900217858345],[79.21961962497794,10.744739430341806],[79.22787019688376,10.768799694733865],[79.2289523329681,10.794166345342791],[79.22277812310269,10.818820274419672],[79.2098374513208,10.840798627064014],[79.1911594976515,10.858351168575298],[79.16823109935969,10.870079839629138],[79.14287837876381,10.87505031688434],[79.1378,10.875188659514825]]]}"
2_11,0.29932589541935567,Indore_MP,2002.0,"{""type"":""Polygon"",""coordinates"":[[[75.8577,22.809588659514823],[75.8304333345984,22.8060047981807],[75.80534111108686,22.79553902904856],[75.7844234270906,22.779025876446607],[75.76934596614853,22.75778169135814],[75.76130721413118,22.733499273523424],[75.76094359014812,22.70811257411001],[75.76827987385578,22.683642420685914],[75.78272853291536,22.66203564745301],[75.80313759833304,22.64501043795061],[75.82788293415719,22.633920092798935],[75.85499738222566,22.629645899725254],[75.88232654709061,22.632527449835756],[75.90769906966551,22.642335802980963],[75.92909821171008,22.658291577669733],[75.94482148095986,22.679126566727597],[75.95361587229772,22.703184104527992],[75.95477804814826,22.72855037666053],[75.94821135009705,22.753206394388396],[75.93443478692654,22.77518865165022],[75.91454288035347,22.792745695037475],[75.89011920035263,22.804478059300095],[75.86311026271613,22.80945026730237],[75.8577,22.809588659514823]]]}"
3_0,0.4094964934408813,Champaign_IL,2003.0,"{""type"":""Polygon"",""coordinates"":[[[-88.2434,40.206388659514815],[-88.27630939606253,40.20280245690622],[-88.30658945374208,40.192330396572295],[-88.33182318818,40.17580897080493],[-88.35000045335934,40.15455711679832],[-88.35967842160866,40.1302700290398],[-88.36009514198224,40.104883114104844],[-88.35122755239688,40.08041726331014],[-88.33379016017683,40.058817966018246],[-88.3091754810049,40.04180107402665],[-88.27934180731103,40.03071729661842],[-88.24665766137929,40.026445876753655],[-88.21371520407743,40.02932554245242],[-88.18312684795484,40.039127940018545],[-88.15732035387803,40.055075541961315],[-88.13834778202512,40.07590268692175],[-88.12772282220239,40.09995515520155],[-88.12629923651603,40.12532071598363],[-88.13420041256671,40.14998060599124],[-88.15080640146132,40.171970113193],[-88.17480045085301,40.18953552089764],[-88.20427221490087,40.20127474960526],[-88.23686993752474,40.2062501751225],[-88.2434,40.206388659514815]]]}"
3_1,0.2788388913061898,Lubbock_TX,2003.0,"{""type"":""Polygon"",""coordinates"":[[[-101.82,33.69998865951482],[-101.85021077001714,33.69640344004175],[-101.87800970265913,33.6859340213126],[-101.90117915619945,33.669416068908305],[-101.91787372456682,33.64816743387717],[-101.92676747452073,33.62388230540104],[-101.92715855695913,33.59849547959094],[-101.9190231639463,33.574027821710494],[-101.90301513842277,33.55242538612351],[-101.88041198109698,33.535405003358996],[-101.85301215452868,33.52431846990867],[-101.82299216571712,33.520045886392474],[-101.79273472404502,33.5229263427945],[-101.76464121547097,33.53273123947279],[-101.74094275942407,33.54868227132106],[-101.72352420653516,33.56951270893958],[-101.7137745920999,33.59356730607938],[-101.7124757936725,33.618933166791486],[-101.71973849029403,33.64359143245969],[-101.73499107748042,33.66557789673162],[-101.75702312925804,33.68313979292463],[-101.7840805885228,33.694876139385585],[-101.81400547801694,33.69985021383076],[-101.82,33.69998865951482]]]}"
3_2,0.4580485611535369,Yolo_CA,2003.0,"{""type"":""Polygon"",""coordinates"":[[[-121.83,38.699988659514815],[-121.86220500193224,38.69640270004724],[-121.89183744249466,38.68593129299138],[-121.91653237221968,38.66941072613869],[-121.93432264500463,38.64815966804546],[-121.94379594101612,38.623873064613385],[-121.944205990838,38.59848617153487],[-121.93552953107236,38.574019873779754],[-121.91846522948293,38.55241980048011],[-121.89437557884942,38.53540204543123],[-121.86517715498275,38.52431758667026],[-121.83318836593202,38.52004587913648],[-121.80094670920553,38.52292574030621],[-121.77100952305388,38.532728755700376],[-121.7457532471253,38.54867720563664],[-121.72718629947299,38.569505164749486],[-121.71678983163105,38.593558159534005],[-121.71539883799544,38.618923794656965],[-121.72313338252211,38.643583283173534],[-121.73938612868145,38.66557203801497],[-121.76286807291602,38.68313657738752],[-121.79170966265637,38.694875093313115],[-121.82360972422885,38.69985018469559],[-121.83,38.699988659514815]]]}"
3_3,0.40063440469137523,Lancaster_NE,2003.0,"{""type"":""Polygon"",""coordinates"":[[[-96.69000000000001,40.869988659514824],[-96.72323695876713,40.86640234635525],[-96.75381817415831,40.85592998899468],[-96.77930246216118,40.839408172716674],[-96.79765968075989,40.81815595686395],[-96.80743281691649,40.793868648942016],[-96.80785262998835,40.76848172410961],[-96.79889615438138,40.74401607654833],[-96.78128526545544,40.722417132062226],[-96.756426441196,40.7054006324294],[-96.72629737254441,40.69431716476346],[-96.69328988389252,40.69004587567048],[-96.66002155274802,40.69292545251],[-96.62913039931018,40.70272756921344],[-96.60306804759288,40.7186747856489],[-96.58390685137198,40.739501560466756],[-96.5731756321511,40.76355378935353],[-96.57173688151804,40.78891931629863],[-96.57971553546953,40.8135793888062],[-96.5964857827767,40.83556923804821],[-96.62071796901049,40.853135040541645],[-96.65048277878107,40.864874593329],[-96.68340493277856,40.86985017076981],[-96.69000000000001,40.869988659514824]]]}"
3_4,0.42317327916423525,Riley_KS,2003.0,"{""type"":""Polygon"",""coordinates"":[[[-96.73,39.40998865951482],[-96.76253040290038,39.40640258675903],[-96.79246201650948,39.39593087531545],[-96.81740585358375,39.37940990825601],[-96.83537490378686,39.3581584793034],[-96.84494275337966,39.33387165018752],[-96.84535588783787,39.30848474691015],[-96.83659113579905,39.284018657406264],[-96.81935448151191,39.26241894568736],[-96.7950222868221,39.24540159278877],[-96.76553039918639,39.23431745151507],[-96.73322037816155,39.23004587802617],[-96.70065497458346,39.23292564811241],[-96.67041696989682,39.242728375619144],[-96.64490651291429,39.258676430423044],[-96.62615218294852,39.27950401017963],[-96.61565016270376,39.30355675964753],[-96.61424411582058,39.32892236014583],[-96.62205564069923,39.353582035750215],[-96.63847157349176,39.3755711411593],[-96.66219009121731,39.39313608512792],[-96.69132279634952,39.404874933167086],[-96.72354514857467,39.409850180235146],[-96.73,39.40998865951482]]]}"
3_5,0.38735968936957077,Story_IA,2003.0,"{""type"":""Polygon"",""coordinates"":[[[-93.62000000000002,42.11998865951483],[-93.65388456873679,42.11640213195586],[-93.68506118533192,42.10592919855888],[-93.71104081992758,42.08940662497027],[-93.72975379759605,42.06815370743223],[-93.73971506354312,42.04386597261965],[-93.74014097074837,42.01847902866409],[-93.7310087506586,41.99401377526587],[-93.7130548504886,41.97241551495094],[-93.6877133543127,41.95539977614986],[-93.65700030314552,41.944316909092876],[-93.62335358572727,41.94004587357013],[-93.58944102240196,41.94292527810929],[-93.55795125364739,41.95272685020544],[-93.53138307650272,41.968673319100795],[-93.51184896373536,41.989499376137026],[-93.50090765419401,42.013551140747055],[-93.49943890248966,42.038916602006026],[-93.50757071202895,42.06357702836078],[-93.52466568743166,42.08556754087142],[-93.5493686701853,42.10313410896576],[-93.57971284199093,42.11487429025177],[-93.61327641456649,42.1198501623283],[-93.62000000000002,42.11998865951483]]]}"
3_6,0.4586143625472,Karnal_HR,2003.0,"{""type"":""Polygon"",""coordinates"":[[[76.9905,29.775688659514824],[76.96154284003352,29.77210396251622],[76.93489647416555,29.761635947729435],[76.91268593789329,29.745119841587535],[76.89668010919358,29.72387291801383],[76.8881506236561,29.699588831766373],[76.88777141887279,29.674202054130692],[76.89556665915605,29.649733436103244],[76.91091069112841,29.62812933214356],[76.93257944713096,29.611107093151027],[76.95884870937671,29.600019093948937],[76.98763116048724,29.595745891519194],[77.01664137625148,29.598626768476873],[77.04357598717132,29.608432994290155],[77.0662952113909,29.62438585006549],[77.08299186984506,29.645218038227092],[77.09233483705388,29.669273766666574],[77.09357563658618,29.694639786052093],[77.08660950292669,29.719297187492376],[77.07198559138165,29.741282033798935],[77.05086494037764,29.7588420633809],[77.02492900566789,29.77057687797148],[76.99624574372025,29.775550234401415],[76.9905,29.775688659514824]]]}"
3_7,0.2626365890072128,Ahmedabad_GJ,2003.0,"{""type"":""Polygon"",""coordinates"":[[[72.5714,23.11248865951482],[72.54407220509292,23.108904763804446],[72.5189237867614,23.09843890229071],[72.4979593629697,23.081925628177025],[72.48284834866456,23.06068133040988],[72.47479187181345,23.036398843907776],[72.47442770306257,23.011012141248155],[72.48178059405642,22.98654205097758],[72.49626162940231,22.96493538756891],[72.51671623110752,22.947910300301352],[72.54151664580148,22.936820051691896],[72.56869137510789,22.932545899387538],[72.59608129231934,22.935427421794763],[72.62151027178292,22.94523568739352],[72.64295713125615,22.961191341968316],[72.65871559521983,22.982026215782668],[72.66752983245912,23.00608367915437],[72.6686948690047,23.031449940915078],[72.66211374761552,23.05610601559879],[72.6483065617822,23.078088379394124],[72.62837023496249,23.09564554563904],[72.6038918759963,23.10737801070426],[72.57682239409088,23.112350265948955],[72.5714,23.11248865951482]]]}"
3_8,0.31513137004215563,Raichur_KA,2003.0,"{""type"":""Polygon"",""coordinates"":[[[77.3667,16.289988659514822],[77.34051418541607,16.28640550564773],[77.31641543918332,16.275941637802667],[77.29632385919271,16.25943098618462],[77.2818391582423,16.23818912055263],[77.27411319734874,16.213908116563918],[77.27375865210034,16.188521484499873],[77.28080096845183,16.164050031507728],[77.29467720364704,16.142440997702348],[77.31428157403893,16.12541327185709],[77.33805385632719,16.1143209391278],[77.36410348976925,16.110045906678423],[77.3903595312662,16.11292802715727],[77.4147346927242,16.122738182696278],[77.43529065324269,16.13869643011127],[77.45039174517731,16.15953379136219],[77.45883496806461,16.18359286087505],[77.45994604051796,16.20895934597868],[77.45363375596571,16.233614190884982],[77.4403981050191,16.255594255114953],[77.42129124924043,16.273148769768756],[77.39783420947745,16.284879059411136],[77.3718957597642,16.2898502951556],[77.3667,16.289988659514822]]]}"
3_9,0.41419688382691405,Sitapur_UP,2003.0,"{""type"":""Polygon"",""coordinates"":[[[80.6827,27.65188865951482],[80.65432489611186,27.648304228241166],[80.62821365813892,27.63783692751006],[80.60644831592248,27.621321760461107],[80.59076221562714,27.60007570752279],[80.5824017921373,27.57579215160642],[80.58202804054481,27.55040539868766],[80.58966530967456,27.525936292394455],[80.60470104991525,27.504331339767294],[80.62593600911023,27.487308156423286],[80.65168043639373,27.476219411465216],[80.6798884094853,27.47194589412773],[80.7083196513261,27.47482698506795],[80.73471627846946,27.484633887135477],[80.75698089973454,27.500587670846695],[80.77334239176797,27.521420749503058],[80.78249652101816,27.54547705329466],[80.78371033316691,27.570843153187752],[80.77688182714026,27.59550011482615],[80.76254975278471,27.61748413802902],[80.74185222925912,27.635043218148933],[80.7164370055958,27.64677725360981],[80.68833023453917,27.65175024486334],[80.6827,27.65188865951482]]]}"
3_10,0.46346987016906316,Thanjavur_TN,2003.0,"{""type"":""Polygon"",""coordinates"":[[[79.1378,10.875188659514825],[79.11220561319938,10.871606057561587],[79.08865025805501,10.861143673046127],[79.06901011946549,10.84463497285602],[79.05484882230438,10.823394917379183],[79.04729288473013,10.799115017249006],[79.04694227622454,10.773728438444333],[79.05382312589329,10.74925597180781],[79.06738619800758,10.727645173968895],[79.08655108270825,10.710615484081256],[79.10979243906202,10.699521599824196],[79.13526135250481,10.695245912106584],[79.16093216681246,10.698128477852475],[79.18476320881862,10.707940040386287],[79.2048587713819,10.723900217858345],[79.21961962497794,10.744739430341806],[79.22787019688376,10.768799694733865],[79.2289523329681,10.794166345342791],[79.22277812310269,10.818820274419672],[79.2098374513208,10.840798627064014],[79.1911594976515,10.858351168575298],[79.16823109935969,10.870079839629138],[79.14287837876381,10.87505031688434],[79.1378,10.875188659514825]]]}"
3_11,0.30209219504860985,Indore_MP,2003.0,"{""type"":""Polygon"",""coordinates"":[[[75.8577,22.809588659514823],[75.8304333345984,22.8060047981807],[75.80534111108686,22.79553902904856],[75.7844234270906,22.779025876446607],[75.76934596614853,22.75778169135814],[75.76130721413118,22.733499273523424],[75.76094359014812,22.70811257411001],[75.76827987385578,22.683642420685914],[75.78272853291536,22.66203564745301],[75.80313759833304,22.64501043795061],[75.82788293415719,22.633920092798935],[75.85499738222566,22.629645899725254],[75.88232654709061,22.632527449835756],[75.90769906966551,22.642335802980963],[75.92909821171008,22.658291577669733],[75.94482148095986,22.679126566727597],[75.95361587229772,22.703184104527992],[75.95477804814826,22.72855037666053],[75.94821135009705,22.753206394388396],[75.93443478692654,22.77518865165022],[75.91454288035347,22.792745695037475],[75.89011920035263,22.804478059300095],[75.86311026271613,22.80945026730237],[75.8577,22.809588659514823]]]}"
4_0,0.4215562651210449,Champaign_IL,2004.0,"{""type"":""Polygon"",""coordinates"":[[[-88.2434,40.206388659514815],[-88.27630939606253,40.20280245690622],[-88.30658945374208,40.192330396572295],[-88.33182318818,40.17580897080493],[-88.35000045335934,40.15455711679832],[-88.35967842160866,40.1302700290398],[-88.36009514198224,40.104883114104844],[-88.35122755239688,40.08041726331014],[-88.33379016017683,40.058817966018246],[-88.3091754810049,40.04180107402665],[-88.27934180731103,40.03071729661842],[-88.24665766137929,40.026445876753655],[-88.21371520407743,40.02932554245242],[-88.18312684795484,40.039127940018545],[-88.15732035387803,40.055075541961315],[-88.13834778202512,40.07590268692175],[-88.12772282220239,40.09995515520155],[-88.12629923651603,40.12532071598363],[-88.13420041256671,40.14998060599124],[-88.15080640146132,40.171970113193],[-88.17480045085301,40.18953552089764],[-88.20427221490087,40.20127474960526],[-88.23686993752474,40.2062501751225],[-88.2434,40.206388659514815]]]}"
4_1,0.32327986709849105,Lubbock_TX,2004.0,"{""type"":""Polygon"",""coordinates"":[[[-101.82,33.69998865951482],[-101.85021077001714,33.69640344004175],[-101.87800970265913,33.6859340213126],[-101.90117915619945,33.669416068908305],[-101.91787372456682,33.64816743387717],[-101.92676747452073,33.62388230540104],[-101.92715855695913,33.59849547959094],[-101.9190231639463,33.574027821710494],[-101.90301513842277,33.55242538612351],[-101.88041198109698,33.535405003358996],[-101.85301215452868,33.52431846990867],[-101.82299216571712,33.520045886392474],[-101.79273472404502,33.5229263427945],[-101.76464121547097,33.53273123947279],[-101.74094275942407,33.54868227132106],[-101.72352420653516,33.56951270893958],[-101.7137745920999,33.59356730607938],[-101.7124757936725,33.618933166791486],[-101.71973849029403,33.64359143245969],[-101.73499107748042,33.66557789673162],[-101.75702312925804,33.68313979292463],[-101.7840805885228,33.694876139385585],[-101.81400547801694,33.69985021383076],[-101.82,33.69998865951482]]]}"
4_2,0.4613245125714901,Yolo_CA,2004.0,"{""type"":""Polygon"",""coordinates"":[[[-121.83,38.699988659514815],[-121.86220500193224,38.69640270004724],[-121.89183744249466,38.68593129299138],[-121.91653237221968,38.66941072613869],[-121.93432264500463,38.64815966804546],[-121.94379594101612,38.623873064613385],[-121.944205990838,38.59848617153487],[-121.93552953107236,38.574019873779754],[-121.91846522948293,38.55241980048011],[-121.89437557884942,38.53540204543123],[-121.86517715498275,38.52431758667026],[-121.83318836593202,38.52004587913648],[-121.80094670920553,38.52292574030621],[-121.77100952305388,38.532728755700376],[-121.7457532471253,38.54867720563664],[-121.72718629947299,38.569505164749486],[-121.71678983163105,38.593558159534005],[-121.71539883799544,38.618923794656965],[-121.72313338252211,38.643583283173534],[-121.73938612868145,38.66557203801497],[-121.76286807291602,38.68313657738752],[-121.79170966265637,38.694875093313115],[-121.82360972422885,38.69985018469559],[-121.83,38.699988659514815]]]}"
4_3,0.4074767352530602,Lancaster_NE,2004.0,"{""type"":""Polygon"",""coordinates"":[[[-96.69000000000001,40.869988659514824],[-96.72323695876713,40.86640234635525],[-96.75381817415831,40.85592998899468],[-96.77930246216118,40.839408172716674],[-96.79765968075989,40.81815595686395],[-96.80743281691649,40.793868648942016],[-96.80785262998835,40.76848172410961],[-96.79889615438138,40.74401607654833],[-96.78128526545544,40.722417132062226],[-96.756426441196,40.7054006324294],[-96.72629737254441,40.69431716476346],[-96.69328988389252,40.69004587567048],[-96.66002155274802,40.69292545251],[-96.62913039931018,40.70272756921344],[-96.60306804759288,40.7186747856489],[-96.58390685137198,40.739501560466756],[-96.5731756321511,40.76355378935353],[-96.57173688151804,40.78891931629863],[-96.57971553546953,40.8135793888062],[-96.5964857827767,40.83556923804821],[-96.62071796901049,40.853135040541645],[-96.65048277878107,40.864874593329],[-96.68340493277856,40.86985017076981],[-96.69000000000001,40.869988659514824]]]}"
4_4,0.4179772935340153,Riley_KS,2004.0,"{""type"":""Polygon"",""coordinates"":[[[-96.73,39.40998865951482],[-96.76253040290038,39.40640258675903],[-96.79246201650948,39.39593087531545],[-96.81740585358375,39.37940990825601],[-96.83537490378686,39.3581584793034],[-96.84494275337966,39.33387165018752],[-96.84535588783787,39.30848474691015],[-96.83659113579905,39.284018657406264],[-96.81935448151191,39.26241894568736],[-96.7950222868221,39.24540159278877],[-96.76553039918639,39.23431745151507],[-96.73322037816155,39.23004587802617],[-96.70065497458346,39.23292564811241],[-96.67041696989682,39.242728375619144],[-96.64490651291429,39.258676430423044],[-96.62615218294852,39.27950401017963],[-96.61565016270376,39.30355675964753],[-96.61424411582058,39.32892236014583],[-96.62205564069923,39.353582035750215],[-96.63847157349176,39.3755711411593],[-96.66219009121731,39.39313608512792],[-96.69132279634952,39.404874933167086],[-96.72354514857467,39.409850180235146],[-96.73,39.40998865951482]]]}"
4_5,0.4134458215028858,Story_IA,2004.0,"{""type"":""Polygon"",""coordinates"":[[[-93.62000000000002,42.11998865951483],[-93.65388456873679,42.11640213195586],[-93.68506118533192,42.10592919855888],[-93.71104081992758,42.08940662497027],[-93.72975379759605,42.06815370743223],[-93.73971506354312,42.04386597261965],[-93.74014097074837,42.01847902866409],[-93.7310087506586,41.99401377526587],[-93.7130548504886,41.97241551495094],[-93.6877133543127,41.95539977614986],[-93.65700030314552,41.944316909092876],[-93.62335358572727,41.94004587357013],[-93.58944102240196,41.94292527810929],[-93.55795125364739,41.95272685020544],[-93.53138307650272,41.968673319100795],[-93.51184896373536,41.989499376137026],[-93.50090765419401,42.013551140747055],[-93.49943890248966,42.038916602006026],[-93.50757071202895,42.06357702836078],[-93.52466568743166,42.08556754087142],[-93.5493686701853,42.10313410896576],[-93.57971284199093,42.11487429025177],[-93.61327641456649,42.1198501623283],[-93.62000000000002,42.11998865951483]]]}"
4_6,0.4591116643778831,Karnal_HR,2004.0,"{""type"":""Polygon"",""coordinates"":[[[76.9905,29.775688659514824],[76.96154284003352,29.77210396251622],[76.93489647416555,29.761635947729435],[76.91268593789329,29.745119841587535],[76.89668010919358,29.72387291801383],[76.8881506236561,29.699588831766373],[76.88777141887279,29.674202054130692],[76.89556665915605,29.649733436103244],[76.91091069112841,29.62812933214356],[76.93257944713096,29.611107093151027],[76.95884870937671,29.600019093948937],[76.98763116048724,29.595745891519194],[77.01664137625148,29.598626768476873],[77.04357598717132,29.608432994290155],[77.0662952113909,29.62438585006549],[77.08299186984506,29.645218038227092],[77.09233483705388,29.669273766666574],[77.09357563658618,29.694639786052093],[77.08660950292669,29.719297187492376],[77.07198559138165,29.741282033798935],[77.05086494037764,29.7588420633809],[77.02492900566789,29.77057687797148],[76.99624574372025,29.775550234401415],[76.9905,29.775688659514824]]]}"
4_7,0.25555021136532396,Ahmedabad_GJ,2004.0,"{""type"":""Polygon"",""coordinates"":[[[72.5714,23.11248865951482],[72.54407220509292,23.108904763804446],[72.5189237867614,23.09843890229071],[72.4979593629697,23.081925628177025],[72.48284834866456,23.06068133040988],[72.47479187181345,23.036398843907776],[72.47442770306257,23.011012141248155],[72.48178059405642,22.98654205097758],[72.49626162940231,22.96493538756891],[72.51671623110752,22.947910300301352],[72.54151664580148,22.936820051691896],[72.56869137510789,22.932545899387538],[72.59608129231934,22.935427421794763],[72.62151027178292,22.94523568739352],[72.64295713125615,22.961191341968316],[72.65871559521983,22.982026215782668],[72.66752983245912,23.00608367915437],[72.6686948690047,23.031449940915078],[72.66211374761552,23.05610601559879],[72.6483065617822,23.078088379394124],[72.62837023496249,23.09564554563904],[72.6038918759963,23.10737801070426],[72.57682239409088,23.112350265948955],[72.5714,23.11248865951482]]]}"
4_8,0.3090028233924336,Raichur_KA,2004.0,"{""type"":""Polygon"",""coordinates"":[[[77.3667,16.289988659514822],[77.34051418541607,16.28640550564773],[77.31641543918332,16.275941637802667],[77.29632385919271,16.25943098618462],[77.2818391582423,16.23818912055263],[77.27411319734874,16.213908116563918],[77.27375865210034,16.188521484499873],[77.28080096845183,16.164050031507728],[77.29467720364704,16.142440997702348],[77.31428157403893,16.12541327185709],[77.33805385632719,16.1143209391278],[77.36410348976925,16.110045906678423],[77.3903595312662,16.11292802715727],[77.4147346927242,16.122738182696278],[77.43529065324269,16.13869643011127],[77.45039174517731,16.15953379136219],[77.45883496806461,16.18359286087505],[77.45994604051796,16.20895934597868],[77.45363375596571,16.233614190884982],[77.4403981050191,16.255594255114953],[77.42129124924043,16.273148769768756],[77.39783420947745,16.284879059411136],[77.3718957597642,16.2898502951556],[77.3667,16.289988659514822]]]}"
4_9,0.43996902177823627,Sitapur_UP,2004.0,"{""type"":""Polygon"",""coordinates"":[[[80.6827,27.65188865951482],[80.65432489611186,27.648304228241166],[80.62821365813892,27.63783692751006],[80.60644831592248,27.621321760461107],[80.59076221562714,27.60007570752279],[80.5824017921373,27.57579215160642],[80.58202804054481,27.55040539868766],[80.58966530967456,27.525936292394455],[80.60470104991525,27.504331339767294],[80.62593600911023,27.487308156423286],[80.65168043639373,27.476219411465216],[80.6798884094853,27.47194589412773],[80.7083196513261,27.47482698506795],[80.73471627846946,27.484633887135477],[80.75698089973454,27.500587670846695],[80.77334239176797,27.521420749503058],[80.78249652101816,27.54547705329466],[80.78371033316691,27.570843153187752],[80.77688182714026,27.59550011482615],[80.76254975278471,27.61748413802902],[80.74185222925912,27.635043218148933],[80.7164370055958,27.64677725360981],[80.68833023453917,27.65175024486334],[80.6827,27.65188865951482]]]}"
4_10,0.4852327497036047,Thanjavur_TN,2004.0,"{""type"":""Polygon"",""coordinates"":[[[79.1378,10.875188659514825],[79.11220561319938,10.871606057561587],[79.08865025805501,10.861143673046127],[79.06901011946549,10.84463497285602],[79.05484882230438,10.823394917379183],[79.04729288473013,10.799115017249006],[79.04694227622454,10.773728438444333],[79.05382312589329,10.74925597180781],[79.06738619800758,10.727645173968895],[79.08655108270825,10.710615484081256],[79.10979243906202,10.699521599824196],[79.13526135250481,10.695245912106584],[79.16093216681246,10.698128477852475],[79.18476320881862,10.707940040386287],[79.2048587713819,10.723900217858345],[79.21961962497794,10.744739430341806],[79.22787019688376,10.768799694733865],[79.2289523329681,10.794166345342791],[79.22277812310269,10.818820274419672],[79.2098374513208,10.840798627064014],[79.1911594976515,10.858351168575298],[79.16823109935969,10.870079839629138],[79.14287837876381,10.87505031688434],[79.1378,10.875188659514825]]]}"
4_11,0.33286623505846297,Indore_MP,2004.0,"{""type"":""Polygon"",""coordinates"":[[[75.8577,22.809588659514823],[75.8304333345984,22.8060047981807],[75.80534111108686,22.79553902904856],[75.7844234270906,22.779025876446607],[75.76934596614853,22.75778169135814],[75.76130721413118,22.733499273523424],[75.76094359014812,22.70811257411001],[75.76827987385578,22.683642420685914],[75.78272853291536,22.66203564745301],[75.80313759833304,22.64501043795061],[75.82788293415719,22.633920092798935],[75.85499738222566,22.629645899725254],[75.88232654709061,22.632527449835756],[75.90769906966551,22.642335802980963],[75.92909821171008,22.658291577669733],[75.94482148095986,22.679126566727597],[75.95361587229772,22.703184104527992],[75.95477804814826,22.72855037666053],[75.94821135009705,22.753206394388396],[75.93443478692654,22.77518865165022],[75.91454288035347,22.792745695037475],[75.89011920035263,22.804478059300095],[75.86311026271613,22.80945026730237],[75.8577,22.809588659514823]]]}"
5_0,0.40032964035263485,Champaign_IL,2005.0,"{""type"":""Polygon"",""coordinates"":[[[-88.2434,40.206388659514815],[-88.27630939606253,40.20280245690622],[-88.30658945374208,40.192330396572295],[-88.33182318818,40.17580897080493],[-88.35000045335934,40.15455711679832],[-88.35967842160866,40.1302700290398],[-88.36009514198224,40.104883114104844],[-88.35122755239688,40.08041726331014],[-88.33379016017683,40.058817966018246],[-88.3091754810049,40.04180107402665],[-88.27934180731103,40.03071729661842],[-88.24665766137929,40.026445876753655],[-88.21371520407743,40.02932554245242],[-88.18312684795484,40.039127940018545],[-88.15732035387803,40.055075541961315],[-88.13834778202512,40.07590268692175],[-88.12772282220239,40.09995515520155],[-88.12629923651603,40.12532071598363],[-88.13420041256671,40.14998060599124],[-88.15080640146132,40.171970113193],[-88.17480045085301,40.18953552089764],[-88.20427221490087,40.20127474960526],[-88.23686993752474,40.2062501751225],[-88.2434,40.206388659514815]]]}"
5_1,0.3376032404788979,Lubbock_TX,2005.0,"{""type"":""Polygon"",""coordinates"":[[[-101.82,33.69998865951482],[-101.85021077001714,33.69640344004175],[-101.87800970265913,33.6859340213126],[-101.90117915619945,33.669416068908305],[-101.91787372456682,33.64816743387717],[-101.92676747452073,33.62388230540104],[-101.92715855695913,33.59849547959094],[-101.9190231639463,33.574027821710494],[-101.90301513842277,33.55242538612351],[-101.88041198109698,33.535405003358996],[-101.85301215452868,33.52431846990867],[-101.82299216571712,33.520045886392474],[-101.79273472404502,33.5229263427945],[-101.76464121547097,33.53273123947279],[-101.74094275942407,33.54868227132106],[-101.72352420653516,33.56951270893958],[-101.7137745920999,33.59356730607938],[-101.7124757936725,33.618933166791486],[-101.71973849029403,33.64359143245969],[-101.73499107748042,33.66557789673162],[-101.75702312925804,33.68313979292463],[-101.7840805885228,33.694876139385585],[-101.81400547801694,33.69985021383076],[-101.82,33.69998865951482]]]}"
5_2,0.46345916402363596,Yolo_CA,2005.0,"{""type"":""Polygon"",""coordinates"":[[[-121.83,38.699988659514815],[-121.86220500193224,38.69640270004724],[-121.89183744249466,38.68593129299138],[-121.91653237221968,38.66941072613869],[-121.93432264500463,38.64815966804546],[-121.94379594101612,38.623873064613385],[-121.944205990838,38.59848617153487],[-121.93552953107236,38.574019873779754],[-121.91846522948293,38.55241980048011],[-121.89437557884942,38.53540204543123],[-121.86517715498275,38.52431758667026],[-121.83318836593202,38.52004587913648],[-121.80094670920553,38.52292574030621],[-121.77100952305388,38.532728755700376],[-121.7457532471253,38.54867720563664],[-121.72718629947299,38.569505164749486],[-121.71678983163105,38.593558159534005],[-121.71539883799544,38.618923794656965],[-121.72313338252211,38.643583283173534],[-121.73938612868145,38.66557203801497],[-121.76286807291602,38.68313657738752],[-121.79170966265637,38.694875093313115],[-121.82360972422885,38.69985018469559],[-121.83,38.699988659514815]]]}"
5_3,0.38723519319449085,Lancaster_NE,2005.0,"{""type"":""Polygon"",""coordinates"":[[[-96.69000000000001,40.869988659514824],[-96.72323695876713,40.86640234635525],[-96.75381817415831,40.85592998899468],[-96.77930246216118,40.839408172716674],[-96.79765968075989,40.81815595686395],[-96.80743281691649,40.793868648942016],[-96.80785262998835,40.76848172410961],[-96.79889615438138,40.74401607654833],[-96.78128526545544,40.722417132062226],[-96.756426441196,40.7054006324294],[-96.72629737254441,40.69431716476346],[-96.69328988389252,40.69004587567048],[-96.66002155274802,40.69292545251],[-96.62913039931018,40.70272756921344],[-96.60306804759288,40.7186747856489],[-96.58390685137198,40.739501560466756],[-96.5731756321511,40.76355378935353],[-96.57173688151804,40.78891931629863],[-96.57971553546953,40.8135793888062],[-96.5964857827767,40.83556923804821],[-96.62071796901049,40.853135040541645],[-96.65048277878107,40.864874593329],[-96.68340493277856,40.86985017076981],[-96.69000000000001,40.869988659514824]]]}"
5_4,0.4119608502952217,Riley_KS,2005.0,"{""type"":""Polygon"",""coordinates"":[[[-96.73,39.40998865951482],[-96.76253040290038,39.40640258675903],[-96.79246201650948,39.39593087531545],[-96.81740585358375,39.37940990825601],[-96.83537490378686,39.3581584793034],[-96.84494275337966,39.33387165018752],[-96.84535588783787,39.30848474691015],[-96.83659113579905,39.284018657406264],[-96.81935448151191,39.26241894568736],[-96.7950222868221,39.24540159278877],[-96.76553039918639,39.23431745151507],[-96.73322037816155,39.23004587802617],[-96.70065497458346,39.23292564811241],[-96.67041696989682,39.242728375619144],[-96.64490651291429,39.258676430423044],[-96.62615218294852,39.27950401017963],[-96.61565016270376,39.30355675964753],[-96.61424411582058,39.32892236014583],[-96.62205564069923,39.353582035750215],[-96.63847157349176,39.3755711411593],[-96.66219009121731,39.39313608512792],[-96.69132279634952,39.404874933167086],[-96.72354514857467,39.409850180235146],[-96.73,39.40998865951482]]]}"
5_5,0.390606333474895,Story_IA,2005.0,"{""type"":""Polygon"",""coordinates"":[[[-93.62000000000002,42.11998865951483],[-93.65388456873679,42.11640213195586],[-93.68506118533192,42.10592919855888],[-93.71104081992758,42.08940662497027],[-93.72975379759605,42.06815370743223],[-93.73971506354312,42.04386597261965],[-93.74014097074837,42.01847902866409],[-93.7310087506586,41.99401377526587],[-93.7130548504886,41.97241551495094],[-93.6877133543127,41.95539977614986],[-93.65700030314552,41.944316909092876],[-93.62335358572727,41.94004587357013],[-93.58944102240196,41.94292527810929],[-93.55795125364739,41.95272685020544],[-93.53138307650272,41.968673319100795],[-93.51184896373536,41.989499376137026],[-93.50090765419401,42.013551140747055],[-93.49943890248966,42.038916602006026],[-93.50757071202895,42.06357702836078],[-93.52466568743166,42.08556754087142],[-93.5493686701853,42.10313410896576],[-93.57971284199093,42.11487429025177],[-93.61327641456649,42.1198501623283],[-93.62000000000002,42.11998865951483]]]}"
5_6,0.4581890374814464,Karnal_HR,2005.0,"{""type"":""Polygon"",""coordinates"":[[[76.9905,29.775688659514824],[76.96154284003352,29.77210396251622],[76.93489647416555,29.761635947729435],[76.91268593789329,29.745119841587535],[76.89668010919358,29.72387291801383],[76.8881506236561,29.699588831766373],[76.88777141887279,29.674202054130692],[76.89556665915605,29.649733436103244],[76.91091069112841,29.62812933214356],[76.93257944713096,29.611107093151027],[76.95884870937671,29.600019093948937],[76.98763116048724,29.595745891519194],[77.01664137625148,29.598626768476873],[77.04357598717132,29.608432994290155],[77.0662952113909,29.62438585006549],[77.08299186984506,29.645218038227092],[77.09233483705388,29.669273766666574],[77.09357563658618,29.694639786052093],[77.08660950292669,29.719297187492376],[77.07198559138165,29.741282033798935],[77.05086494037764,29.7588420633809],[77.02492900566789,29.77057687797148],[76.99624574372025,29.775550234401415],[76.9905,29.775688659514824]]]}"
5_7,0.2650150688325483,Ahmedabad_GJ,2005.0,"{""type"":""Polygon"",""coordinates"":[[[72.5714,23.11248865951482],[72.54407220509292,23.108904763804446],[72.5189237867614,23.09843890229071],[72.4979593629697,23.081925628177025],[72.48284834866456,23.06068133040988],[72.47479187181345,23.036398843907776],[72.47442770306257,23.011012141248155],[72.48178059405642,22.98654205097758],[72.49626162940231,22.96493538756891],[72.51671623110752,22.947910300301352],[72.54151664580148,22.936820051691896],[72.56869137510789,22.932545899387538],[72.59608129231934,22.935427421794763],[72.62151027178292,22.94523568739352],[72.64295713125615,22.961191341968316],[72.65871559521983,22.982026215782668],[72.66752983245912,23.00608367915437],[72.6686948690047,23.031449940915078],[72.66211374761552,23.05610601559879],[72.6483065617822,23.078088379394124],[72.62837023496249,23.09564554563904],[72.6038918759963,23.10737801070426],[72.57682239409088,23.112350265948955],[72.5714,23.11248865951482]]]}"
5_8,0.3297789772781936,Raichur_KA,2005.0,"{""type"":""Polygon"",""coordinates"":[[[77.3667,16.289988659514822],[77.34051418541607,16.28640550564773],[77.31641543918332,16.275941637802667],[77.29632385919271,16.25943098618462],[77.2818391582423,16.23818912055263],[77.27411319734874,16.213908116563918],[77.27375865210034,16.188521484499873],[77.28080096845183,16.164050031507728],[77.29467720364704,16.142440997702348],[77.31428157403893,16.12541327185709],[77.33805385632719,16.1143209391278],[77.36410348976925,16.110045906678423],[77.3903595312662,16.11292802715727],[77.4147346927242,16.122738182696278],[77.43529065324269,16.13869643011127],[77.45039174517731,16.15953379136219],[77.45883496806461,16.18359286087505],[77.45994604051796,16.20895934597868],[77.45363375596571,16.233614190884982],[77.4403981050191,16.255594255114953],[77.42129124924043,16.273148769768756],[77.39783420947745,16.284879059411136],[77.3718957597642,16.2898502951556],[77.3667,16.289988659514822]]]}"
5_9,0.43213042555810427,Sitapur_UP,2005.0,"{""type"":""Polygon"",""coordinates"":[[[80.6827,27.65188865951482],[80.65432489611186,27.648304228241166],[80.62821365813892,27.63783692751006],[80.60644831592248,27.621321760461107],[80.59076221562714,27.60007570752279],[80.5824017921373,27.57579215160642],[80.58202804054481,27.55040539868766],[80.58966530967456,27.525936292394455],[80.60470104991525,27.504331339767294],[80.62593600911023,27.487308156423286],[80.65168043639373,27.476219411465216],[80.6798884094853,27.47194589412773],[80.7083196513261,27.47482698506795],[80.73471627846946,27.484633887135477],[80.75698089973454,27.500587670846695],[80.77334239176797,27.521420749503058],[80.78249652101816,27.54547705329466],[80.78371033316691,27.570843153187752],[80.77688182714026,27.59550011482615],[80.76254975278471,27.61748413802902],[80.74185222925912,27.635043218148933],[80.7164370055958,27.64677725360981],[80.68833023453917,27.65175024486334],[80.6827,27.65188865951482]]]}"
5_10,0.5090980241297673,Thanjavur_TN,2005.0,"{""type"":""Polygon"",""coordinates"":[[[79.1378,10.875188659514825],[79.11220561319938,10.871606057561587],[79.08865025805501,10.861143673046127],[79.06901011946549,10.84463497285602],[79.05484882230438,10.823394917379183],[79.04729288473013,10.799115017249006],[79.04694227622454,10.773728438444333],[79.05382312589329,10.74925597180781],[79.06738619800758,10.727645173968895],[79.08655108270825,10.710615484081256],[79.10979243906202,10.699521599824196],[79.13526135250481,10.695245912106584],[79.16093216681246,10.698128477852475],[79.18476320881862,10.707940040386287],[79.2048587713819,10.723900217858345],[79.21961962497794,10.744739430341806],[79.22787019688376,10.768799694733865],[79.2289523329681,10.794166345342791],[79.22277812310269,10.818820274419672],[79.2098374513208,10.840798627064014],[79.1911594976515,10.858351168575298],[79.16823109935969,10.870079839629138],[79.14287837876381,10.87505031688434],[79.1378,10.875188659514825]]]}"
5_11,0.3211464628289591,Indore_MP,2005.0,"{""type"":""Polygon"",""coordinates"":[[[75.8577,22.809588659514823],[75.8304333345984,22.8060047981807],[75.80534111108686,22.79553902904856],[75.7844234270906,22.779025876446607],[75.76934596614853,22.75778169135814],[75.76130721413118,22.733499273523424],[75.76094359014812,22.70811257411001],[75.76827987385578,22.683642420685914],[75.78272853291536,22.66203564745301],[75.80313759833304,22.64501043795061],[75.82788293415719,22.633920092798935],[75.85499738222566,22.629645899725254],[75.88232654709061,22.632527449835756],[75.90769906966551,22.642335802980963],[75.92909821171008,22.658291577669733],[75.94482148095986,22.679126566727597],[75.95361587229772,22.703184104527992],[75.95477804814826,22.72855037666053],[75.94821135009705,22.753206394388396],[75.93443478692654,22.77518865165022],[75.91454288035347,22.792745695037475],[75.89011920035263,22.804478059300095],[75.86311026271613,22.80945026730237],[75.8577,22.809588659514823]]]}"
6_0,0.4324821083794945,Champaign_IL,2006.0,"{""type"":""Polygon"",""coordinates"":[[[-88.2434,40.206388659514815],[-88.27630939606253,40.20280245690622],[-88.30658945374208,40.192330396572295],[-88.33182318818,40.17580897080493],[-88.35000045335934,40.15455711679832],[-88.35967842160866,40.1302700290398],[-88.36009514198224,40.104883114104844],[-88.35122755239688,40.08041726331014],[-88.33379016017683,40.058817966018246],[-88.3091754810049,40.04180107402665],[-88.27934180731103,40.03071729661842],[-88.24665766137929,40.026445876753655],[-88.21371520407743,40.02932554245242],[-88.18312684795484,40.039127940018545],[-88.15732035387803,40.055075541961315],[-88.13834778202512,40.07590268692175],[-88.12772282220239,40.09995515520155],[-88.12629923651603,40.12532071598363],[-88.13420041256671,40.14998060599124],[-88.15080640146132,40.171970113193],[-88.17480045085301,40.18953552089764],[-88.20427221490087,40.20127474960526],[-88.23686993752474,40.2062501751225],[-88.2434,40.206388659514815]]]}"
6_1,0.28262409139838446,Lubbock_TX,2006.0,"{""type"":""Polygon"",""coordinates"":[[[-101.82,33.69998865951482],[-101.85021077001714,33.69640344004175],[-101.87800970265913,33.6859340213126],[-101.90117915619945,33.669416068908305],[-101.91787372456682,33.64816743387717],[-101.92676747452073,33.62388230540104],[-101.92715855695913,33.59849547959094],[-101.9190231639463,33.574027821710494],[-101.90301513842277,33.55242538612351],[-101.88041198109698,33.535405003358996],[-101.85301215452868,33.52431846990867],[-101.82299216571712,33.520045886392474],[-101.79273472404502,33.5229263427945],[-101.76464121547097,33.53273123947279],[-101.74094275942407,33.54868227132106],[-101.72352420653516,33.56951270893958],[-101.7137745920999,33.59356730607938],[-101.7124757936725,33.618933166791486],[-101.71973849029403,33.64359143245969],[-101.73499107748042,33.66557789673162],[-101.75702312925804,33.68313979292463],[-101.7840805885228,33.694876139385585],[-101.81400547801694,33.69985021383076],[-101.82,33.69998865951482]]]}"
6_2,0.462162185390427,Yolo_CA,2006.0,"{""type"":""Polygon"",""coordinates"":[[[-121.83,38.699988659514815],[-121.86220500193224,38.69640270004724],[-121.89183744249466,38.68593129299138],[-121.91653237221968,38.66941072613869],[-121.93432264500463,38.64815966804546],[-121.94379594101612,38.623873064613385],[-121.944205990838,38.59848617153487],[-121.93552953107236,38.574019873779754],[-121.91846522948293,38.55241980048011],[-121.89437557884942,38.53540204543123],[-121.86517715498275,38.52431758667026],[-121.83318836593202,38.52004587913648],[-121.80094670920553,38.52292574030621],[-121.77100952305388,38.532728755700376],[-121.7457532471253,38.54867720563664],[-121.72718629947299,38.569505164749486],[-121.71678983163105,38.593558159534005],[-121.71539883799544,38.618923794656965],[-121.72313338252211,38.643583283173534],[-121.73938612868145,38.66557203801497],[-121.76286807291602,38.68313657738752],[-121.79170966265637,38.694875093313115],[-121.82360972422885,38.69985018469559],[-121.83,38.699988659514815]]]}"
6_3,0.4241341302648665,Lancaster_NE,2006.0,"{""type"":""Polygon"",""coordinates"":[[[-96.69000000000001,40.869988659514824],[-96.72323695876713,40.86640234635525],[-96.75381817415831,40.85592998899468],[-96.77930246216118,40.839408172716674],[-96.79765968075989,40.81815595686395],[-96.80743281691649,40.793868648942016],[-96.80785262998835,40.76848172410961],[-96.79889615438138,40.74401607654833],[-96.78128526545544,40.722417132062226],[-96.756426441196,40.7054006324294],[-96.72629737254441,40.69431716476346],[-96.69328988389252,40.69004587567048],[-96.66002155274802,40.69292545251],[-96.62913039931018,40.70272756921344],[-96.60306804759288,40.7186747856489],[-96.58390685137198,40.739501560466756],[-96.5731756321511,40.76355378935353],[-96.57173688151804,40.78891931629863],[-96.57971553546953,40.8135793888062],[-96.5964857827767,40.83556923804821],[-96.62071796901049,40.853135040541645],[-96.65048277878107,40.864874593329],[-96.68340493277856,40.86985017076981],[-96.69000000000001,40.869988659514824]]]}"
6_4,0.4108408190788217,Riley_KS,2006.0,"{""type"":""Polygon"",""coordinates"":[[[-96.73,39.40998865951482],[-96.76253040290038,39.40640258675903],[-96.79246201650948,39.39593087531545],[-96.81740585358375,39.37940990825601],[-96.83537490378686,39.3581584793034],[-96.84494275337966,39.33387165018752],[-96.84535588783787,39.30848474691015],[-96.83659113579905,39.284018657406264],[-96.81935448151191,39.26241894568736],[-96.7950222868221,39.24540159278877],[-96.76553039918639,39.23431745151507],[-96.73322037816155,39.23004587802617],[-96.70065497458346,39.23292564811241],[-96.67041696989682,39.242728375619144],[-96.64490651291429,39.258676430423044],[-96.62615218294852,39.27950401017963],[-96.61565016270376,39.30355675964753],[-96.61424411582058,39.32892236014583],[-96.62205564069923,39.353582035750215],[-96.63847157349176,39.3755711411593],[-96.66219009121731,39.39313608512792],[-96.69132279634952,39.404874933167086],[-96.72354514857467,39.409850180235146],[-96.73,39.40998865951482]]]}"
6_5,0.43497679172730647,Story_IA,2006.0,"{""type"":""Polygon"",""coordinates"":[[[-93.62000000000002,42.11998865951483],[-93.65388456873679,42.11640213195586],[-93.68506118533192,42.10592919855888],[-93.71104081992758,42.08940662497027],[-93.72975379759605,42.06815370743223],[-93.73971506354312,42.04386597261965],[-93.74014097074837,42.01847902866409],[-93.7310087506586,41.99401377526587],[-93.7130548504886,41.97241551495094],[-93.6877133543127,41.95539977614986],[-93.65700030314552,41.944316909092876],[-93.62335358572727,41.94004587357013],[-93.58944102240196,41.94292527810929],[-93.55795125364739,41.95272685020544],[-93.53138307650272,41.968673319100795],[-93.51184896373536,41.989499376137026],[-93.50090765419401,42.013551140747055],[-93.49943890248966,42.038916602006026],[-93.50757071202895,42.06357702836078],[-93.52466568743166,42.08556754087142],[-93.5493686701853,42.10313410896576],[-93.57971284199093,42.11487429025177],[-93.61327641456649,42.1198501623283],[-93.62000000000002,42.11998865951483]]]}"
6_6,0.470761510600782,Karnal_HR,2006.0,"{""type"":""Polygon"",""coordinates"":[[[76.9905,29.775688659514824],[76.96154284003352,29.77210396251622],[76.93489647416555,29.761635947729435],[76.91268593789329,29.745119841587535],[76.89668010919358,29.72387291801383],[76.8881506236561,29.699588831766373],[76.88777141887279,29.674202054130692],[76.89556665915605,29.649733436103244],[76.91091069112841,29.62812933214356],[76.93257944713096,29.611107093151027],[76.95884870937671,29.600019093948937],[76.98763116048724,29.595745891519194],[77.01664137625148,29.598626768476873],[77.04357598717132,29.608432994290155],[77.0662952113909,29.62438585006549],[77.08299186984506,29.645218038227092],[77.09233483705388,29.669273766666574],[77.09357563658618,29.694639786052093],[77.08660950292669,29.719297187492376],[77.07198559138165,29.741282033798935],[77.05086494037764,29.7588420633809],[77.02492900566789,29.77057687797148],[76.99624574372025,29.775550234401415],[76.9905,29.775688659514824]]]}"
6_7,0.2628847445668619,Ahmedabad_GJ,2006.0,"{""type"":""Polygon"",""coordinates"":[[[72.5714,23.11248865951482],[72.54407220509292,23.108904763804446],[72.5189237867614,23.09843890229071],[72.4979593629697,23.081925628177025],[72.48284834866456,23.06068133040988],[72.47479187181345,23.036398843907776],[72.47442770306257,23.011012141248155],[72.48178059405642,22.98654205097758],[72.49626162940231,22.96493538756891],[72.51671623110752,22.947910300301352],[72.54151664580148,22.936820051691896],[72.56869137510789,22.932545899387538],[72.59608129231934,22.935427421794763],[72.62151027178292,22.94523568739352],[72.64295713125615,22.961191341968316],[72.65871559521983,22.982026215782668],[72.66752983245912,23.00608367915437],[72.6686948690047,23.031449940915078],[72.66211374761552,23.05610601559879],[72.6483065617822,23.078088379394124],[72.62837023496249,23.09564554563904],[72.6038918759963,23.10737801070426],[72.57682239409088,23.112350265948955],[72.5714,23.11248865951482]]]}"
6_8,0.3195368937253281,Raichur_KA,2006.0,"{""type"":""Polygon"",""coordinates"":[[[77.3667,16.289988659514822],[77.34051418541607,16.28640550564773],[77.31641543918332,16.275941637802667],[77.29632385919271,16.25943098618462],[77.2818391582423,16.23818912055263],[77.27411319734874,16.213908116563918],[77.27375865210034,16.188521484499873],[77.28080096845183,16.164050031507728],[77.29467720364704,16.142440997702348],[77.31428157403893,16.12541327185709],[77.33805385632719,16.1143209391278],[77.36410348976925,16.110045906678423],[77.3903595312662,16.11292802715727],[77.4147346927242,16.122738182696278],[77.43529065324269,16.13869643011127],[77.45039174517731,16.15953379136219],[77.45883496806461,16.18359286087505],[77.45994604051796,16.20895934597868],[77.45363375596571,16.233614190884982],[77.4403981050191,16.255594255114953],[77.42129124924043,16.273148769768756],[77.39783420947745,16.284879059411136],[77.3718957597642,16.2898502951556],[77.3667,16.289988659514822]]]}"
6_9,0.4162210913981981,Sitapur_UP,2006.0,"{""type"":""Polygon"",""coordinates"":[[[80.6827,27.65188865951482],[80.65432489611186,27.648304228241166],[80.62821365813892,27.63783692751006],[80.60644831592248,27.621321760461107],[80.59076221562714,27.60007570752279],[80.5824017921373,27.57579215160642],[80.58202804054481,27.55040539868766],[80.58966530967456,27.525936292394455],[80.60470104991525,27.504331339767294],[80.62593600911023,27.487308156423286],[80.65168043639373,27.476219411465216],[80.6798884094853,27.47194589412773],[80.7083196513261,27.47482698506795],[80.73471627846946,27.484633887135477],[80.75698089973454,27.500587670846695],[80.77334239176797,27.521420749503058],[80.78249652101816,27.54547705329466],[80.78371033316691,27.570843153187752],[80.77688182714026,27.59550011482615],[80.76254975278471,27.61748413802902],[80.74185222925912,27.635043218148933],[80.7164370055958,27.64677725360981],[80.68833023453917,27.65175024486334],[80.6827,27.65188865951482]]]}"
6_10,0.4893850266519301,Thanjavur_TN,2006.0,"{""type"":""Polygon"",""coordinates"":[[[79.1378,10.875188659514825],[79.11220561319938,10.871606057561587],[79.08865025805501,10.861143673046127],[79.06901011946549,10.84463497285602],[79.05484882230438,10.823394917379183],[79.04729288473013,10.799115017249006],[79.04694227622454,10.773728438444333],[79.05382312589329,10.74925597180781],[79.06738619800758,10.727645173968895],[79.08655108270825,10.710615484081256],[79.10979243906202,10.699521599824196],[79.13526135250481,10.695245912106584],[79.16093216681246,10.698128477852475],[79.18476320881862,10.707940040386287],[79.2048587713819,10.723900217858345],[79.21961962497794,10.744739430341806],[79.22787019688376,10.768799694733865],[79.2289523329681,10.794166345342791],[79.22277812310269,10.818820274419672],[79.2098374513208,10.840798627064014],[79.1911594976515,10.858351168575298],[79.16823109935969,10.870079839629138],[79.14287837876381,10.87505031688434],[79.1378,10.875188659514825]]]}"
6_11,0.3205051271805089,Indore_MP,2006.0,"{""type"":""Polygon"",""coordinates"":[[[75.8577,22.809588659514823],[75.8304333345984,22.8060047981807],[75.80534111108686,22.79553902904856],[75.7844234270906,22.779025876446607],[75.76934596614853,22.75778169135814],[75.76130721413118,22.733499273523424],[75.76094359014812,22.70811257411001],[75.76827987385578,22.683642420685914],[75.78272853291536,22.66203564745301],[75.80313759833304,22.64501043795061],[75.82788293415719,22.633920092798935],[75.85499738222566,22.629645899725254],[75.88232654709061,22.632527449835756],[75.90769906966551,22.642335802980963],[75.92909821171008,22.658291577669733],[75.94482148095986,22.679126566727597],[75.95361587229772,22.703184104527992],[75.95477804814826,22.72855037666053],[75.94821135009705,22.753206394388396],[75.93443478692654,22.77518865165022],[75.91454288035347,22.792745695037475],[75.89011920035263,22.804478059300095],[75.86311026271613,22.80945026730237],[75.8577,22.809588659514823]]]}"
7_0,0.4191010594239766,Champaign_IL,2007.0,"{""type"":""Polygon"",""coordinates"":[[[-88.2434,40.206388659514815],[-88.27630939606253,40.20280245690622],[-88.30658945374208,40.192330396572295],[-88.33182318818,40.17580897080493],[-88.35000045335934,40.15455711679832],[-88.35967842160866,40.1302700290398],[-88.36009514198224,40.104883114104844],[-88.35122755239688,40.08041726331014],[-88.33379016017683,40.058817966018246],[-88.3091754810049,40.04180107402665],[-88.27934180731103,40.03071729661842],[-88.24665766137929,40.026445876753655],[-88.21371520407743,40.02932554245242],[-88.18312684795484,40.039127940018545],[-88.15732035387803,40.055075541961315],[-88.13834778202512,40.07590268692175],[-88.12772282220239,40.09995515520155],[-88.12629923651603,40.12532071598363],[-88.13420041256671,40.14998060599124],[-88.15080640146132,40.171970113193],[-88.17480045085301,40.18953552089764],[-88.20427221490087,40.20127474960526],[-88.23686993752474,40.2062501751225],[-88.2434,40.206388659514815]]]}"
7_1,0.33626568684300745,Lubbock_TX,2007.0,"{""type"":""Polygon"",""coordinates"":[[[-101.82,33.69998865951482],[-101.85021077001714,33.69640344004175],[-101.87800970265913,33.6859340213126],[-101.90117915619945,33.669416068908305],[-101.91787372456682,33.64816743387717],[-101.92676747452073,33.62388230540104],[-101.92715855695913,33.59849547959094],[-101.9190231639463,33.574027821710494],[-101.90301513842277,33.55242538612351],[-101.88041198109698,33.535405003358996],[-101.85301215452868,33.52431846990867],[-101.82299216571712,33.520045886392474],[-101.79273472404502,33.5229263427945],[-101.76464121547097,33.53273123947279],[-101.74094275942407,33.54868227132106],[-101.72352420653516,33.56951270893958],[-101.7137745920999,33.59356730607938],[-101.7124757936725,33.618933166791486],[-101.71973849029403,33.64359143245969],[-101.73499107748042,33.66557789673162],[-101.75702312925804,33.68313979292463],[-101.7840805885228,33.694876139385585],[-101.81400547801694,33.69985021383076],[-101.82,33.69998865951482]]]}"
7_2,0.4601627514721531,Yolo_CA,2007.0,"{""type"":""Polygon"",""coordinates"":[[[-121.83,38.699988659514815],[-121.86220500193224,38.69640270004724],[-121.89183744249466,38.68593129299138],[-121.91653237221968,38.66941072613869],[-121.93432264500463,38.64815966804546],[-121.94379594101612,38.623873064613385],[-121.944205990838,38.59848617153487],[-121.93552953107236,38.574019873779754],[-121.91846522948293,38.55241980048011],[-121.89437557884942,38.53540204543123],[-121.86517715498275,38.52431758667026],[-121.83318836593202,38.52004587913648],[-121.80094670920553,38.52292574030621],[-121.77100952305388,38.532728755700376],[-121.7457532471253,38.54867720563664],[-121.72718629947299,38.569505164749486],[-121.71678983163105,38.593558159534005],[-121.71539883799544,38.618923794656965],[-121.72313338252211,38.643583283173534],[-121.73938612868145,38.66557203801497],[-121.76286807291602,38.68313657738752],[-121.79170966265637,38.694875093313115],[-121.82360972422885,38.69985018469559],[-121.83,38.699988659514815]]]}"
7_3,0.3795048400483012,Lancaster_NE,2007.0,"{""type"":""Polygon"",""coordinates"":[[[-96.69000000000001,40.869988659514824],[-96.72323695876713,40.86640234635525],[-96.75381817415831,40.85592998899468],[-96.77930246216118,40.839408172716674],[-96.79765968075989,40.81815595686395],[-96.80743281691649,40.793868648942016],[-96.80785262998835,40.76848172410961],[-96.79889615438138,40.74401607654833],[-96.78128526545544,40.722417132062226],[-96.756426441196,40.7054006324294],[-96.72629737254441,40.69431716476346],[-96.69328988389252,40.69004587567048],[-96.66002155274802,40.69292545251],[-96.62913039931018,40.70272756921344],[-96.60306804759288,40.7186747856489],[-96.58390685137198,40.739501560466756],[-96.5731756321511,40.76355378935353],[-96.57173688151804,40.78891931629863],[-96.57971553546953,40.8135793888062],[-96.5964857827767,40.83556923804821],[-96.62071796901049,40.853135040541645],[-96.65048277878107,40.864874593329],[-96.68340493277856,40.86985017076981],[-96.69000000000001,40.869988659514824]]]}"
7_4,0.41384959836081464,Riley_KS,2007.0,"{""type"":""Polygon"",""coordinates"":[[[-96.73,39.40998865951482],[-96.76253040290038,39.40640258675903],[-96.79246201650948,39.39593087531545],[-96.81740585358375,39.37940990825601],[-96.83537490378686,39.3581584793034],[-96.84494275337966,39.33387165018752],[-96.84535588783787,39.30848474691015],[-96.83659113579905,39.284018657406264],[-96.81935448151191,39.26241894568736],[-96.7950222868221,39.24540159278877],[-96.76553039918639,39.23431745151507],[-96.73322037816155,39.23004587802617],[-96.70065497458346,39.23292564811241],[-96.67041696989682,39.242728375619144],[-96.64490651291429,39.258676430423044],[-96.62615218294852,39.27950401017963],[-96.61565016270376,39.30355675964753],[-96.61424411582058,39.32892236014583],[-96.62205564069923,39.353582035750215],[-96.63847157349176,39.3755711411593],[-96.66219009121731,39.39313608512792],[-96.69132279634952,39.404874933167086],[-96.72354514857467,39.409850180235146],[-96.73,39.40998865951482]]]}"
7_5,0.37827578906390347,Story_IA,2007.0,"{""type"":""Polygon"",""coordinates"":[[[-93.62000000000002,42.11998865951483],[-93.65388456873679,42.11640213195586],[-93.68506118533192,42.10592919855888],[-93.71104081992758,42.08940662497027],[-93.72975379759605,42.06815370743223],[-93.73971506354312,42.04386597261965],[-93.74014097074837,42.01847902866409],[-93.7310087506586,41.99401377526587],[-93.7130548504886,41.97241551495094],[-93.6877133543127,41.95539977614986],[-93.65700030314552,41.944316909092876],[-93.62335358572727,41.94004587357013],[-93.58944102240196,41.94292527810929],[-93.55795125364739,41.95272685020544],[-93.53138307650272,41.968673319100795],[-93.51184896373536,41.989499376137026],[-93.50090765419401,42.013551140747055],[-93.49943890248966,42.038916602006026],[-93.50757071202895,42.06357702836078],[-93.52466568743166,42.08556754087142],[-93.5493686701853,42.10313410896576],[-93.57971284199093,42.11487429025177],[-93.61327641456649,42.1198501623283],[-93.62000000000002,42.11998865951483]]]}"
7_6,0.4716418490522219,Karnal_HR,2007.0,"{""type"":""Polygon"",""coordinates"":[[[76.9905,29.775688659514824],[76.96154284003352,29.77210396251622],[76.93489647416555,29.761635947729435],[76.91268593789329,29.745119841587535],[76.89668010919358,29.72387291801383],[76.8881506236561,29.699588831766373],[76.88777141887279,29.674202054130692],[76.89556665915605,29.649733436103244],[76.91091069112841,29.62812933214356],[76.93257944713096,29.611107093151027],[76.95884870937671,29.600019093948937],[76.98763116048724,29.595745891519194],[77.01664137625148,29.598626768476873],[77.04357598717132,29.608432994290155],[77.0662952113909,29.62438585006549],[77.08299186984506,29.645218038227092],[77.09233483705388,29.669273766666574],[77.09357563658618,29.694639786052093],[77.08660950292669,29.719297187492376],[77.07198559138165,29.741282033798935],[77.05086494037764,29.7588420633809],[77.02492900566789,29.77057687797148],[76.99624574372025,29.775550234401415],[76.9905,29.775688659514824]]]}"
7_7,0.26920605016869686,Ahmedabad_GJ,2007.0,"{""type"":""Polygon"",""coordinates"":[[[72.5714,23.11248865951482],[72.54407220509292,23.108904763804446],[72.5189237867614,23.09843890229071],[72.4979593629697,23.081925628177025],[72.48284834866456,23.06068133040988],[72.47479187181345,23.036398843907776],[72.47442770306257,23.011012141248155],[72.48178059405642,22.98654205097758],[72.49626162940231,22.96493538756891],[72.51671623110752,22.947910300301352],[72.54151664580148,22.936820051691896],[72.56869137510789,22.932545899387538],[72.59608129231934,22.935427421794763],[72.62151027178292,22.94523568739352],[72.64295713125615,22.961191341968316],[72.65871559521983,22.982026215782668],[72.66752983245912,23.00608367915437],[72.6686948690047,23.031449940915078],[72.66211374761552,23.05610601559879],[72.6483065617822,23.078088379394124],[72.62837023496249,23.09564554563904],[72.6038918759963,23.10737801070426],[72.57682239409088,23.112350265948955],[72.5714,23.11248865951482]]]}"
7_8,0.32973643518031454,Raichur_KA,2007.0,"{""type"":""Polygon"",""coordinates"":[[[77.3667,16.289988659514822],[77.34051418541607,16.28640550564773],[77.31641543918332,16.275941637802667],[77.29632385919271,16.25943098618462],[77.2818391582423,16.23818912055263],[77.27411319734874,16.213908116563918],[77.27375865210034,16.188521484499873],[77.28080096845183,16.164050031507728],[77.29467720364704,16.142440997702348],[77.31428157403893,16.12541327185709],[77.33805385632719,16.1143209391278],[77.36410348976925,16.110045906678423],[77.3903595312662,16.11292802715727],[77.4147346927242,16.122738182696278],[77.43529065324269,16.13869643011127],[77.45039174517731,16.15953379136219],[77.45883496806461,16.18359286087505],[77.45994604051796,16.20895934597868],[77.45363375596571,16.233614190884982],[77.4403981050191,16.255594255114953],[77.42129124924043,16.273148769768756],[77.39783420947745,16.284879059411136],[77.3718957597642,16.2898502951556],[77.3667,16.289988659514822]]]}"
7_9,0.44740498116205984,Sitapur_UP,2007.0,"{""type"":""Polygon"",""coordinates"":[[[80.6827,27.65188865951482],[80.65432489611186,27.648304228241166],[80.62821365813892,27.63783692751006],[80.60644831592248,27.621321760461107],[80.59076221562714,27.60007570752279],[80.5824017921373,27.57579215160642],[80.58202804054481,27.55040539868766],[80.58966530967456,27.525936292394455],[80.60470104991525,27.504331339767294],[80.62593600911023,27.487308156423286],[80.65168043639373,27.476219411465216],[80.6798884094853,27.47194589412773],[80.7083196513261,27.47482698506795],[80.73471627846946,27.484633887135477],[80.75698089973454,27.500587670846695],[80.77334239176797,27.521420749503058],[80.78249652101816,27.54547705329466],[80.78371033316691,27.570843153187752],[80.77688182714026,27.59550011482615],[80.76254975278471,27.61748413802902],[80.74185222925912,27.635043218148933],[80.7164370055958,27.64677725360981],[80.68833023453917,27.65175024486334],[80.6827,27.65188865951482]]]}"
7_10,0.5034643556134161,Thanjavur_TN,2007.0,"{""type"":""Polygon"",""coordinates"":[[[79.1378,10.875188659514825],[79.11220561319938,10.871606057561587],[79.08865025805501,10.861143673046127],[79.06901011946549,10.84463497285602],[79.05484882230438,10.823394917379183],[79.04729288473013,10.799115017249006],[79.04694227622454,10.773728438444333],[79.05382312589329,10.74925597180781],[79.06738619800758,10.727645173968895],[79.08655108270825,10.710615484081256],[79.10979243906202,10.699521599824196],[79.13526135250481,10.695245912106584],[79.16093216681246,10.698128477852475],[79.18476320881862,10.707940040386287],[79.2048587713819,10.723900217858345],[79.21961962497794,10.744739430341806],[79.22787019688376,10.768799694733865],[79.2289523329681,10.794166345342791],[79.22277812310269,10.818820274419672],[79.2098374513208,10.840798627064014],[79.1911594976515,10.858351168575298],[79.16823109935969,10.870079839629138],[79.14287837876381,10.87505031688434],[79.1378,10.875188659514825]]]}"
7_11,0.34260479706876246,Indore_MP,2007.0,"{""type"":""Polygon"",""coordinates"":[[[75.8577,22.809588659514823],[75.8304333345984,22.8060047981807],[75.80534111108686,22.79553902904856],[75.7844234270906,22.779025876446607],[75.76934596614853,22.75778169135814],[75.76130721413118,22.733499273523424],[75.76094359014812,22.70811257411001],[75.76827987385578,22.683642420685914],[75.78272853291536,22.66203564745301],[75.80313759833304,22.64501043795061],[75.82788293415719,22.633920092798935],[75.85499738222566,22.629645899725254],[75.88232654709061,22.632527449835756],[75.90769906966551,22.642335802980963],[75.92909821171008,22.658291577669733],[75.94482148095986,22.679126566727597],[75.95361587229772,22.703184104527992],[75.95477804814826,22.72855037666053],[75.94821135009705,22.753206394388396],[75.93443478692654,22.77518865165022],[75.91454288035347,22.792745695037475],[75.89011920035263,22.804478059300095],[75.86311026271613,22.80945026730237],[75.8577,22.809588659514823]]]}"
8_0,0.4096903222890033,Champaign_IL,2008.0,"{""type"":""Polygon"",""coordinates"":[[[-88.2434,40.206388659514815],[-88.27630939606253,40.20280245690622],[-88.30658945374208,40.192330396572295],[-88.33182318818,40.17580897080493],[-88.35000045335934,40.15455711679832],[-88.35967842160866,40.1302700290398],[-88.36009514198224,40.104883114104844],[-88.35122755239688,40.08041726331014],[-88.33379016017683,40.058817966018246],[-88.3091754810049,40.04180107402665],[-88.27934180731103,40.03071729661842],[-88.24665766137929,40.026445876753655],[-88.21371520407743,40.02932554245242],[-88.18312684795484,40.039127940018545],[-88.15732035387803,40.055075541961315],[-88.13834778202512,40.07590268692175],[-88.12772282220239,40.09995515520155],[-88.12629923651603,40.12532071598363],[-88.13420041256671,40.14998060599124],[-88.15080640146132,40.171970113193],[-88.17480045085301,40.18953552089764],[-88.20427221490087,40.20127474960526],[-88.23686993752474,40.2062501751225],[-88.2434,40.206388659514815]]]}"
8_1,0.307401107741253,Lubbock_TX,2008.0,"{""type"":""Polygon"",""coordinates"":[[[-101.82,33.69998865951482],[-101.85021077001714,33.69640344004175],[-101.87800970265913,33.6859340213126],[-101.90117915619945,33.669416068908305],[-101.91787372456682,33.64816743387717],[-101.92676747452073,33.62388230540104],[-101.92715855695913,33.59849547959094],[-101.9190231639463,33.574027821710494],[-101.90301513842277,33.55242538612351],[-101.88041198109698,33.535405003358996],[-101.85301215452868,33.52431846990867],[-101.82299216571712,33.520045886392474],[-101.79273472404502,33.5229263427945],[-101.76464121547097,33.53273123947279],[-101.74094275942407,33.54868227132106],[-101.72352420653516,33.56951270893958],[-101.7137745920999,33.59356730607938],[-101.7124757936725,33.618933166791486],[-101.71973849029403,33.64359143245969],[-101.73499107748042,33.66557789673162],[-101.75702312925804,33.68313979292463],[-101.7840805885228,33.694876139385585],[-101.81400547801694,33.69985021383076],[-101.82,33.69998865951482]]]}"
8_2,0.45020321483968845,Yolo_CA,2008.0,"{""type"":""Polygon"",""coordinates"":[[[-121.83,38.699988659514815],[-121.86220500193224,38.69640270004724],[-121.89183744249466,38.68593129299138],[-121.91653237221968,38.66941072613869],[-121.93432264500463,38.64815966804546],[-121.94379594101612,38.623873064613385],[-121.944205990838,38.59848617153487],[-121.93552953107236,38.574019873779754],[-121.91846522948293,38.55241980048011],[-121.89437557884942,38.53540204543123],[-121.86517715498275,38.52431758667026],[-121.83318836593202,38.52004587913648],[-121.80094670920553,38.52292574030621],[-121.77100952305388,38.532728755700376],[-121.7457532471253,38.54867720563664],[-121.72718629947299,38.569505164749486],[-121.71678983163105,38.593558159534005],[-121.71539883799544,38.618923794656965],[-121.72313338252211,38.643583283173534],[-121.73938612868145,38.66557203801497],[-121.76286807291602,38.68313657738752],[-121.79170966265637,38.694875093313115],[-121.82360972422885,38.69985018469559],[-121.83,38.699988659514815]]]}"
8_3,0.39145821608236875,Lancaster_NE,2008.0,"{""type"":""Polygon"",""coordinates"":[[[-96.69000000000001,40.869988659514824],[-96.72323695876713,40.86640234635525],[-96.75381817415831,40.85592998899468],[-96.77930246216118,40.839408172716674],[-96.79765968075989,40.81815595686395],[-96.80743281691649,40.793868648942016],[-96.80785262998835,40.76848172410961],[-96.79889615438138,40.74401607654833],[-96.78128526545544,40.722417132062226],[-96.756426441196,40.7054006324294],[-96.72629737254441,40.69431716476346],[-96.69328988389252,40.69004587567048],[-96.66002155274802,40.69292545251],[-96.62913039931018,40.70272756921344],[-96.60306804759288,40.7186747856489],[-96.58390685137198,40.739501560466756],[-96.5731756321511,40.76355378935353],[-96.57173688151804,40.78891931629863],[-96.57971553546953,40.8135793888062],[-96.5964857827767,40.83556923804821],[-96.62071796901049,40.853135040541645],[-96.65048277878107,40.864874593329],[-96.68340493277856,40.86985017076981],[-96.69000000000001,40.869988659514824]]]}"
8_4,0.41511402060380287,Riley_KS,2008.0,"{""type"":""Polygon"",""coordinates"":[[[-96.73,39.40998865951482],[-96.76253040290038,39.40640258675903],[-96.79246201650948,39.39593087531545],[-96.81740585358375,39.37940990825601],[-96.83537490378686,39.3581584793034],[-96.84494275337966,39.33387165018752],[-96.84535588783787,39.30848474691015],[-96.83659113579905,39.284018657406264],[-96.81935448151191,39.26241894568736],[-96.7950222868221,39.24540159278877],[-96.76553039918639,39.23431745151507],[-96.73322037816155,39.23004587802617],[-96.70065497458346,39.23292564811241],[-96.67041696989682,39.242728375619144],[-96.64490651291429,39.258676430423044],[-96.62615218294852,39.27950401017963],[-96.61565016270376,39.30355675964753],[-96.61424411582058,39.32892236014583],[-96.62205564069923,39.353582035750215],[-96.63847157349176,39.3755711411593],[-96.66219009121731,39.39313608512792],[-96.69132279634952,39.404874933167086],[-96.72354514857467,39.409850180235146],[-96.73,39.40998865951482]]]}"
8_5,0.3581931022109068,Story_IA,2008.0,"{""type"":""Polygon"",""coordinates"":[[[-93.62000000000002,42.11998865951483],[-93.65388456873679,42.11640213195586],[-93.68506118533192,42.10592919855888],[-93.71104081992758,42.08940662497027],[-93.72975379759605,42.06815370743223],[-93.73971506354312,42.04386597261965],[-93.74014097074837,42.01847902866409],[-93.7310087506586,41.99401377526587],[-93.7130548504886,41.97241551495094],[-93.6877133543127,41.95539977614986],[-93.65700030314552,41.944316909092876],[-93.62335358572727,41.94004587357013],[-93.58944102240196,41.94292527810929],[-93.55795125364739,41.95272685020544],[-93.53138307650272,41.968673319100795],[-93.51184896373536,41.989499376137026],[-93.50090765419401,42.013551140747055],[-93.49943890248966,42.038916602006026],[-93.50757071202895,42.06357702836078],[-93.52466568743166,42.08556754087142],[-93.5493686701853,42.10313410896576],[-93.57971284199093,42.11487429025177],[-93.61327641456649,42.1198501623283],[-93.62000000000002,42.11998865951483]]]}"
8_6,0.45478352280562373,Karnal_HR,2008.0,"{""type"":""Polygon"",""coordinates"":[[[76.9905,29.775688659514824],[76.96154284003352,29.77210396251622],[76.93489647416555,29.761635947729435],[76.91268593789329,29.745119841587535],[76.89668010919358,29.72387291801383],[76.8881506236561,29.699588831766373],[76.88777141887279,29.674202054130692],[76.89556665915605,29.649733436103244],[76.91091069112841,29.62812933214356],[76.93257944713096,29.611107093151027],[76.95884870937671,29.600019093948937],[76.98763116048724,29.595745891519194],[77.01664137625148,29.598626768476873],[77.04357598717132,29.608432994290155],[77.0662952113909,29.62438585006549],[77.08299186984506,29.645218038227092],[77.09233483705388,29.669273766666574],[77.09357563658618,29.694639786052093],[77.08660950292669,29.719297187492376],[77.07198559138165,29.741282033798935],[77.05086494037764,29.7588420633809],[77.02492900566789,29.77057687797148],[76.99624574372025,29.775550234401415],[76.9905,29.775688659514824]]]}"
8_7,0.25432164229339166,Ahmedabad_GJ,2008.0,"{""type"":""Polygon"",""coordinates"":[[[72.5714,23.11248865951482],[72.54407220509292,23.108904763804446],[72.5189237867614,23.09843890229071],[72.4979593629697,23.081925628177025],[72.48284834866456,23.06068133040988],[72.47479187181345,23.036398843907776],[72.47442770306257,23.011012141248155],[72.48178059405642,22.98654205097758],[72.49626162940231,22.96493538756891],[72.51671623110752,22.947910300301352],[72.54151664580148,22.936820051691896],[72.56869137510789,22.932545899387538],[72.59608129231934,22.935427421794763],[72.62151027178292,22.94523568739352],[72.64295713125615,22.961191341968316],[72.65871559521983,22.982026215782668],[72.66752983245912,23.00608367915437],[72.6686948690047,23.031449940915078],[72.66211374761552,23.05610601559879],[72.6483065617822,23.078088379394124],[72.62837023496249,23.09564554563904],[72.6038918759963,23.10737801070426],[72.57682239409088,23.112350265948955],[72.5714,23.11248865951482]]]}"
8_8,0.3284507608746605,Raichur_KA,2008.0,"{""type"":""Polygon"",""coordinates"":[[[77.3667,16.289988659514822],[77.34051418541607,16.28640550564773],[77.31641543918332,16.275941637802667],[77.29632385919271,16.25943098618462],[77.2818391582423,16.23818912055263],[77.27411319734874,16.213908116563918],[77.27375865210034,16.188521484499873],[77.28080096845183,16.164050031507728],[77.29467720364704,16.142440997702348],[77.31428157403893,16.12541327185709],[77.33805385632719,16.1143209391278],[77.36410348976925,16.110045906678423],[77.3903595312662,16.11292802715727],[77.4147346927242,16.122738182696278],[77.43529065324269,16.13869643011127],[77.45039174517731,16.15953379136219],[77.45883496806461,16.18359286087505],[77.45994604051796,16.20895934597868],[77.45363375596571,16.233614190884982],[77.4403981050191,16.255594255114953],[77.42129124924043,16.273148769768756],[77.39783420947745,16.284879059411136],[77.3718957597642,16.2898502951556],[77.3667,16.289988659514822]]]}"
8_9,0.41409351121289667,Sitapur_UP,2008.0,"{""type"":""Polygon"",""coordinates"":[[[80.6827,27.65188865951482],[80.65432489611186,27.648304228241166],[80.62821365813892,27.63783692751006],[80.60644831592248,27.621321760461107],[80.59076221562714,27.60007570752279],[80.5824017921373,27.57579215160642],[80.58202804054481,27.55040539868766],[80.58966530967456,27.525936292394455],[80.60470104991525,27.504331339767294],[80.62593600911023,27.487308156423286],[80.65168043639373,27.476219411465216],[80.6798884094853,27.47194589412773],[80.7083196513261,27.47482698506795],[80.73471627846946,27.484633887135477],[80.75698089973454,27.500587670846695],[80.77334239176797,27.521420749503058],[80.78249652101816,27.54547705329466],[80.78371033316691,27.570843153187752],[80.77688182714026,27.59550011482615],[80.76254975278471,27.61748413802902],[80.74185222925912,27.635043218148933],[80.7164370055958,27.64677725360981],[80.68833023453917,27.65175024486334],[80.6827,27.65188865951482]]]}"
8_10,0.4986447878785636,Thanjavur_TN,2008.0,"{""type"":""Polygon"",""coordinates"":[[[79.1378,10.875188659514825],[79.11220561319938,10.871606057561587],[79.08865025805501,10.861143673046127],[79.06901011946549,10.84463497285602],[79.05484882230438,10.823394917379183],[79.04729288473013,10.799115017249006],[79.04694227622454,10.773728438444333],[79.05382312589329,10.74925597180781],[79.06738619800758,10.727645173968895],[79.08655108270825,10.710615484081256],[79.10979243906202,10.699521599824196],[79.13526135250481,10.695245912106584],[79.16093216681246,10.698128477852475],[79.18476320881862,10.707940040386287],[79.2048587713819,10.723900217858345],[79.21961962497794,10.744739430341806],[79.22787019688376,10.768799694733865],[79.2289523329681,10.794166345342791],[79.22277812310269,10.818820274419672],[79.2098374513208,10.840798627064014],[79.1911594976515,10.858351168575298],[79.16823109935969,10.870079839629138],[79.14287837876381,10.87505031688434],[79.1378,10.875188659514825]]]}"
8_11,0.3100939227090435,Indore_MP,2008.0,"{""type"":""Polygon"",""coordinates"":[[[75.8577,22.809588659514823],[75.8304333345984,22.8060047981807],[75.80534111108686,22.79553902904856],[75.7844234270906,22.779025876446607],[75.76934596614853,22.75778169135814],[75.76130721413118,22.733499273523424],[75.76094359014812,22.70811257411001],[75.76827987385578,22.683642420685914],[75.78272853291536,22.66203564745301],[75.80313759833304,22.64501043795061],[75.82788293415719,22.633920092798935],[75.85499738222566,22.629645899725254],[75.88232654709061,22.632527449835756],[75.90769906966551,22.642335802980963],[75.92909821171008,22.658291577669733],[75.94482148095986,22.679126566727597],[75.95361587229772,22.703184104527992],[75.95477804814826,22.72855037666053],[75.94821135009705,22.753206394388396],[75.93443478692654,22.77518865165022],[75.91454288035347,22.792745695037475],[75.89011920035263,22.804478059300095],[75.86311026271613,22.80945026730237],[75.8577,22.809588659514823]]]}"
9_0,0.4146870646872841,Champaign_IL,2009.0,"{""type"":""Polygon"",""coordinates"":[[[-88.2434,40.206388659514815],[-88.27630939606253,40.20280245690622],[-88.30658945374208,40.192330396572295],[-88.33182318818,40.17580897080493],[-88.35000045335934,40.15455711679832],[-88.35967842160866,40.1302700290398],[-88.36009514198224,40.104883114104844],[-88.35122755239688,40.08041726331014],[-88.33379016017683,40.058817966018246],[-88.3091754810049,40.04180107402665],[-88.27934180731103,40.03071729661842],[-88.24665766137929,40.026445876753655],[-88.21371520407743,40.02932554245242],[-88.18312684795484,40.039127940018545],[-88.15732035387803,40.055075541961315],[-88.13834778202512,40.07590268692175],[-88.12772282220239,40.09995515520155],[-88.12629923651603,40.12532071598363],[-88.13420041256671,40.14998060599124],[-88.15080640146132,40.171970113193],[-88.17480045085301,40.18953552089764],[-88.20427221490087,40.20127474960526],[-88.23686993752474,40.2062501751225],[-88.2434,40.206388659514815]]]}"
9_1,0.2862861842392124,Lubbock_TX,2009.0,"{""type"":""Polygon"",""coordinates"":[[[-101.82,33.69998865951482],[-101.85021077001714,33.69640344004175],[-101.87800970265913,33.6859340213126],[-101.90117915619945,33.669416068908305],[-101.91787372456682,33.64816743387717],[-101.92676747452073,33.62388230540104],[-101.92715855695913,33.59849547959094],[-101.9190231639463,33.574027821710494],[-101.90301513842277,33.55242538612351],[-101.88041198109698,33.535405003358996],[-101.85301215452868,33.52431846990867],[-101.82299216571712,33.520045886392474],[-101.79273472404502,33.5229263427945],[-101.76464121547097,33.53273123947279],[-101.74094275942407,33.54868227132106],[-101.72352420653516,33.56951270893958],[-101.7137745920999,33.59356730607938],[-101.7124757936725,33.618933166791486],[-101.71973849029403,33.64359143245969],[-101.73499107748042,33.66557789673162],[-101.75702312925804,33.68313979292463],[-101.7840805885228,33.694876139385585],[-101.81400547801694,33.69985021383076],[-101.82,33.69998865951482]]]}"
9_2,0.4332773858149688,Yolo_CA,2009.0,"{""type"":""Polygon"",""coordinates"":[[[-121.83,38.699988659514815],[-121.86220500193224,38.69640270004724],[-121.89183744249466,38.68593129299138],[-121.91653237221968,38.66941072613869],[-121.93432264500463,38.64815966804546],[-121.94379594101612,38.623873064613385],[-121.944205990838,38.59848617153487],[-121.93552953107236,38.574019873779754],[-121.91846522948293,38.55241980048011],[-121.89437557884942,38.53540204543123],[-121.86517715498275,38.52431758667026],[-121.83318836593202,38.52004587913648],[-121.80094670920553,38.52292574030621],[-121.77100952305388,38.532728755700376],[-121.7457532471253,38.54867720563664],[-121.72718629947299,38.569505164749486],[-121.71678983163105,38.593558159534005],[-121.71539883799544,38.618923794656965],[-121.72313338252211,38.643583283173534],[-121.73938612868145,38.66557203801497],[-121.76286807291602,38.68313657738752],[-121.79170966265637,38.694875093313115],[-121.82360972422885,38.69985018469559],[-121.83,38.699988659514815]]]}"
9_3,0.41260626659467464,Lancaster_NE,2009.0,"{""type"":""Polygon"",""coordinates"":[[[-96.69000000000001,40.869988659514824],[-96.72323695876713,40.86640234635525],[-96.75381817415831,40.85592998899468],[-96.77930246216118,40.839408172716674],[-96.79765968075989,40.81815595686395],[-96.80743281691649,40.793868648942016],[-96.80785262998835,40.76848172410961],[-96.79889615438138,40.74401607654833],[-96.78128526545544,40.722417132062226],[-96.756426441196,40.7054006324294],[-96.72629737254441,40.69431716476346],[-96.69328988389252,40.69004587567048],[-96.66002155274802,40.69292545251],[-96.62913039931018,40.70272756921344],[-96.60306804759288,40.7186747856489],[-96.58390685137198,40.739501560466756],[-96.5731756321511,40.76355378935353],[-96.57173688151804,40.78891931629863],[-96.57971553546953,40.8135793888062],[-96.5964857827767,40.83556923804821],[-96.62071796901049,40.853135040541645],[-96.65048277878107,40.864874593329],[-96.68340493277856,40.86985017076981],[-96.69000000000001,40.869988659514824]]]}"
9_4,0.4168707393389178,Riley_KS,2009.0,"{""type"":""Polygon"",""coordinates"":[[[-96.73,39.40998865951482],[-96.76253040290038,39.40640258675903],[-96.79246201650948,39.39593087531545],[-96.81740585358375,39.37940990825601],[-96.83537490378686,39.3581584793034],[-96.84494275337966,39.33387165018752],[-96.84535588783787,39.30848474691015],[-96.83659113579905,39.284018657406264],[-96.81935448151191,39.26241894568736],[-96.7950222868221,39.24540159278877],[-96.76553039918639,39.23431745151507],[-96.73322037816155,39.23004587802617],[-96.70065497458346,39.23292564811241],[-96.67041696989682,39.242728375619144],[-96.64490651291429,39.258676430423044],[-96.62615218294852,39.27950401017963],[-96.61565016270376,39.30355675964753],[-96.61424411582058,39.32892236014583],[-96.62205564069923,39.353582035750215],[-96.63847157349176,39.3755711411593],[-96.66219009121731,39.39313608512792],[-96.69132279634952,39.404874933167086],[-96.72354514857467,39.409850180235146],[-96.73,39.40998865951482]]]}"
9_5,0.3929645564707011,Story_IA,2009.0,"{""type"":""Polygon"",""coordinates"":[[[-93.62000000000002,42.11998865951483],[-93.65388456873679,42.11640213195586],[-93.68506118533192,42.10592919855888],[-93.71104081992758,42.08940662497027],[-93.72975379759605,42.06815370743223],[-93.73971506354312,42.04386597261965],[-93.74014097074837,42.01847902866409],[-93.7310087506586,41.99401377526587],[-93.7130548504886,41.97241551495094],[-93.6877133543127,41.95539977614986],[-93.65700030314552,41.944316909092876],[-93.62335358572727,41.94004587357013],[-93.58944102240196,41.94292527810929],[-93.55795125364739,41.95272685020544],[-93.53138307650272,41.968673319100795],[-93.51184896373536,41.989499376137026],[-93.50090765419401,42.013551140747055],[-93.49943890248966,42.038916602006026],[-93.50757071202895,42.06357702836078],[-93.52466568743166,42.08556754087142],[-93.5493686701853,42.10313410896576],[-93.57971284199093,42.11487429025177],[-93.61327641456649,42.1198501623283],[-93.62000000000002,42.11998865951483]]]}"
9_6,0.45347640333802613,Karnal_HR,2009.0,"{""type"":""Polygon"",""coordinates"":[[[76.9905,29.775688659514824],[76.96154284003352,29.77210396251622],[76.93489647416555,29.761635947729435],[76.91268593789329,29.745119841587535],[76.89668010919358,29.72387291801383],[76.8881506236561,29.699588831766373],[76.88777141887279,29.674202054130692],[76.89556665915605,29.649733436103244],[76.91091069112841,29.62812933214356],[76.93257944713096,29.611107093151027],[76.95884870937671,29.600019093948937],[76.98763116048724,29.595745891519194],[77.01664137625148,29.598626768476873],[77.04357598717132,29.608432994290155],[77.0662952113909,29.62438585006549],[77.08299186984506,29.645218038227092],[77.09233483705388,29.669273766666574],[77.09357563658618,29.694639786052093],[77.08660950292669,29.719297187492376],[77.07198559138165,29.741282033798935],[77.05086494037764,29.7588420633809],[77.02492900566789,29.77057687797148],[76.99624574372025,29.775550234401415],[76.9905,29.775688659514824]]]}"
9_7,0.2560498600557164,Ahmedabad_GJ,2009.0,"{""type"":""Polygon"",""coordinates"":[[[72.5714,23.11248865951482],[72.54407220509292,23.108904763804446],[72.5189237867614,23.09843890229071],[72.4979593629697,23.081925628177025],[72.48284834866456,23.06068133040988],[72.47479187181345,23.036398843907776],[72.47442770306257,23.011012141248155],[72.48178059405642,22.98654205097758],[72.49626162940231,22.96493538756891],[72.51671623110752,22.947910300301352],[72.54151664580148,22.936820051691896],[72.56869137510789,22.932545899387538],[72.59608129231934,22.935427421794763],[72.62151027178292,22.94523568739352],[72.64295713125615,22.961191341968316],[72.65871559521983,22.982026215782668],[72.66752983245912,23.00608367915437],[72.6686948690047,23.031449940915078],[72.66211374761552,23.05610601559879],[72.6483065617822,23.078088379394124],[72.62837023496249,23.09564554563904],[72.6038918759963,23.10737801070426],[72.57682239409088,23.112350265948955],[72.5714,23.11248865951482]]]}"
9_8,0.31161128731905413,Raichur_KA,2009.0,"{""type"":""Polygon"",""coordinates"":[[[77.3667,16.289988659514822],[77.34051418541607,16.28640550564773],[77.31641543918332,16.275941637802667],[77.29632385919271,16.25943098618462],[77.2818391582423,16.23818912055263],[77.27411319734874,16.213908116563918],[77.27375865210034,16.188521484499873],[77.28080096845183,16.164050031507728],[77.29467720364704,16.142440997702348],[77.31428157403893,16.12541327185709],[77.33805385632719,16.1143209391278],[77.36410348976925,16.110045906678423],[77.3903595312662,16.11292802715727],[77.4147346927242,16.122738182696278],[77.43529065324269,16.13869643011127],[77.45039174517731,16.15953379136219],[77.45883496806461,16.18359286087505],[77.45994604051796,16.20895934597868],[77.45363375596571,16.233614190884982],[77.4403981050191,16.255594255114953],[77.42129124924043,16.273148769768756],[77.39783420947745,16.284879059411136],[77.3718957597642,16.2898502951556],[77.3667,16.289988659514822]]]}"
9_9,0.4526555387478771,Sitapur_UP,2009.0,"{""type"":""Polygon"",""coordinates"":[[[80.6827,27.65188865951482],[80.65432489611186,27.648304228241166],[80.62821365813892,27.63783692751006],[80.60644831592248,27.621321760461107],[80.59076221562714,27.60007570752279],[80.5824017921373,27.57579215160642],[80.58202804054481,27.55040539868766],[80.58966530967456,27.525936292394455],[80.60470104991525,27.504331339767294],[80.62593600911023,27.487308156423286],[80.65168043639373,27.476219411465216],[80.6798884094853,27.47194589412773],[80.7083196513261,27.47482698506795],[80.73471627846946,27.484633887135477],[80.75698089973454,27.500587670846695],[80.77334239176797,27.521420749503058],[80.78249652101816,27.54547705329466],[80.78371033316691,27.570843153187752],[80.77688182714026,27.59550011482615],[80.76254975278471,27.61748413802902],[80.74185222925912,27.635043218148933],[80.7164370055958,27.64677725360981],[80.68833023453917,27.65175024486334],[80.6827,27.65188865951482]]]}"
9_10,0.4772285491715129,Thanjavur_TN,2009.0,"{""type"":""Polygon"",""coordinates"":[[[79.1378,10.875188659514825],[79.11220561319938,10.871606057561587],[79.08865025805501,10.861143673046127],[79.06901011946549,10.84463497285602],[79.05484882230438,10.823394917379183],[79.04729288473013,10.799115017249006],[79.04694227622454,10.773728438444333],[79.05382312589329,10.74925597180781],[79.06738619800758,10.727645173968895],[79.08655108270825,10.710615484081256],[79.10979243906202,10.699521599824196],[79.13526135250481,10.695245912106584],[79.16093216681246,10.698128477852475],[79.18476320881862,10.707940040386287],[79.2048587713819,10.723900217858345],[79.21961962497794,10.744739430341806],[79.22787019688376,10.768799694733865],[79.2289523329681,10.794166345342791],[79.22277812310269,10.818820274419672],[79.2098374513208,10.840798627064014],[79.1911594976515,10.858351168575298],[79.16823109935969,10.870079839629138],[79.14287837876381,10.87505031688434],[79.1378,10.875188659514825]]]}"
9_11,0.3199830617289234,Indore_MP,2009.0,"{""type"":""Polygon"",""coordinates"":[[[75.8577,22.809588659514823],[75.8304333345984,22.8060047981807],[75.80534111108686,22.79553902904856],[75.7844234270906,22.779025876446607],[75.76934596614853,22.75778169135814],[75.76130721413118,22.733499273523424],[75.76094359014812,22.70811257411001],[75.76827987385578,22.683642420685914],[75.78272853291536,22.66203564745301],[75.80313759833304,22.64501043795061],[75.82788293415719,22.633920092798935],[75.85499738222566,22.629645899725254],[75.88232654709061,22.632527449835756],[75.90769906966551,22.642335802980963],[75.92909821171008,22.658291577669733],[75.94482148095986,22.679126566727597],[75.95361587229772,22.703184104527992],[75.95477804814826,22.72855037666053],[75.94821135009705,22.753206394388396],[75.93443478692654,22.77518865165022],[75.91454288035347,22.792745695037475],[75.89011920035263,22.804478059300095],[75.86311026271613,22.80945026730237],[75.8577,22.809588659514823]]]}"
10_0,0.3643215464669547,Champaign_IL,2010.0,"{""type"":""Polygon"",""coordinates"":[[[-88.2434,40.206388659514815],[-88.27630939606253,40.20280245690622],[-88.30658945374208,40.192330396572295],[-88.33182318818,40.17580897080493],[-88.35000045335934,40.15455711679832],[-88.35967842160866,40.1302700290398],[-88.36009514198224,40.104883114104844],[-88.35122755239688,40.08041726331014],[-88.33379016017683,40.058817966018246],[-88.3091754810049,40.04180107402665],[-88.27934180731103,40.03071729661842],[-88.24665766137929,40.026445876753655],[-88.21371520407743,40.02932554245242],[-88.18312684795484,40.039127940018545],[-88.15732035387803,40.055075541961315],[-88.13834778202512,40.07590268692175],[-88.12772282220239,40.09995515520155],[-88.12629923651603,40.12532071598363],[-88.13420041256671,40.14998060599124],[-88.15080640146132,40.171970113193],[-88.17480045085301,40.18953552089764],[-88.20427221490087,40.20127474960526],[-88.23686993752474,40.2062501751225],[-88.2434,40.206388659514815]]]}"
10_1,0.306580384920801,Lubbock_TX,2010.0,"{""type"":""Polygon"",""coordinates"":[[[-101.82,33.69998865951482],[-101.85021077001714,33.69640344004175],[-101.87800970265913,33.6859340213126],[-101.90117915619945,33.669416068908305],[-101.91787372456682,33.64816743387717],[-101.92676747452073,33.62388230540104],[-101.92715855695913,33.59849547959094],[-101.9190231639463,33.574027821710494],[-101.90301513842277,33.55242538612351],[-101.88041198109698,33.535405003358996],[-101.85301215452868,33.52431846990867],[-101.82299216571712,33.520045886392474],[-101.79273472404502,33.5229263427945],[-101.76464121547097,33.53273123947279],[-101.74094275942407,33.54868227132106],[-101.72352420653516,33.56951270893958],[-101.7137745920999,33.59356730607938],[-101.7124757936725,33.618933166791486],[-101.71973849029403,33.64359143245969],[-101.73499107748042,33.66557789673162],[-101.75702312925804,33.68313979292463],[-101.7840805885228,33.694876139385585],[-101.81400547801694,33.69985021383076],[-101.82,33.69998865951482]]]}"
10_2,0.4606720021050263,Yolo_CA,2010.0,"{""type"":""Polygon"",""coordinates"":[[[-121.83,38.699988659514815],[-121.86220500193224,38.69640270004724],[-121.89183744249466,38.68593129299138],[-121.91653237221968,38.66941072613869],[-121.93432264500463,38.64815966804546],[-121.94379594101612,38.623873064613385],[-121.944205990838,38.59848617153487],[-121.93552953107236,38.574019873779754],[-121.91846522948293,38.55241980048011],[-121.89437557884942,38.53540204543123],[-121.86517715498275,38.52431758667026],[-121.83318836593202,38.52004587913648],[-121.80094670920553,38.52292574030621],[-121.77100952305388,38.532728755700376],[-121.7457532471253,38.54867720563664],[-121.72718629947299,38.569505164749486],[-121.71678983163105,38.593558159534005],[-121.71539883799544,38.618923794656965],[-121.72313338252211,38.643583283173534],[-121.73938612868145,38.66557203801497],[-121.76286807291602,38.68313657738752],[-121.79170966265637,38.694875093313115],[-121.82360972422885,38.69985018469559],[-121.83,38.699988659514815]]]}"
10_3,0.390443903422859,Lancaster_NE,2010.0,"{""type"":""Polygon"",""coordinates"":[[[-96.69000000000001,40.869988659514824],[-96.72323695876713,40.86640234635525],[-96.75381817415831,40.85592998899468],[-96.77930246216118,40.839408172716674],[-96.79765968075989,40.81815595686395],[-96.80743281691649,40.793868648942016],[-96.80785262998835,40.76848172410961],[-96.79889615438138,40.74401607654833],[-96.78128526545544,40.722417132062226],[-96.756426441196,40.7054006324294],[-96.72629737254441,40.69431716476346],[-96.69328988389252,40.69004587567048],[-96.66002155274802,40.69292545251],[-96.62913039931018,40.70272756921344],[-96.60306804759288,40.7186747856489],[-96.58390685137198,40.739501560466756],[-96.5731756321511,40.76355378935353],[-96.57173688151804,40.78891931629863],[-96.57971553546953,40.8135793888062],[-96.5964857827767,40.83556923804821],[-96.62071796901049,40.853135040541645],[-96.65048277878107,40.864874593329],[-96.68340493277856,40.86985017076981],[-96.69000000000001,40.869988659514824]]]}"
10_4,0.40695950859776825,Riley_KS,2010.0,"{""type"":""Polygon"",""coordinates"":[[[-96.73,39.40998865951482],[-96.76253040290038,39.40640258675903],[-96.79246201650948,39.39593087531545],[-96.81740585358375,39.37940990825601],[-96.83537490378686,39.3581584793034],[-96.84494275337966,39.33387165018752],[-96.84535588783787,39.30848474691015],[-96.83659113579905,39.284018657406264],[-96.81935448151191,39.26241894568736],[-96.7950222868221,39.24540159278877],[-96.76553039918639,39.23431745151507],[-96.73322037816155,39.23004587802617],[-96.70065497458346,39.23292564811241],[-96.67041696989682,39.242728375619144],[-96.64490651291429,39.258676430423044],[-96.62615218294852,39.27950401017963],[-96.61565016270376,39.30355675964753],[-96.61424411582058,39.32892236014583],[-96.62205564069923,39.353582035750215],[-96.63847157349176,39.3755711411593],[-96.66219009121731,39.39313608512792],[-96.69132279634952,39.404874933167086],[-96.72354514857467,39.409850180235146],[-96.73,39.40998865951482]]]}"
10_5,0.3776005196337789,Story_IA,2010.0,"{""type"":""Polygon"",""coordinates"":[[[-93.62000000000002,42.11998865951483],[-93.65388456873679,42.11640213195586],[-93.68506118533192,42.10592919855888],[-93.71104081992758,42.08940662497027],[-93.72975379759605,42.06815370743223],[-93.73971506354312,42.04386597261965],[-93.74014097074837,42.01847902866409],[-93.7310087506586,41.99401377526587],[-93.7130548504886,41.97241551495094],[-93.6877133543127,41.95539977614986],[-93.65700030314552,41.944316909092876],[-93.62335358572727,41.94004587357013],[-93.58944102240196,41.94292527810929],[-93.55795125364739,41.95272685020544],[-93.53138307650272,41.968673319100795],[-93.51184896373536,41.989499376137026],[-93.50090765419401,42.013551140747055],[-93.49943890248966,42.038916602006026],[-93.50757071202895,42.06357702836078],[-93.52466568743166,42.08556754087142],[-93.5493686701853,42.10313410896576],[-93.57971284199093,42.11487429025177],[-93.61327641456649,42.1198501623283],[-93.62000000000002,42.11998865951483]]]}"
10_6,0.4410196869726115,Karnal_HR,2010.0,"{""type"":""Polygon"",""coordinates"":[[[76.9905,29.775688659514824],[76.96154284003352,29.77210396251622],[76.93489647416555,29.761635947729435],[76.91268593789329,29.745119841587535],[76.89668010919358,29.72387291801383],[76.8881506236561,29.699588831766373],[76.88777141887279,29.674202054130692],[76.89556665915605,29.649733436103244],[76.91091069112841,29.62812933214356],[76.93257944713096,29.611107093151027],[76.95884870937671,29.600019093948937],[76.98763116048724,29.595745891519194],[77.01664137625148,29.598626768476873],[77.04357598717132,29.608432994290155],[77.0662952113909,29.62438585006549],[77.08299186984506,29.645218038227092],[77.09233483705388,29.669273766666574],[77.09357563658618,29.694639786052093],[77.08660950292669,29.719297187492376],[77.07198559138165,29.741282033798935],[77.05086494037764,29.7588420633809],[77.02492900566789,29.77057687797148],[76.99624574372025,29.775550234401415],[76.9905,29.775688659514824]]]}"
10_7,0.2559843668491995,Ahmedabad_GJ,2010.0,"{""type"":""Polygon"",""coordinates"":[[[72.5714,23.11248865951482],[72.54407220509292,23.108904763804446],[72.5189237867614,23.09843890229071],[72.4979593629697,23.081925628177025],[72.48284834866456,23.06068133040988],[72.47479187181345,23.036398843907776],[72.47442770306257,23.011012141248155],[72.48178059405642,22.98654205097758],[72.49626162940231,22.96493538756891],[72.51671623110752,22.947910300301352],[72.54151664580148,22.936820051691896],[72.56869137510789,22.932545899387538],[72.59608129231934,22.935427421794763],[72.62151027178292,22.94523568739352],[72.64295713125615,22.961191341968316],[72.65871559521983,22.982026215782668],[72.66752983245912,23.00608367915437],[72.6686948690047,23.031449940915078],[72.66211374761552,23.05610601559879],[72.6483065617822,23.078088379394124],[72.62837023496249,23.09564554563904],[72.6038918759963,23.10737801070426],[72.57682239409088,23.112350265948955],[72.5714,23.11248865951482]]]}"
10_8,0.36511883300497816,Raichur_KA,2010.0,"{""type"":""Polygon"",""coordinates"":[[[77.3667,16.289988659514822],[77.34051418541607,16.28640550564773],[77.31641543918332,16.275941637802667],[77.29632385919271,16.25943098618462],[77.2818391582423,16.23818912055263],[77.27411319734874,16.213908116563918],[77.27375865210034,16.188521484499873],[77.28080096845183,16.164050031507728],[77.29467720364704,16.142440997702348],[77.31428157403893,16.12541327185709],[77.33805385632719,16.1143209391278],[77.36410348976925,16.110045906678423],[77.3903595312662,16.11292802715727],[77.4147346927242,16.122738182696278],[77.43529065324269,16.13869643011127],[77.45039174517731,16.15953379136219],[77.45883496806461,16.18359286087505],[77.45994604051796,16.20895934597868],[77.45363375596571,16.233614190884982],[77.4403981050191,16.255594255114953],[77.42129124924043,16.273148769768756],[77.39783420947745,16.284879059411136],[77.3718957597642,16.2898502951556],[77.3667,16.289988659514822]]]}"
10_9,0.43059927825753525,Sitapur_UP,2010.0,"{""type"":""Polygon"",""coordinates"":[[[80.6827,27.65188865951482],[80.65432489611186,27.648304228241166],[80.62821365813892,27.63783692751006],[80.60644831592248,27.621321760461107],[80.59076221562714,27.60007570752279],[80.5824017921373,27.57579215160642],[80.58202804054481,27.55040539868766],[80.58966530967456,27.525936292394455],[80.60470104991525,27.504331339767294],[80.62593600911023,27.487308156423286],[80.65168043639373,27.476219411465216],[80.6798884094853,27.47194589412773],[80.7083196513261,27.47482698506795],[80.73471627846946,27.484633887135477],[80.75698089973454,27.500587670846695],[80.77334239176797,27.521420749503058],[80.78249652101816,27.54547705329466],[80.78371033316691,27.570843153187752],[80.77688182714026,27.59550011482615],[80.76254975278471,27.61748413802902],[80.74185222925912,27.635043218148933],[80.7164370055958,27.64677725360981],[80.68833023453917,27.65175024486334],[80.6827,27.65188865951482]]]}"
10_10,0.5135252760478132,Thanjavur_TN,2010.0,"{""type"":""Polygon"",""coordinates"":[[[79.1378,10.875188659514825],[79.11220561319938,10.871606057561587],[79.08865025805501,10.861143673046127],[79.06901011946549,10.84463497285602],[79.05484882230438,10.823394917379183],[79.04729288473013,10.799115017249006],[79.04694227622454,10.773728438444333],[79.05382312589329,10.74925597180781],[79.06738619800758,10.727645173968895],[79.08655108270825,10.710615484081256],[79.10979243906202,10.699521599824196],[79.13526135250481,10.695245912106584],[79.16093216681246,10.698128477852475],[79.18476320881862,10.707940040386287],[79.2048587713819,10.723900217858345],[79.21961962497794,10.744739430341806],[79.22787019688376,10.768799694733865],[79.2289523329681,10.794166345342791],[79.22277812310269,10.818820274419672],[79.2098374513208,10.840798627064014],[79.1911594976515,10.858351168575298],[79.16823109935969,10.870079839629138],[79.14287837876381,10.87505031688434],[79.1378,10.875188659514825]]]}"
10_11,0.35217601061456605,Indore_MP,2010.0,"{""type"":""Polygon"",""coordinates"":[[[75.8577,22.809588659514823],[75.8304333345984,22.8060047981807],[75.80534111108686,22.79553902904856],[75.7844234270906,22.779025876446607],[75.76934596614853,22.75778169135814],[75.76130721413118,22.733499273523424],[75.76094359014812,22.70811257411001],[75.76827987385578,22.683642420685914],[75.78272853291536,22.66203564745301],[75.80313759833304,22.64501043795061],[75.82788293415719,22.633920092798935],[75.85499738222566,22.629645899725254],[75.88232654709061,22.632527449835756],[75.90769906966551,22.642335802980963],[75.92909821171008,22.658291577669733],[75.94482148095986,22.679126566727597],[75.95361587229772,22.703184104527992],[75.95477804814826,22.72855037666053],[75.94821135009705,22.753206394388396],[75.93443478692654,22.77518865165022],[75.91454288035347,22.792745695037475],[75.89011920035263,22.804478059300095],[75.86311026271613,22.80945026730237],[75.8577,22.809588659514823]]]}"
11_0,0.4055301348541252,Champaign_IL,2011.0,"{""type"":""Polygon"",""coordinates"":[[[-88.2434,40.206388659514815],[-88.27630939606253,40.20280245690622],[-88.30658945374208,40.192330396572295],[-88.33182318818,40.17580897080493],[-88.35000045335934,40.15455711679832],[-88.35967842160866,40.1302700290398],[-88.36009514198224,40.104883114104844],[-88.35122755239688,40.08041726331014],[-88.33379016017683,40.058817966018246],[-88.3091754810049,40.04180107402665],[-88.27934180731103,40.03071729661842],[-88.24665766137929,40.026445876753655],[-88.21371520407743,40.02932554245242],[-88.18312684795484,40.039127940018545],[-88.15732035387803,40.055075541961315],[-88.13834778202512,40.07590268692175],[-88.12772282220239,40.09995515520155],[-88.12629923651603,40.12532071598363],[-88.13420041256671,40.14998060599124],[-88.15080640146132,40.171970113193],[-88.17480045085301,40.18953552089764],[-88.20427221490087,40.20127474960526],[-88.23686993752474,40.2062501751225],[-88.2434,40.206388659514815]]]}"
11_1,0.24173862772297272,Lubbock_TX,2011.0,"{""type"":""Polygon"",""coordinates"":[[[-101.82,33.69998865951482],[-101.85021077001714,33.69640344004175],[-101.87800970265913,33.6859340213126],[-101.90117915619945,33.669416068908305],[-101.91787372456682,33.64816743387717],[-101.92676747452073,33.62388230540104],[-101.92715855695913,33.59849547959094],[-101.9190231639463,33.574027821710494],[-101.90301513842277,33.55242538612351],[-101.88041198109698,33.535405003358996],[-101.85301215452868,33.52431846990867],[-101.82299216571712,33.520045886392474],[-101.79273472404502,33.5229263427945],[-101.76464121547097,33.53273123947279],[-101.74094275942407,33.54868227132106],[-101.72352420653516,33.56951270893958],[-101.7137745920999,33.59356730607938],[-101.7124757936725,33.618933166791486],[-101.71973849029403,33.64359143245969],[-101.73499107748042,33.66557789673162],[-101.75702312925804,33.68313979292463],[-101.7840805885228,33.694876139385585],[-101.81400547801694,33.69985021383076],[-101.82,33.69998865951482]]]}"
11_2,0.4464975891101062,Yolo_CA,2011.0,"{""type"":""Polygon"",""coordinates"":[[[-121.83,38.699988659514815],[-121.86220500193224,38.69640270004724],[-121.89183744249466,38.68593129299138],[-121.91653237221968,38.66941072613869],[-121.93432264500463,38.64815966804546],[-121.94379594101612,38.623873064613385],[-121.944205990838,38.59848617153487],[-121.93552953107236,38.574019873779754],[-121.91846522948293,38.55241980048011],[-121.89437557884942,38.53540204543123],[-121.86517715498275,38.52431758667026],[-121.83318836593202,38.52004587913648],[-121.80094670920553,38.52292574030621],[-121.77100952305388,38.532728755700376],[-121.7457532471253,38.54867720563664],[-121.72718629947299,38.569505164749486],[-121.71678983163105,38.593558159534005],[-121.71539883799544,38.618923794656965],[-121.72313338252211,38.643583283173534],[-121.73938612868145,38.66557203801497],[-121.76286807291602,38.68313657738752],[-121.79170966265637,38.694875093313115],[-121.82360972422885,38.69985018469559],[-121.83,38.699988659514815]]]}"
11_3,0.4062588138900543,Lancaster_NE,2011.0,"{""type"":""Polygon"",""coordinates"":[[[-96.69000000000001,40.869988659514824],[-96.72323695876713,40.86640234635525],[-96.75381817415831,40.85592998899468],[-96.77930246216118,40.839408172716674],[-96.79765968075989,40.81815595686395],[-96.80743281691649,40.793868648942016],[-96.80785262998835,40.76848172410961],[-96.79889615438138,40.74401607654833],[-96.78128526545544,40.722417132062226],[-96.756426441196,40.7054006324294],[-96.72629737254441,40.69431716476346],[-96.69328988389252,40.69004587567048],[-96.66002155274802,40.69292545251],[-96.62913039931018,40.70272756921344],[-96.60306804759288,40.7186747856489],[-96.58390685137198,40.739501560466756],[-96.5731756321511,40.76355378935353],[-96.57173688151804,40.78891931629863],[-96.57971553546953,40.8135793888062],[-96.5964857827767,40.83556923804821],[-96.62071796901049,40.853135040541645],[-96.65048277878107,40.864874593329],[-96.68340493277856,40.86985017076981],[-96.69000000000001,40.869988659514824]]]}"
11_4,0.40441571625665185,Riley_KS,2011.0,"{""type"":""Polygon"",""coordinates"":[[[-96.73,39.40998865951482],[-96.76253040290038,39.40640258675903],[-96.79246201650948,39.39593087531545],[-96.81740585358375,39.37940990825601],[-96.83537490378686,39.3581584793034],[-96.84494275337966,39.33387165018752],[-96.84535588783787,39.30848474691015],[-96.83659113579905,39.284018657406264],[-96.81935448151191,39.26241894568736],[-96.7950222868221,39.24540159278877],[-96.76553039918639,39.23431745151507],[-96.73322037816155,39.23004587802617],[-96.70065497458346,39.23292564811241],[-96.67041696989682,39.242728375619144],[-96.64490651291429,39.258676430423044],[-96.62615218294852,39.27950401017963],[-96.61565016270376,39.30355675964753],[-96.61424411582058,39.32892236014583],[-96.62205564069923,39.353582035750215],[-96.63847157349176,39.3755711411593],[-96.66219009121731,39.39313608512792],[-96.69132279634952,39.404874933167086],[-96.72354514857467,39.409850180235146],[-96.73,39.40998865951482]]]}"
11_5,0.4109836302643451,Story_IA,2011.0,"{""type"":""Polygon"",""coordinates"":[[[-93.62000000000002,42.11998865951483],[-93.65388456873679,42.11640213195586],[-93.68506118533192,42.10592919855888],[-93.71104081992758,42.08940662497027],[-93.72975379759605,42.06815370743223],[-93.73971506354312,42.04386597261965],[-93.74014097074837,42.01847902866409],[-93.7310087506586,41.99401377526587],[-93.7130548504886,41.97241551495094],[-93.6877133543127,41.95539977614986],[-93.65700030314552,41.944316909092876],[-93.62335358572727,41.94004587357013],[-93.58944102240196,41.94292527810929],[-93.55795125364739,41.95272685020544],[-93.53138307650272,41.968673319100795],[-93.51184896373536,41.989499376137026],[-93.50090765419401,42.013551140747055],[-93.49943890248966,42.038916602006026],[-93.50757071202895,42.06357702836078],[-93.52466568743166,42.08556754087142],[-93.5493686701853,42.10313410896576],[-93.57971284199093,42.11487429025177],[-93.61327641456649,42.1198501623283],[-93.62000000000002,42.11998865951483]]]}"
11_6,0.4520006829116935,Karnal_HR,2011.0,"{""type"":""Polygon"",""coordinates"":[[[76.9905,29.775688659514824],[76.96154284003352,29.77210396251622],[76.93489647416555,29.761635947729435],[76.91268593789329,29.745119841587535],[76.89668010919358,29.72387291801383],[76.8881506236561,29.699588831766373],[76.88777141887279,29.674202054130692],[76.89556665915605,29.649733436103244],[76.91091069112841,29.62812933214356],[76.93257944713096,29.611107093151027],[76.95884870937671,29.600019093948937],[76.98763116048724,29.595745891519194],[77.01664137625148,29.598626768476873],[77.04357598717132,29.608432994290155],[77.0662952113909,29.62438585006549],[77.08299186984506,29.645218038227092],[77.09233483705388,29.669273766666574],[77.09357563658618,29.694639786052093],[77.08660950292669,29.719297187492376],[77.07198559138165,29.741282033798935],[77.05086494037764,29.7588420633809],[77.02492900566789,29.77057687797148],[76.99624574372025,29.775550234401415],[76.9905,29.775688659514824]]]}"
11_7,0.2516246759084763,Ahmedabad_GJ,2011.0,"{""type"":""Polygon"",""coordinates"":[[[72.5714,23.11248865951482],[72.54407220509292,23.108904763804446],[72.5189237867614,23.09843890229071],[72.4979593629697,23.081925628177025],[72.48284834866456,23.06068133040988],[72.47479187181345,23.036398843907776],[72.47442770306257,23.011012141248155],[72.48178059405642,22.98654205097758],[72.49626162940231,22.96493538756891],[72.51671623110752,22.947910300301352],[72.54151664580148,22.936820051691896],[72.56869137510789,22.932545899387538],[72.59608129231934,22.935427421794763],[72.62151027178292,22.94523568739352],[72.64295713125615,22.961191341968316],[72.65871559521983,22.982026215782668],[72.66752983245912,23.00608367915437],[72.6686948690047,23.031449940915078],[72.66211374761552,23.05610601559879],[72.6483065617822,23.078088379394124],[72.62837023496249,23.09564554563904],[72.6038918759963,23.10737801070426],[72.57682239409088,23.112350265948955],[72.5714,23.11248865951482]]]}"
11_8,0.3261030616432786,Raichur_KA,2011.0,"{""type"":""Polygon"",""coordinates"":[[[77.3667,16.289988659514822],[77.34051418541607,16.28640550564773],[77.31641543918332,16.275941637802667],[77.29632385919271,16.25943098618462],[77.2818391582423,16.23818912055263],[77.27411319734874,16.213908116563918],[77.27375865210034,16.188521484499873],[77.28080096845183,16.164050031507728],[77.29467720364704,16.142440997702348],[77.31428157403893,16.12541327185709],[77.33805385632719,16.1143209391278],[77.36410348976925,16.110045906678423],[77.3903595312662,16.11292802715727],[77.4147346927242,16.122738182696278],[77.43529065324269,16.13869643011127],[77.45039174517731,16.15953379136219],[77.45883496806461,16.18359286087505],[77.45994604051796,16.20895934597868],[77.45363375596571,16.233614190884982],[77.4403981050191,16.255594255114953],[77.42129124924043,16.273148769768756],[77.39783420947745,16.284879059411136],[77.3718957597642,16.2898502951556],[77.3667,16.289988659514822]]]}"
11_9,0.45026677339885274,Sitapur_UP,2011.0,"{""type"":""Polygon"",""coordinates"":[[[80.6827,27.65188865951482],[80.65432489611186,27.648304228241166],[80.62821365813892,27.63783692751006],[80.60644831592248,27.621321760461107],[80.59076221562714,27.60007570752279],[80.5824017921373,27.57579215160642],[80.58202804054481,27.55040539868766],[80.58966530967456,27.525936292394455],[80.60470104991525,27.504331339767294],[80.62593600911023,27.487308156423286],[80.65168043639373,27.476219411465216],[80.6798884094853,27.47194589412773],[80.7083196513261,27.47482698506795],[80.73471627846946,27.484633887135477],[80.75698089973454,27.500587670846695],[80.77334239176797,27.521420749503058],[80.78249652101816,27.54547705329466],[80.78371033316691,27.570843153187752],[80.77688182714026,27.59550011482615],[80.76254975278471,27.61748413802902],[80.74185222925912,27.635043218148933],[80.7164370055958,27.64677725360981],[80.68833023453917,27.65175024486334],[80.6827,27.65188865951482]]]}"
11_10,0.5121979430493786,Thanjavur_TN,2011.0,"{""type"":""Polygon"",""coordinates"":[[[79.1378,10.875188659514825],[79.11220561319938,10.871606057561587],[79.08865025805501,10.861143673046127],[79.06901011946549,10.84463497285602],[79.05484882230438,10.823394917379183],[79.04729288473013,10.799115017249006],[79.04694227622454,10.773728438444333],[79.05382312589329,10.74925597180781],[79.06738619800758,10.727645173968895],[79.08655108270825,10.710615484081256],[79.10979243906202,10.699521599824196],[79.13526135250481,10.695245912106584],[79.16093216681246,10.698128477852475],[79.18476320881862,10.707940040386287],[79.2048587713819,10.723900217858345],[79.21961962497794,10.744739430341806],[79.22787019688376,10.768799694733865],[79.2289523329681,10.794166345342791],[79.22277812310269,10.818820274419672],[79.2098374513208,10.840798627064014],[79.1911594976515,10.858351168575298],[79.16823109935969,10.870079839629138],[79.14287837876381,10.87505031688434],[79.1378,10.875188659514825]]]}"
11_11,0.3188008146210995,Indore_MP,2011.0,"{""type"":""Polygon"",""coordinates"":[[[75.8577,22.809588659514823],[75.8304333345984,22.8060047981807],[75.80534111108686,22.79553902904856],[75.7844234270906,22.779025876446607],[75.76934596614853,22.75778169135814],[75.76130721413118,22.733499273523424],[75.76094359014812,22.70811257411001],[75.76827987385578,22.683642420685914],[75.78272853291536,22.66203564745301],[75.80313759833304,22.64501043795061],[75.82788293415719,22.633920092798935],[75.85499738222566,22.629645899725254],[75.88232654709061,22.632527449835756],[75.90769906966551,22.642335802980963],[75.92909821171008,22.658291577669733],[75.94482148095986,22.679126566727597],[75.95361587229772,22.703184104527992],[75.95477804814826,22.72855037666053],[75.94821135009705,22.753206394388396],[75.93443478692654,22.77518865165022],[75.91454288035347,22.792745695037475],[75.89011920035263,22.804478059300095],[75.86311026271613,22.80945026730237],[75.8577,22.809588659514823]]]}"
12_0,0.4368772532334875,Champaign_IL,2012.0,"{""type"":""Polygon"",""coordinates"":[[[-88.2434,40.206388659514815],[-88.27630939606253,40.20280245690622],[-88.30658945374208,40.192330396572295],[-88.33182318818,40.17580897080493],[-88.35000045335934,40.15455711679832],[-88.35967842160866,40.1302700290398],[-88.36009514198224,40.104883114104844],[-88.35122755239688,40.08041726331014],[-88.33379016017683,40.058817966018246],[-88.3091754810049,40.04180107402665],[-88.27934180731103,40.03071729661842],[-88.24665766137929,40.026445876753655],[-88.21371520407743,40.02932554245242],[-88.18312684795484,40.039127940018545],[-88.15732035387803,40.055075541961315],[-88.13834778202512,40.07590268692175],[-88.12772282220239,40.09995515520155],[-88.12629923651603,40.12532071598363],[-88.13420041256671,40.14998060599124],[-88.15080640146132,40.171970113193],[-88.17480045085301,40.18953552089764],[-88.20427221490087,40.20127474960526],[-88.23686993752474,40.2062501751225],[-88.2434,40.206388659514815]]]}"
12_1,0.26592132895554044,Lubbock_TX,2012.0,"{""type"":""Polygon"",""coordinates"":[[[-101.82,33.69998865951482],[-101.85021077001714,33.69640344004175],[-101.87800970265913,33.6859340213126],[-101.90117915619945,33.669416068908305],[-101.91787372456682,33.64816743387717],[-101.92676747452073,33.62388230540104],[-101.92715855695913,33.59849547959094],[-101.9190231639463,33.574027821710494],[-101.90301513842277,33.55242538612351],[-101.88041198109698,33.535405003358996],[-101.85301215452868,33.52431846990867],[-101.82299216571712,33.520045886392474],[-101.79273472404502,33.5229263427945],[-101.76464121547097,33.53273123947279],[-101.74094275942407,33.54868227132106],[-101.72352420653516,33.56951270893958],[-101.7137745920999,33.59356730607938],[-101.7124757936725,33.618933166791486],[-101.71973849029403,33.64359143245969],[-101.73499107748042,33.66557789673162],[-101.75702312925804,33.68313979292463],[-101.7840805885228,33.694876139385585],[-101.81400547801694,33.69985021383076],[-101.82,33.69998865951482]]]}"
12_2,0.4425805161965501,Yolo_CA,2012.0,"{""type"":""Polygon"",""coordinates"":[[[-121.83,38.699988659514815],[-121.86220500193224,38.69640270004724],[-121.89183744249466,38.68593129299138],[-121.91653237221968,38.66941072613869],[-121.93432264500463,38.64815966804546],[-121.94379594101612,38.623873064613385],[-121.944205990838,38.59848617153487],[-121.93552953107236,38.574019873779754],[-121.91846522948293,38.55241980048011],[-121.89437557884942,38.53540204543123],[-121.86517715498275,38.52431758667026],[-121.83318836593202,38.52004587913648],[-121.80094670920553,38.52292574030621],[-121.77100952305388,38.532728755700376],[-121.7457532471253,38.54867720563664],[-121.72718629947299,38.569505164749486],[-121.71678983163105,38.593558159534005],[-121.71539883799544,38.618923794656965],[-121.72313338252211,38.643583283173534],[-121.73938612868145,38.66557203801497],[-121.76286807291602,38.68313657738752],[-121.79170966265637,38.694875093313115],[-121.82360972422885,38.69985018469559],[-121.83,38.699988659514815]]]}"
12_3,0.3914238665155136,Lancaster_NE,2012.0,"{""type"":""Polygon"",""coordinates"":[[[-96.69000000000001,40.869988659514824],[-96.72323695876713,40.86640234635525],[-96.75381817415831,40.85592998899468],[-96.77930246216118,40.839408172716674],[-96.79765968075989,40.81815595686395],[-96.80743281691649,40.793868648942016],[-96.80785262998835,40.76848172410961],[-96.79889615438138,40.74401607654833],[-96.78128526545544,40.722417132062226],[-96.756426441196,40.7054006324294],[-96.72629737254441,40.69431716476346],[-96.69328988389252,40.69004587567048],[-96.66002155274802,40.69292545251],[-96.62913039931018,40.70272756921344],[-96.60306804759288,40.7186747856489],[-96.58390685137198,40.739501560466756],[-96.5731756321511,40.76355378935353],[-96.57173688151804,40.78891931629863],[-96.57971553546953,40.8135793888062],[-96.5964857827767,40.83556923804821],[-96.62071796901049,40.853135040541645],[-96.65048277878107,40.864874593329],[-96.68340493277856,40.86985017076981],[-96.69000000000001,40.869988659514824]]]}"
12_4,0.4209447657011795,Riley_KS,2012.0,"{""type"":""Polygon"",""coordinates"":[[[-96.73,39.40998865951482],[-96.76253040290038,39.40640258675903],[-96.79246201650948,39.39593087531545],[-96.81740585358375,39.37940990825601],[-96.83537490378686,39.3581584793034],[-96.84494275337966,39.33387165018752],[-96.84535588783787,39.30848474691015],[-96.83659113579905,39.284018657406264],[-96.81935448151191,39.26241894568736],[-96.7950222868221,39.24540159278877],[-96.76553039918639,39.23431745151507],[-96.73322037816155,39.23004587802617],[-96.70065497458346,39.23292564811241],[-96.67041696989682,39.242728375619144],[-96.64490651291429,39.258676430423044],[-96.62615218294852,39.27950401017963],[-96.61565016270376,39.30355675964753],[-96.61424411582058,39.32892236014583],[-96.62205564069923,39.353582035750215],[-96.63847157349176,39.3755711411593],[-96.66219009121731,39.39313608512792],[-96.69132279634952,39.404874933167086],[-96.72354514857467,39.409850180235146],[-96.73,39.40998865951482]]]}"
12_5,0.41447245409740513,Story_IA,2012.0,"{""type"":""Polygon"",""coordinates"":[[[-93.62000000000002,42.11998865951483],[-93.65388456873679,42.11640213195586],[-93.68506118533192,42.10592919855888],[-93.71104081992758,42.08940662497027],[-93.72975379759605,42.06815370743223],[-93.73971506354312,42.04386597261965],[-93.74014097074837,42.01847902866409],[-93.7310087506586,41.99401377526587],[-93.7130548504886,41.97241551495094],[-93.6877133543127,41.95539977614986],[-93.65700030314552,41.944316909092876],[-93.62335358572727,41.94004587357013],[-93.58944102240196,41.94292527810929],[-93.55795125364739,41.95272685020544],[-93.53138307650272,41.968673319100795],[-93.51184896373536,41.989499376137026],[-93.50090765419401,42.013551140747055],[-93.49943890248966,42.038916602006026],[-93.50757071202895,42.06357702836078],[-93.52466568743166,42.08556754087142],[-93.5493686701853,42.10313410896576],[-93.57971284199093,42.11487429025177],[-93.61327641456649,42.1198501623283],[-93.62000000000002,42.11998865951483]]]}"
12_6,0.4429381073637622,Karnal_HR,2012.0,"{""type"":""Polygon"",""coordinates"":[[[76.9905,29.775688659514824],[76.96154284003352,29.77210396251622],[76.93489647416555,29.761635947729435],[76.91268593789329,29.745119841587535],[76.89668010919358,29.72387291801383],[76.8881506236561,29.699588831766373],[76.88777141887279,29.674202054130692],[76.89556665915605,29.649733436103244],[76.91091069112841,29.62812933214356],[76.93257944713096,29.611107093151027],[76.95884870937671,29.600019093948937],[76.98763116048724,29.595745891519194],[77.01664137625148,29.598626768476873],[77.04357598717132,29.608432994290155],[77.0662952113909,29.62438585006549],[77.08299186984506,29.645218038227092],[77.09233483705388,29.669273766666574],[77.09357563658618,29.694639786052093],[77.08660950292669,29.719297187492376],[77.07198559138165,29.741282033798935],[77.05086494037764,29.7588420633809],[77.02492900566789,29.77057687797148],[76.99624574372025,29.775550234401415],[76.9905,29.775688659514824]]]}"
12_7,0.24534468568826562,Ahmedabad_GJ,2012.0,"{""type"":""Polygon"",""coordinates"":[[[72.5714,23.11248865951482],[72.54407220509292,23.108904763804446],[72.5189237867614,23.09843890229071],[72.4979593629697,23.081925628177025],[72.48284834866456,23.06068133040988],[72.47479187181345,23.036398843907776],[72.47442770306257,23.011012141248155],[72.48178059405642,22.98654205097758],[72.49626162940231,22.96493538756891],[72.51671623110752,22.947910300301352],[72.54151664580148,22.936820051691896],[72.56869137510789,22.932545899387538],[72.59608129231934,22.935427421794763],[72.62151027178292,22.94523568739352],[72.64295713125615,22.961191341968316],[72.65871559521983,22.982026215782668],[72.66752983245912,23.00608367915437],[72.6686948690047,23.031449940915078],[72.66211374761552,23.05610601559879],[72.6483065617822,23.078088379394124],[72.62837023496249,23.09564554563904],[72.6038918759963,23.10737801070426],[72.57682239409088,23.112350265948955],[72.5714,23.11248865951482]]]}"
12_8,0.30348070024324425,Raichur_KA,2012.0,"{""type"":""Polygon"",""coordinates"":[[[77.3667,16.289988659514822],[77.34051418541607,16.28640550564773],[77.31641543918332,16.275941637802667],[77.29632385919271,16.25943098618462],[77.2818391582423,16.23818912055263],[77.27411319734874,16.213908116563918],[77.27375865210034,16.188521484499873],[77.28080096845183,16.164050031507728],[77.29467720364704,16.142440997702348],[77.31428157403893,16.12541327185709],[77.33805385632719,16.1143209391278],[77.36410348976925,16.110045906678423],[77.3903595312662,16.11292802715727],[77.4147346927242,16.122738182696278],[77.43529065324269,16.13869643011127],[77.45039174517731,16.15953379136219],[77.45883496806461,16.18359286087505],[77.45994604051796,16.20895934597868],[77.45363375596571,16.233614190884982],[77.4403981050191,16.255594255114953],[77.42129124924043,16.273148769768756],[77.39783420947745,16.284879059411136],[77.3718957597642,16.2898502951556],[77.3667,16.289988659514822]]]}"
12_9,0.4284384656465769,Sitapur_UP,2012.0,"{""type"":""Polygon"",""coordinates"":[[[80.6827,27.65188865951482],[80.65432489611186,27.648304228241166],[80.62821365813892,27.63783692751006],[80.60644831592248,27.621321760461107],[80.59076221562714,27.60007570752279],[80.5824017921373,27.57579215160642],[80.58202804054481,27.55040539868766],[80.58966530967456,27.525936292394455],[80.60470104991525,27.504331339767294],[80.62593600911023,27.487308156423286],[80.65168043639373,27.476219411465216],[80.6798884094853,27.47194589412773],[80.7083196513261,27.47482698506795],[80.73471627846946,27.484633887135477],[80.75698089973454,27.500587670846695],[80.77334239176797,27.521420749503058],[80.78249652101816,27.54547705329466],[80.78371033316691,27.570843153187752],[80.77688182714026,27.59550011482615],[80.76254975278471,27.61748413802902],[80.74185222925912,27.635043218148933],[80.7164370055958,27.64677725360981],[80.68833023453917,27.65175024486334],[80.6827,27.65188865951482]]]}"
12_10,0.4627588097499778,Thanjavur_TN,2012.0,"{""type"":""Polygon"",""coordinates"":[[[79.1378,10.875188659514825],[79.11220561319938,10.871606057561587],[79.08865025805501,10.861143673046127],[79.06901011946549,10.84463497285602],[79.05484882230438,10.823394917379183],[79.04729288473013,10.799115017249006],[79.04694227622454,10.773728438444333],[79.05382312589329,10.74925597180781],[79.06738619800758,10.727645173968895],[79.08655108270825,10.710615484081256],[79.10979243906202,10.699521599824196],[79.13526135250481,10.695245912106584],[79.16093216681246,10.698128477852475],[79.18476320881862,10.707940040386287],[79.2048587713819,10.723900217858345],[79.21961962497794,10.744739430341806],[79.22787019688376,10.768799694733865],[79.2289523329681,10.794166345342791],[79.22277812310269,10.818820274419672],[79.2098374513208,10.840798627064014],[79.1911594976515,10.858351168575298],[79.16823109935969,10.870079839629138],[79.14287837876381,10.87505031688434],[79.1378,10.875188659514825]]]}"
12_11,0.29600180786176206,Indore_MP,2012.0,"{""type"":""Polygon"",""coordinates"":[[[75.8577,22.809588659514823],[75.8304333345984,22.8060047981807],[75.80534111108686,22.79553902904856],[75.7844234270906,22.779025876446607],[75.76934596614853,22.75778169135814],[75.76130721413118,22.733499273523424],[75.76094359014812,22.70811257411001],[75.76827987385578,22.683642420685914],[75.78272853291536,22.66203564745301],[75.80313759833304,22.64501043795061],[75.82788293415719,22.633920092798935],[75.85499738222566,22.629645899725254],[75.88232654709061,22.632527449835756],[75.90769906966551,22.642335802980963],[75.92909821171008,22.658291577669733],[75.94482148095986,22.679126566727597],[75.95361587229772,22.703184104527992],[75.95477804814826,22.72855037666053],[75.94821135009705,22.753206394388396],[75.93443478692654,22.77518865165022],[75.91454288035347,22.792745695037475],[75.89011920035263,22.804478059300095],[75.86311026271613,22.80945026730237],[75.8577,22.809588659514823]]]}"
13_0,0.4197158587817157,Champaign_IL,2013.0,"{""type"":""Polygon"",""coordinates"":[[[-88.2434,40.206388659514815],[-88.27630939606253,40.20280245690622],[-88.30658945374208,40.192330396572295],[-88.33182318818,40.17580897080493],[-88.35000045335934,40.15455711679832],[-88.35967842160866,40.1302700290398],[-88.36009514198224,40.104883114104844],[-88.35122755239688,40.08041726331014],[-88.33379016017683,40.058817966018246],[-88.3091754810049,40.04180107402665],[-88.27934180731103,40.03071729661842],[-88.24665766137929,40.026445876753655],[-88.21371520407743,40.02932554245242],[-88.18312684795484,40.039127940018545],[-88.15732035387803,40.055075541961315],[-88.13834778202512,40.07590268692175],[-88.12772282220239,40.09995515520155],[-88.12629923651603,40.12532071598363],[-88.13420041256671,40.14998060599124],[-88.15080640146132,40.171970113193],[-88.17480045085301,40.18953552089764],[-88.20427221490087,40.20127474960526],[-88.23686993752474,40.2062501751225],[-88.2434,40.206388659514815]]]}"
13_1,0.2673415938541951,Lubbock_TX,2013.0,"{""type"":""Polygon"",""coordinates"":[[[-101.82,33.69998865951482],[-101.85021077001714,33.69640344004175],[-101.87800970265913,33.6859340213126],[-101.90117915619945,33.669416068908305],[-101.91787372456682,33.64816743387717],[-101.92676747452073,33.62388230540104],[-101.92715855695913,33.59849547959094],[-101.9190231639463,33.574027821710494],[-101.90301513842277,33.55242538612351],[-101.88041198109698,33.535405003358996],[-101.85301215452868,33.52431846990867],[-101.82299216571712,33.520045886392474],[-101.79273472404502,33.5229263427945],[-101.76464121547097,33.53273123947279],[-101.74094275942407,33.54868227132106],[-101.72352420653516,33.56951270893958],[-101.7137745920999,33.59356730607938],[-101.7124757936725,33.618933166791486],[-101.71973849029403,33.64359143245969],[-101.73499107748042,33.66557789673162],[-101.75702312925804,33.68313979292463],[-101.7840805885228,33.694876139385585],[-101.81400547801694,33.69985021383076],[-101.82,33.69998865951482]]]}"
13_2,0.42615635004448926,Yolo_CA,2013.0,"{""type"":""Polygon"",""coordinates"":[[[-121.83,38.699988659514815],[-121.86220500193224,38.69640270004724],[-121.89183744249466,38.68593129299138],[-121.91653237221968,38.66941072613869],[-121.93432264500463,38.64815966804546],[-121.94379594101612,38.623873064613385],[-121.944205990838,38.59848617153487],[-121.93552953107236,38.574019873779754],[-121.91846522948293,38.55241980048011],[-121.89437557884942,38.53540204543123],[-121.86517715498275,38.52431758667026],[-121.83318836593202,38.52004587913648],[-121.80094670920553,38.52292574030621],[-121.77100952305388,38.532728755700376],[-121.7457532471253,38.54867720563664],[-121.72718629947299,38.569505164749486],[-121.71678983163105,38.593558159534005],[-121.71539883799544,38.618923794656965],[-121.72313338252211,38.643583283173534],[-121.73938612868145,38.66557203801497],[-121.76286807291602,38.68313657738752],[-121.79170966265637,38.694875093313115],[-121.82360972422885,38.69985018469559],[-121.83,38.699988659514815]]]}"
13_3,0.4219260438706431,Lancaster_NE,2013.0,"{""type"":""Polygon"",""coordinates"":[[[-96.69000000000001,40.869988659514824],[-96.72323695876713,40.86640234635525],[-96.75381817415831,40.85592998899468],[-96.77930246216118,40.839408172716674],[-96.79765968075989,40.81815595686395],[-96.80743281691649,40.793868648942016],[-96.80785262998835,40.76848172410961],[-96.79889615438138,40.74401607654833],[-96.78128526545544,40.722417132062226],[-96.756426441196,40.7054006324294],[-96.72629737254441,40.69431716476346],[-96.69328988389252,40.69004587567048],[-96.66002155274802,40.69292545251],[-96.62913039931018,40.70272756921344],[-96.60306804759288,40.7186747856489],[-96.58390685137198,40.739501560466756],[-96.5731756321511,40.76355378935353],[-96.57173688151804,40.78891931629863],[-96.57971553546953,40.8135793888062],[-96.5964857827767,40.83556923804821],[-96.62071796901049,40.853135040541645],[-96.65048277878107,40.864874593329],[-96.68340493277856,40.86985017076981],[-96.69000000000001,40.869988659514824]]]}"
13_4,0.42728198356433283,Riley_KS,2013.0,"{""type"":""Polygon"",""coordinates"":[[[-96.73,39.40998865951482],[-96.76253040290038,39.40640258675903],[-96.79246201650948,39.39593087531545],[-96.81740585358375,39.37940990825601],[-96.83537490378686,39.3581584793034],[-96.84494275337966,39.33387165018752],[-96.84535588783787,39.30848474691015],[-96.83659113579905,39.284018657406264],[-96.81935448151191,39.26241894568736],[-96.7950222868221,39.24540159278877],[-96.76553039918639,39.23431745151507],[-96.73322037816155,39.23004587802617],[-96.70065497458346,39.23292564811241],[-96.67041696989682,39.242728375619144],[-96.64490651291429,39.258676430423044],[-96.62615218294852,39.27950401017963],[-96.61565016270376,39.30355675964753],[-96.61424411582058,39.32892236014583],[-96.62205564069923,39.353582035750215],[-96.63847157349176,39.3755711411593],[-96.66219009121731,39.39313608512792],[-96.69132279634952,39.404874933167086],[-96.72354514857467,39.409850180235146],[-96.73,39.40998865951482]]]}"
13_5,0.37134628698867106,Story_IA,2013.0,"{""type"":""Polygon"",""coordinates"":[[[-93.62000000000002,42.11998865951483],[-93.65388456873679,42.11640213195586],[-93.68506118533192,42.10592919855888],[-93.71104081992758,42.08940662497027],[-93.72975379759605,42.06815370743223],[-93.73971506354312,42.04386597261965],[-93.74014097074837,42.01847902866409],[-93.7310087506586,41.99401377526587],[-93.7130548504886,41.97241551495094],[-93.6877133543127,41.95539977614986],[-93.65700030314552,41.944316909092876],[-93.62335358572727,41.94004587357013],[-93.58944102240196,41.94292527810929],[-93.55795125364739,41.95272685020544],[-93.53138307650272,41.968673319100795],[-93.51184896373536,41.989499376137026],[-93.50090765419401,42.013551140747055],[-93.49943890248966,42.038916602006026],[-93.50757071202895,42.06357702836078],[-93.52466568743166,42.08556754087142],[-93.5493686701853,42.10313410896576],[-93.57971284199093,42.11487429025177],[-93.61327641456649,42.1198501623283],[-93.62000000000002,42.11998865951483]]]}"
13_6,0.4830787769449792,Karnal_HR,2013.0,"{""type"":""Polygon"",""coordinates"":[[[76.9905,29.775688659514824],[76.96154284003352,29.77210396251622],[76.93489647416555,29.761635947729435],[76.91268593789329,29.745119841587535],[76.89668010919358,29.72387291801383],[76.8881506236561,29.699588831766373],[76.88777141887279,29.674202054130692],[76.89556665915605,29.649733436103244],[76.91091069112841,29.62812933214356],[76.93257944713096,29.611107093151027],[76.95884870937671,29.600019093948937],[76.98763116048724,29.595745891519194],[77.01664137625148,29.598626768476873],[77.04357598717132,29.608432994290155],[77.0662952113909,29.62438585006549],[77.08299186984506,29.645218038227092],[77.09233483705388,29.669273766666574],[77.09357563658618,29.694639786052093],[77.08660950292669,29.719297187492376],[77.07198559138165,29.741282033798935],[77.05086494037764,29.7588420633809],[77.02492900566789,29.77057687797148],[76.99624574372025,29.775550234401415],[76.9905,29.775688659514824]]]}"
13_7,0.2666645431486659,Ahmedabad_GJ,2013.0,"{""type"":""Polygon"",""coordinates"":[[[72.5714,23.11248865951482],[72.54407220509292,23.108904763804446],[72.5189237867614,23.09843890229071],[72.4979593629697,23.081925628177025],[72.48284834866456,23.06068133040988],[72.47479187181345,23.036398843907776],[72.47442770306257,23.011012141248155],[72.48178059405642,22.98654205097758],[72.49626162940231,22.96493538756891],[72.51671623110752,22.947910300301352],[72.54151664580148,22.936820051691896],[72.56869137510789,22.932545899387538],[72.59608129231934,22.935427421794763],[72.62151027178292,22.94523568739352],[72.64295713125615,22.961191341968316],[72.65871559521983,22.982026215782668],[72.66752983245912,23.00608367915437],[72.6686948690047,23.031449940915078],[72.66211374761552,23.05610601559879],[72.6483065617822,23.078088379394124],[72.62837023496249,23.09564554563904],[72.6038918759963,23.10737801070426],[72.57682239409088,23.112350265948955],[72.5714,23.11248865951482]]]}"
13_8,0.34591374209687087,Raichur_KA,2013.0,"{""type"":""Polygon"",""coordinates"":[[[77.3667,16.289988659514822],[77.34051418541607,16.28640550564773],[77.31641543918332,16.275941637802667],[77.29632385919271,16.25943098618462],[77.2818391582423,16.23818912055263],[77.27411319734874,16.213908116563918],[77.27375865210034,16.188521484499873],[77.28080096845183,16.164050031507728],[77.29467720364704,16.142440997702348],[77.31428157403893,16.12541327185709],[77.33805385632719,16.1143209391278],[77.36410348976925,16.110045906678423],[77.3903595312662,16.11292802715727],[77.4147346927242,16.122738182696278],[77.43529065324269,16.13869643011127],[77.45039174517731,16.15953379136219],[77.45883496806461,16.18359286087505],[77.45994604051796,16.20895934597868],[77.45363375596571,16.233614190884982],[77.4403981050191,16.255594255114953],[77.42129124924043,16.273148769768756],[77.39783420947745,16.284879059411136],[77.3718957597642,16.2898502951556],[77.3667,16.289988659514822]]]}"
13_9,0.4521123534878466,Sitapur_UP,2013.0,"{""type"":""Polygon"",""coordinates"":[[[80.6827,27.65188865951482],[80.65432489611186,27.648304228241166],[80.62821365813892,27.63783692751006],[80.60644831592248,27.621321760461107],[80.59076221562714,27.60007570752279],[80.5824017921373,27.57579215160642],[80.58202804054481,27.55040539868766],[80.58966530967456,27.525936292394455],[80.60470104991525,27.504331339767294],[80.62593600911023,27.487308156423286],[80.65168043639373,27.476219411465216],[80.6798884094853,27.47194589412773],[80.7083196513261,27.47482698506795],[80.73471627846946,27.484633887135477],[80.75698089973454,27.500587670846695],[80.77334239176797,27.521420749503058],[80.78249652101816,27.54547705329466],[80.78371033316691,27.570843153187752],[80.77688182714026,27.59550011482615],[80.76254975278471,27.61748413802902],[80.74185222925912,27.635043218148933],[80.7164370055958,27.64677725360981],[80.68833023453917,27.65175024486334],[80.6827,27.65188865951482]]]}"
13_10,0.4773323271710977,Thanjavur_TN,2013.0,"{""type"":""Polygon"",""coordinates"":[[[79.1378,10.875188659514825],[79.11220561319938,10.871606057561587],[79.08865025805501,10.861143673046127],[79.06901011946549,10.84463497285602],[79.05484882230438,10.823394917379183],[79.04729288473013,10.799115017249006],[79.04694227622454,10.773728438444333],[79.05382312589329,10.74925597180781],[79.06738619800758,10.727645173968895],[79.08655108270825,10.710615484081256],[79.10979243906202,10.699521599824196],[79.13526135250481,10.695245912106584],[79.16093216681246,10.698128477852475],[79.18476320881862,10.707940040386287],[79.2048587713819,10.723900217858345],[79.21961962497794,10.744739430341806],[79.22787019688376,10.768799694733865],[79.2289523329681,10.794166345342791],[79.22277812310269,10.818820274419672],[79.2098374513208,10.840798627064014],[79.1911594976515,10.858351168575298],[79.16823109935969,10.870079839629138],[79.14287837876381,10.87505031688434],[79.1378,10.875188659514825]]]}"
13_11,0.3000788962049292,Indore_MP,2013.0,"{""type"":""Polygon"",""coordinates"":[[[75.8577,22.809588659514823],[75.8304333345984,22.8060047981807],[75.80534111108686,22.79553902904856],[75.7844234270906,22.779025876446607],[75.76934596614853,22.75778169135814],[75.76130721413118,22.733499273523424],[75.76094359014812,22.70811257411001],[75.76827987385578,22.683642420685914],[75.78272853291536,22.66203564745301],[75.80313759833304,22.64501043795061],[75.82788293415719,22.633920092798935],[75.85499738222566,22.629645899725254],[75.88232654709061,22.632527449835756],[75.90769906966551,22.642335802980963],[75.92909821171008,22.658291577669733],[75.94482148095986,22.679126566727597],[75.95361587229772,22.703184104527992],[75.95477804814826,22.72855037666053],[75.94821135009705,22.753206394388396],[75.93443478692654,22.77518865165022],[75.91454288035347,22.792745695037475],[75.89011920035263,22.804478059300095],[75.86311026271613,22.80945026730237],[75.8577,22.809588659514823]]]}"
14_0,0.39869141437405675,Champaign_IL,2014.0,"{""type"":""Polygon"",""coordinates"":[[[-88.2434,40.206388659514815],[-88.27630939606253,40.20280245690622],[-88.30658945374208,40.192330396572295],[-88.33182318818,40.17580897080493],[-88.35000045335934,40.15455711679832],[-88.35967842160866,40.1302700290398],[-88.36009514198224,40.104883114104844],[-88.35122755239688,40.08041726331014],[-88.33379016017683,40.058817966018246],[-88.3091754810049,40.04180107402665],[-88.27934180731103,40.03071729661842],[-88.24665766137929,40.026445876753655],[-88.21371520407743,40.02932554245242],[-88.18312684795484,40.039127940018545],[-88.15732035387803,40.055075541961315],[-88.13834778202512,40.07590268692175],[-88.12772282220239,40.09995515520155],[-88.12629923651603,40.12532071598363],[-88.13420041256671,40.14998060599124],[-88.15080640146132,40.171970113193],[-88.17480045085301,40.18953552089764],[-88.20427221490087,40.20127474960526],[-88.23686993752474,40.2062501751225],[-88.2434,40.206388659514815]]]}"
14_1,0.2933289010155167,Lubbock_TX,2014.0,"{""type"":""Polygon"",""coordinates"":[[[-101.82,33.69998865951482],[-101.85021077001714,33.69640344004175],[-101.87800970265913,33.6859340213126],[-101.90117915619945,33.669416068908305],[-101.91787372456682,33.64816743387717],[-101.92676747452073,33.62388230540104],[-101.92715855695913,33.59849547959094],[-101.9190231639463,33.574027821710494],[-101.90301513842277,33.55242538612351],[-101.88041198109698,33.535405003358996],[-101.85301215452868,33.52431846990867],[-101.82299216571712,33.520045886392474],[-101.79273472404502,33.5229263427945],[-101.76464121547097,33.53273123947279],[-101.74094275942407,33.54868227132106],[-101.72352420653516,33.56951270893958],[-101.7137745920999,33.59356730607938],[-101.7124757936725,33.618933166791486],[-101.71973849029403,33.64359143245969],[-101.73499107748042,33.66557789673162],[-101.75702312925804,33.68313979292463],[-101.7840805885228,33.694876139385585],[-101.81400547801694,33.69985021383076],[-101.82,33.69998865951482]]]}"
14_2,0.39883324749700994,Yolo_CA,2014.0,"{""type"":""Polygon"",""coordinates"":[[[-121.83,38.699988659514815],[-121.86220500193224,38.69640270004724],[-121.89183744249466,38.68593129299138],[-121.91653237221968,38.66941072613869],[-121.93432264500463,38.64815966804546],[-121.94379594101612,38.623873064613385],[-121.944205990838,38.59848617153487],[-121.93552953107236,38.574019873779754],[-121.91846522948293,38.55241980048011],[-121.89437557884942,38.53540204543123],[-121.86517715498275,38.52431758667026],[-121.83318836593202,38.52004587913648],[-121.80094670920553,38.52292574030621],[-121.77100952305388,38.532728755700376],[-121.7457532471253,38.54867720563664],[-121.72718629947299,38.569505164749486],[-121.71678983163105,38.593558159534005],[-121.71539883799544,38.618923794656965],[-121.72313338252211,38.643583283173534],[-121.73938612868145,38.66557203801497],[-121.76286807291602,38.68313657738752],[-121.79170966265637,38.694875093313115],[-121.82360972422885,38.69985018469559],[-121.83,38.699988659514815]]]}"
14_3,0.4246650693647209,Lancaster_NE,2014.0,"{""type"":""Polygon"",""coordinates"":[[[-96.69000000000001,40.869988659514824],[-96.72323695876713,40.86640234635525],[-96.75381817415831,40.85592998899468],[-96.77930246216118,40.839408172716674],[-96.79765968075989,40.81815595686395],[-96.80743281691649,40.793868648942016],[-96.80785262998835,40.76848172410961],[-96.79889615438138,40.74401607654833],[-96.78128526545544,40.722417132062226],[-96.756426441196,40.7054006324294],[-96.72629737254441,40.69431716476346],[-96.69328988389252,40.69004587567048],[-96.66002155274802,40.69292545251],[-96.62913039931018,40.70272756921344],[-96.60306804759288,40.7186747856489],[-96.58390685137198,40.739501560466756],[-96.5731756321511,40.76355378935353],[-96.57173688151804,40.78891931629863],[-96.57971553546953,40.8135793888062],[-96.5964857827767,40.83556923804821],[-96.62071796901049,40.853135040541645],[-96.65048277878107,40.864874593329],[-96.68340493277856,40.86985017076981],[-96.69000000000001,40.869988659514824]]]}"
14_4,0.40838771556377534,Riley_KS,2014.0,"{""type"":""Polygon"",""coordinates"":[[[-96.73,39.40998865951482],[-96.76253040290038,39.40640258675903],[-96.79246201650948,39.39593087531545],[-96.81740585358375,39.37940990825601],[-96.83537490378686,39.3581584793034],[-96.84494275337966,39.33387165018752],[-96.84535588783787,39.30848474691015],[-96.83659113579905,39.284018657406264],[-96.81935448151191,39.26241894568736],[-96.7950222868221,39.24540159278877],[-96.76553039918639,39.23431745151507],[-96.73322037816155,39.23004587802617],[-96.70065497458346,39.23292564811241],[-96.67041696989682,39.242728375619144],[-96.64490651291429,39.258676430423044],[-96.62615218294852,39.27950401017963],[-96.61565016270376,39.30355675964753],[-96.61424411582058,39.32892236014583],[-96.62205564069923,39.353582035750215],[-96.63847157349176,39.3755711411593],[-96.66219009121731,39.39313608512792],[-96.69132279634952,39.404874933167086],[-96.72354514857467,39.409850180235146],[-96.73,39.40998865951482]]]}"
14_5,0.4076509813113826,Story_IA,2014.0,"{""type"":""Polygon"",""coordinates"":[[[-93.62000000000002,42.11998865951483],[-93.65388456873679,42.11640213195586],[-93.68506118533192,42.10592919855888],[-93.71104081992758,42.08940662497027],[-93.72975379759605,42.06815370743223],[-93.73971506354312,42.04386597261965],[-93.74014097074837,42.01847902866409],[-93.7310087506586,41.99401377526587],[-93.7130548504886,41.97241551495094],[-93.6877133543127,41.95539977614986],[-93.65700030314552,41.944316909092876],[-93.62335358572727,41.94004587357013],[-93.58944102240196,41.94292527810929],[-93.55795125364739,41.95272685020544],[-93.53138307650272,41.968673319100795],[-93.51184896373536,41.989499376137026],[-93.50090765419401,42.013551140747055],[-93.49943890248966,42.038916602006026],[-93.50757071202895,42.06357702836078],[-93.52466568743166,42.08556754087142],[-93.5493686701853,42.10313410896576],[-93.57971284199093,42.11487429025177],[-93.61327641456649,42.1198501623283],[-93.62000000000002,42.11998865951483]]]}"
14_6,0.4633617620405316,Karnal_HR,2014.0,"{""type"":""Polygon"",""coordinates"":[[[76.9905,29.775688659514824],[76.96154284003352,29.77210396251622],[76.93489647416555,29.761635947729435],[76.91268593789329,29.745119841587535],[76.89668010919358,29.72387291801383],[76.8881506236561,29.699588831766373],[76.88777141887279,29.674202054130692],[76.89556665915605,29.649733436103244],[76.91091069112841,29.62812933214356],[76.93257944713096,29.611107093151027],[76.95884870937671,29.600019093948937],[76.98763116048724,29.595745891519194],[77.01664137625148,29.598626768476873],[77.04357598717132,29.608432994290155],[77.0662952113909,29.62438585006549],[77.08299186984506,29.645218038227092],[77.09233483705388,29.669273766666574],[77.09357563658618,29.694639786052093],[77.08660950292669,29.719297187492376],[77.07198559138165,29.741282033798935],[77.05086494037764,29.7588420633809],[77.02492900566789,29.77057687797148],[76.99624574372025,29.775550234401415],[76.9905,29.775688659514824]]]}"
14_7,0.26821414111840136,Ahmedabad_GJ,2014.0,"{""type"":""Polygon"",""coordinates"":[[[72.5714,23.11248865951482],[72.54407220509292,23.108904763804446],[72.5189237867614,23.09843890229071],[72.4979593629697,23.081925628177025],[72.48284834866456,23.06068133040988],[72.47479187181345,23.036398843907776],[72.47442770306257,23.011012141248155],[72.48178059405642,22.98654205097758],[72.49626162940231,22.96493538756891],[72.51671623110752,22.947910300301352],[72.54151664580148,22.936820051691896],[72.56869137510789,22.932545899387538],[72.59608129231934,22.935427421794763],[72.62151027178292,22.94523568739352],[72.64295713125615,22.961191341968316],[72.65871559521983,22.982026215782668],[72.66752983245912,23.00608367915437],[72.6686948690047,23.031449940915078],[72.66211374761552,23.05610601559879],[72.6483065617822,23.078088379394124],[72.62837023496249,23.09564554563904],[72.6038918759963,23.10737801070426],[72.57682239409088,23.112350265948955],[72.5714,23.11248865951482]]]}"
14_8,0.3630941282543381,Raichur_KA,2014.0,"{""type"":""Polygon"",""coordinates"":[[[77.3667,16.289988659514822],[77.34051418541607,16.28640550564773],[77.31641543918332,16.275941637802667],[77.29632385919271,16.25943098618462],[77.2818391582423,16.23818912055263],[77.27411319734874,16.213908116563918],[77.27375865210034,16.188521484499873],[77.28080096845183,16.164050031507728],[77.29467720364704,16.142440997702348],[77.31428157403893,16.12541327185709],[77.33805385632719,16.1143209391278],[77.36410348976925,16.110045906678423],[77.3903595312662,16.11292802715727],[77.4147346927242,16.122738182696278],[77.43529065324269,16.13869643011127],[77.45039174517731,16.15953379136219],[77.45883496806461,16.18359286087505],[77.45994604051796,16.20895934597868],[77.45363375596571,16.233614190884982],[77.4403981050191,16.255594255114953],[77.42129124924043,16.273148769768756],[77.39783420947745,16.284879059411136],[77.3718957597642,16.2898502951556],[77.3667,16.289988659514822]]]}"
14_9,0.46526982371632314,Sitapur_UP,2014.0,"{""type"":""Polygon"",""coordinates"":[[[80.6827,27.65188865951482],[80.65432489611186,27.648304228241166],[80.62821365813892,27.63783692751006],[80.60644831592248,27.621321760461107],[80.59076221562714,27.60007570752279],[80.5824017921373,27.57579215160642],[80.58202804054481,27.55040539868766],[80.58966530967456,27.525936292394455],[80.60470104991525,27.504331339767294],[80.62593600911023,27.487308156423286],[80.65168043639373,27.476219411465216],[80.6798884094853,27.47194589412773],[80.7083196513261,27.47482698506795],[80.73471627846946,27.484633887135477],[80.75698089973454,27.500587670846695],[80.77334239176797,27.521420749503058],[80.78249652101816,27.54547705329466],[80.78371033316691,27.570843153187752],[80.77688182714026,27.59550011482615],[80.76254975278471,27.61748413802902],[80.74185222925912,27.635043218148933],[80.7164370055958,27.64677725360981],[80.68833023453917,27.65175024486334],[80.6827,27.65188865951482]]]}"
14_10,0.44969794110922895,Thanjavur_TN,2014.0,"{""type"":""Polygon"",""coordinates"":[[[79.1378,10.875188659514825],[79.11220561319938,10.871606057561587],[79.08865025805501,10.861143673046127],[79.06901011946549,10.84463497285602],[79.05484882230438,10.823394917379183],[79.04729288473013,10.799115017249006],[79.04694227622454,10.773728438444333],[79.05382312589329,10.74925597180781],[79.06738619800758,10.727645173968895],[79.08655108270825,10.710615484081256],[79.10979243906202,10.699521599824196],[79.13526135250481,10.695245912106584],[79.16093216681246,10.698128477852475],[79.18476320881862,10.707940040386287],[79.2048587713819,10.723900217858345],[79.21961962497794,10.744739430341806],[79.22787019688376,10.768799694733865],[79.2289523329681,10.794166345342791],[79.22277812310269,10.818820274419672],[79.2098374513208,10.840798627064014],[79.1911594976515,10.858351168575298],[79.16823109935969,10.870079839629138],[79.14287837876381,10.87505031688434],[79.1378,10.875188659514825]]]}"
14_11,0.32794679219244216,Indore_MP,2014.0,"{""type"":""Polygon"",""coordinates"":[[[75.8577,22.809588659514823],[75.8304333345984,22.8060047981807],[75.80534111108686,22.79553902904856],[75.7844234270906,22.779025876446607],[75.76934596614853,22.75778169135814],[75.76130721413118,22.733499273523424],[75.76094359014812,22.70811257411001],[75.76827987385578,22.683642420685914],[75.78272853291536,22.66203564745301],[75.80313759833304,22.64501043795061],[75.82788293415719,22.633920092798935],[75.85499738222566,22.629645899725254],[75.88232654709061,22.632527449835756],[75.90769906966551,22.642335802980963],[75.92909821171008,22.658291577669733],[75.94482148095986,22.679126566727597],[75.95361587229772,22.703184104527992],[75.95477804814826,22.72855037666053],[75.94821135009705,22.753206394388396],[75.93443478692654,22.77518865165022],[75.91454288035347,22.792745695037475],[75.89011920035263,22.804478059300095],[75.86311026271613,22.80945026730237],[75.8577,22.809588659514823]]]}"
15_0,0.42063678602563787,Champaign_IL,2015.0,"{""type"":""Polygon"",""coordinates"":[[[-88.2434,40.206388659514815],[-88.27630939606253,40.20280245690622],[-88.30658945374208,40.192330396572295],[-88.33182318818,40.17580897080493],[-88.35000045335934,40.15455711679832],[-88.35967842160866,40.1302700290398],[-88.36009514198224,40.104883114104844],[-88.35122755239688,40.08041726331014],[-88.33379016017683,40.058817966018246],[-88.3091754810049,40.04180107402665],[-88.27934180731103,40.03071729661842],[-88.24665766137929,40.026445876753655],[-88.21371520407743,40.02932554245242],[-88.18312684795484,40.039127940018545],[-88.15732035387803,40.055075541961315],[-88.13834778202512,40.07590268692175],[-88.12772282220239,40.09995515520155],[-88.12629923651603,40.12532071598363],[-88.13420041256671,40.14998060599124],[-88.15080640146132,40.171970113193],[-88.17480045085301,40.18953552089764],[-88.20427221490087,40.20127474960526],[-88.23686993752474,40.2062501751225],[-88.2434,40.206388659514815]]]}"
15_1,0.32565416211438186,Lubbock_TX,2015.0,"{""type"":""Polygon"",""coordinates"":[[[-101.82,33.69998865951482],[-101.85021077001714,33.69640344004175],[-101.87800970265913,33.6859340213126],[-101.90117915619945,33.669416068908305],[-101.91787372456682,33.64816743387717],[-101.92676747452073,33.62388230540104],[-101.92715855695913,33.59849547959094],[-101.9190231639463,33.574027821710494],[-101.90301513842277,33.55242538612351],[-101.88041198109698,33.535405003358996],[-101.85301215452868,33.52431846990867],[-101.82299216571712,33.520045886392474],[-101.79273472404502,33.5229263427945],[-101.76464121547097,33.53273123947279],[-101.74094275942407,33.54868227132106],[-101.72352420653516,33.56951270893958],[-101.7137745920999,33.59356730607938],[-101.7124757936725,33.618933166791486],[-101.71973849029403,33.64359143245969],[-101.73499107748042,33.66557789673162],[-101.75702312925804,33.68313979292463],[-101.7840805885228,33.694876139385585],[-101.81400547801694,33.69985021383076],[-101.82,33.69998865951482]]]}"
15_2,0.41958801405140617,Yolo_CA,2015.0,"{""type"":""Polygon"",""coordinates"":[[[-121.83,38.699988659514815],[-121.86220500193224,38.69640270004724],[-121.89183744249466,38.68593129299138],[-121.91653237221968,38.66941072613869],[-121.93432264500463,38.64815966804546],[-121.94379594101612,38.623873064613385],[-121.944205990838,38.59848617153487],[-121.93552953107236,38.574019873779754],[-121.91846522948293,38.55241980048011],[-121.89437557884942,38.53540204543123],[-121.86517715498275,38.52431758667026],[-121.83318836593202,38.52004587913648],[-121.80094670920553,38.52292574030621],[-121.77100952305388,38.532728755700376],[-121.7457532471253,38.54867720563664],[-121.72718629947299,38.569505164749486],[-121.71678983163105,38.593558159534005],[-121.71539883799544,38.618923794656965],[-121.72313338252211,38.643583283173534],[-121.73938612868145,38.66557203801497],[-121.76286807291602,38.68313657738752],[-121.79170966265637,38.694875093313115],[-121.82360972422885,38.69985018469559],[-121.83,38.699988659514815]]]}"
15_3,0.4331570930435236,Lancaster_NE,2015.0,"{""type"":""Polygon"",""coordinates"":[[[-96.69000000000001,40.869988659514824],[-96.72323695876713,40.86640234635525],[-96.75381817415831,40.85592998899468],[-96.77930246216118,40.839408172716674],[-96.79765968075989,40.81815595686395],[-96.80743281691649,40.793868648942016],[-96.80785262998835,40.76848172410961],[-96.79889615438138,40.74401607654833],[-96.78128526545544,40.722417132062226],[-96.756426441196,40.7054006324294],[-96.72629737254441,40.69431716476346],[-96.69328988389252,40.69004587567048],[-96.66002155274802,40.69292545251],[-96.62913039931018,40.70272756921344],[-96.60306804759288,40.7186747856489],[-96.58390685137198,40.739501560466756],[-96.5731756321511,40.76355378935353],[-96.57173688151804,40.78891931629863],[-96.57971553546953,40.8135793888062],[-96.5964857827767,40.83556923804821],[-96.62071796901049,40.853135040541645],[-96.65048277878107,40.864874593329],[-96.68340493277856,40.86985017076981],[-96.69000000000001,40.869988659514824]]]}"
15_4,0.43248977109808634,Riley_KS,2015.0,"{""type"":""Polygon"",""coordinates"":[[[-96.73,39.40998865951482],[-96.76253040290038,39.40640258675903],[-96.79246201650948,39.39593087531545],[-96.81740585358375,39.37940990825601],[-96.83537490378686,39.3581584793034],[-96.84494275337966,39.33387165018752],[-96.84535588783787,39.30848474691015],[-96.83659113579905,39.284018657406264],[-96.81935448151191,39.26241894568736],[-96.7950222868221,39.24540159278877],[-96.76553039918639,39.23431745151507],[-96.73322037816155,39.23004587802617],[-96.70065497458346,39.23292564811241],[-96.67041696989682,39.242728375619144],[-96.64490651291429,39.258676430423044],[-96.62615218294852,39.27950401017963],[-96.61565016270376,39.30355675964753],[-96.61424411582058,39.32892236014583],[-96.62205564069923,39.353582035750215],[-96.63847157349176,39.3755711411593],[-96.66219009121731,39.39313608512792],[-96.69132279634952,39.404874933167086],[-96.72354514857467,39.409850180235146],[-96.73,39.40998865951482]]]}"
15_5,0.4239121369568877,Story_IA,2015.0,"{""type"":""Polygon"",""coordinates"":[[[-93.62000000000002,42.11998865951483],[-93.65388456873679,42.11640213195586],[-93.68506118533192,42.10592919855888],[-93.71104081992758,42.08940662497027],[-93.72975379759605,42.06815370743223],[-93.73971506354312,42.04386597261965],[-93.74014097074837,42.01847902866409],[-93.7310087506586,41.99401377526587],[-93.7130548504886,41.97241551495094],[-93.6877133543127,41.95539977614986],[-93.65700030314552,41.944316909092876],[-93.62335358572727,41.94004587357013],[-93.58944102240196,41.94292527810929],[-93.55795125364739,41.95272685020544],[-93.53138307650272,41.968673319100795],[-93.51184896373536,41.989499376137026],[-93.50090765419401,42.013551140747055],[-93.49943890248966,42.038916602006026],[-93.50757071202895,42.06357702836078],[-93.52466568743166,42.08556754087142],[-93.5493686701853,42.10313410896576],[-93.57971284199093,42.11487429025177],[-93.61327641456649,42.1198501623283],[-93.62000000000002,42.11998865951483]]]}"
15_6,0.46814992827030305,Karnal_HR,2015.0,"{""type"":""Polygon"",""coordinates"":[[[76.9905,29.775688659514824],[76.96154284003352,29.77210396251622],[76.93489647416555,29.761635947729435],[76.91268593789329,29.745119841587535],[76.89668010919358,29.72387291801383],[76.8881506236561,29.699588831766373],[76.88777141887279,29.674202054130692],[76.89556665915605,29.649733436103244],[76.91091069112841,29.62812933214356],[76.93257944713096,29.611107093151027],[76.95884870937671,29.600019093948937],[76.98763116048724,29.595745891519194],[77.01664137625148,29.598626768476873],[77.04357598717132,29.608432994290155],[77.0662952113909,29.62438585006549],[77.08299186984506,29.645218038227092],[77.09233483705388,29.669273766666574],[77.09357563658618,29.694639786052093],[77.08660950292669,29.719297187492376],[77.07198559138165,29.741282033798935],[77.05086494037764,29.7588420633809],[77.02492900566789,29.77057687797148],[76.99624574372025,29.775550234401415],[76.9905,29.775688659514824]]]}"
15_7,0.25326956970398273,Ahmedabad_GJ,2015.0,"{""type"":""Polygon"",""coordinates"":[[[72.5714,23.11248865951482],[72.54407220509292,23.108904763804446],[72.5189237867614,23.09843890229071],[72.4979593629697,23.081925628177025],[72.48284834866456,23.06068133040988],[72.47479187181345,23.036398843907776],[72.47442770306257,23.011012141248155],[72.48178059405642,22.98654205097758],[72.49626162940231,22.96493538756891],[72.51671623110752,22.947910300301352],[72.54151664580148,22.936820051691896],[72.56869137510789,22.932545899387538],[72.59608129231934,22.935427421794763],[72.62151027178292,22.94523568739352],[72.64295713125615,22.961191341968316],[72.65871559521983,22.982026215782668],[72.66752983245912,23.00608367915437],[72.6686948690047,23.031449940915078],[72.66211374761552,23.05610601559879],[72.6483065617822,23.078088379394124],[72.62837023496249,23.09564554563904],[72.6038918759963,23.10737801070426],[72.57682239409088,23.112350265948955],[72.5714,23.11248865951482]]]}"
15_8,0.32615643281276896,Raichur_KA,2015.0,"{""type"":""Polygon"",""coordinates"":[[[77.3667,16.289988659514822],[77.34051418541607,16.28640550564773],[77.31641543918332,16.275941637802667],[77.29632385919271,16.25943098618462],[77.2818391582423,16.23818912055263],[77.27411319734874,16.213908116563918],[77.27375865210034,16.188521484499873],[77.28080096845183,16.164050031507728],[77.29467720364704,16.142440997702348],[77.31428157403893,16.12541327185709],[77.33805385632719,16.1143209391278],[77.36410348976925,16.110045906678423],[77.3903595312662,16.11292802715727],[77.4147346927242,16.122738182696278],[77.43529065324269,16.13869643011127],[77.45039174517731,16.15953379136219],[77.45883496806461,16.18359286087505],[77.45994604051796,16.20895934597868],[77.45363375596571,16.233614190884982],[77.4403981050191,16.255594255114953],[77.42129124924043,16.273148769768756],[77.39783420947745,16.284879059411136],[77.3718957597642,16.2898502951556],[77.3667,16.289988659514822]]]}"
15_9,0.4648079091482714,Sitapur_UP,2015.0,"{""type"":""Polygon"",""coordinates"":[[[80.6827,27.65188865951482],[80.65432489611186,27.648304228241166],[80.62821365813892,27.63783692751006],[80.60644831592248,27.621321760461107],[80.59076221562714,27.60007570752279],[80.5824017921373,27.57579215160642],[80.58202804054481,27.55040539868766],[80.58966530967456,27.525936292394455],[80.60470104991525,27.504331339767294],[80.62593600911023,27.487308156423286],[80.65168043639373,27.476219411465216],[80.6798884094853,27.47194589412773],[80.7083196513261,27.47482698506795],[80.73471627846946,27.484633887135477],[80.75698089973454,27.500587670846695],[80.77334239176797,27.521420749503058],[80.78249652101816,27.54547705329466],[80.78371033316691,27.570843153187752],[80.77688182714026,27.59550011482615],[80.76254975278471,27.61748413802902],[80.74185222925912,27.635043218148933],[80.7164370055958,27.64677725360981],[80.68833023453917,27.65175024486334],[80.6827,27.65188865951482]]]}"
15_10,0.5218499977269222,Thanjavur_TN,2015.0,"{""type"":""Polygon"",""coordinates"":[[[79.1378,10.875188659514825],[79.11220561319938,10.871606057561587],[79.08865025805501,10.861143673046127],[79.06901011946549,10.84463497285602],[79.05484882230438,10.823394917379183],[79.04729288473013,10.799115017249006],[79.04694227622454,10.773728438444333],[79.05382312589329,10.74925597180781],[79.06738619800758,10.727645173968895],[79.08655108270825,10.710615484081256],[79.10979243906202,10.699521599824196],[79.13526135250481,10.695245912106584],[79.16093216681246,10.698128477852475],[79.18476320881862,10.707940040386287],[79.2048587713819,10.723900217858345],[79.21961962497794,10.744739430341806],[79.22787019688376,10.768799694733865],[79.2289523329681,10.794166345342791],[79.22277812310269,10.818820274419672],[79.2098374513208,10.840798627064014],[79.1911594976515,10.858351168575298],[79.16823109935969,10.870079839629138],[79.14287837876381,10.87505031688434],[79.1378,10.875188659514825]]]}"
15_11,0.33786306052991966,Indore_MP,2015.0,"{""type"":""Polygon"",""coordinates"":[[[75.8577,22.809588659514823],[75.8304333345984,22.8060047981807],[75.80534111108686,22.79553902904856],[75.7844234270906,22.779025876446607],[75.76934596614853,22.75778169135814],[75.76130721413118,22.733499273523424],[75.76094359014812,22.70811257411001],[75.76827987385578,22.683642420685914],[75.78272853291536,22.66203564745301],[75.80313759833304,22.64501043795061],[75.82788293415719,22.633920092798935],[75.85499738222566,22.629645899725254],[75.88232654709061,22.632527449835756],[75.90769906966551,22.642335802980963],[75.92909821171008,22.658291577669733],[75.94482148095986,22.679126566727597],[75.95361587229772,22.703184104527992],[75.95477804814826,22.72855037666053],[75.94821135009705,22.753206394388396],[75.93443478692654,22.77518865165022],[75.91454288035347,22.792745695037475],[75.89011920035263,22.804478059300095],[75.86311026271613,22.80945026730237],[75.8577,22.809588659514823]]]}"
16_0,0.4530294325380709,Champaign_IL,2016.0,"{""type"":""Polygon"",""coordinates"":[[[-88.2434,40.206388659514815],[-88.27630939606253,40.20280245690622],[-88.30658945374208,40.192330396572295],[-88.33182318818,40.17580897080493],[-88.35000045335934,40.15455711679832],[-88.35967842160866,40.1302700290398],[-88.36009514198224,40.104883114104844],[-88.35122755239688,40.08041726331014],[-88.33379016017683,40.058817966018246],[-88.3091754810049,40.04180107402665],[-88.27934180731103,40.03071729661842],[-88.24665766137929,40.026445876753655],[-88.21371520407743,40.02932554245242],[-88.18312684795484,40.039127940018545],[-88.15732035387803,40.055075541961315],[-88.13834778202512,40.07590268692175],[-88.12772282220239,40.09995515520155],[-88.12629923651603,40.12532071598363],[-88.13420041256671,40.14998060599124],[-88.15080640146132,40.171970113193],[-88.17480045085301,40.18953552089764],[-88.20427221490087,40.20127474960526],[-88.23686993752474,40.2062501751225],[-88.2434,40.206388659514815]]]}"
16_1,0.3130298505619942,Lubbock_TX,2016.0,"{""type"":""Polygon"",""coordinates"":[[[-101.82,33.69998865951482],[-101.85021077001714,33.69640344004175],[-101.87800970265913,33.6859340213126],[-101.90117915619945,33.669416068908305],[-101.91787372456682,33.64816743387717],[-101.92676747452073,33.62388230540104],[-101.92715855695913,33.59849547959094],[-101.9190231639463,33.574027821710494],[-101.90301513842277,33.55242538612351],[-101.88041198109698,33.535405003358996],[-101.85301215452868,33.52431846990867],[-101.82299216571712,33.520045886392474],[-101.79273472404502,33.5229263427945],[-101.76464121547097,33.53273123947279],[-101.74094275942407,33.54868227132106],[-101.72352420653516,33.56951270893958],[-101.7137745920999,33.59356730607938],[-101.7124757936725,33.618933166791486],[-101.71973849029403,33.64359143245969],[-101.73499107748042,33.66557789673162],[-101.75702312925804,33.68313979292463],[-101.7840805885228,33.694876139385585],[-101.81400547801694,33.69985021383076],[-101.82,33.69998865951482]]]}"
16_2,0.4443192404371324,Yolo_CA,2016.0,"{""type"":""Polygon"",""coordinates"":[[[-121.83,38.699988659514815],[-121.86220500193224,38.69640270004724],[-121.89183744249466,38.68593129299138],[-121.91653237221968,38.66941072613869],[-121.93432264500463,38.64815966804546],[-121.94379594101612,38.623873064613385],[-121.944205990838,38.59848617153487],[-121.93552953107236,38.574019873779754],[-121.91846522948293,38.55241980048011],[-121.89437557884942,38.53540204543123],[-121.86517715498275,38.52431758667026],[-121.83318836593202,38.52004587913648],[-121.80094670920553,38.52292574030621],[-121.77100952305388,38.532728755700376],[-121.7457532471253,38.54867720563664],[-121.72718629947299,38.569505164749486],[-121.71678983163105,38.593558159534005],[-121.71539883799544,38.618923794656965],[-121.72313338252211,38.643583283173534],[-121.73938612868145,38.66557203801497],[-121.76286807291602,38.68313657738752],[-121.79170966265637,38.694875093313115],[-121.82360972422885,38.69985018469559],[-121.83,38.699988659514815]]]}"
16_3,0.4395487660349638,Lancaster_NE,2016.0,"{""type"":""Polygon"",""coordinates"":[[[-96.69000000000001,40.869988659514824],[-96.72323695876713,40.86640234635525],[-96.75381817415831,40.85592998899468],[-96.77930246216118,40.839408172716674],[-96.79765968075989,40.81815595686395],[-96.80743281691649,40.793868648942016],[-96.80785262998835,40.76848172410961],[-96.79889615438138,40.74401607654833],[-96.78128526545544,40.722417132062226],[-96.756426441196,40.7054006324294],[-96.72629737254441,40.69431716476346],[-96.69328988389252,40.69004587567048],[-96.66002155274802,40.69292545251],[-96.62913039931018,40.70272756921344],[-96.60306804759288,40.7186747856489],[-96.58390685137198,40.739501560466756],[-96.5731756321511,40.76355378935353],[-96.57173688151804,40.78891931629863],[-96.57971553546953,40.8135793888062],[-96.5964857827767,40.83556923804821],[-96.62071796901049,40.853135040541645],[-96.65048277878107,40.864874593329],[-96.68340493277856,40.86985017076981],[-96.69000000000001,40.869988659514824]]]}"
16_4,0.4440917959013152,Riley_KS,2016.0,"{""type"":""Polygon"",""coordinates"":[[[-96.73,39.40998865951482],[-96.76253040290038,39.40640258675903],[-96.79246201650948,39.39593087531545],[-96.81740585358375,39.37940990825601],[-96.83537490378686,39.3581584793034],[-96.84494275337966,39.33387165018752],[-96.84535588783787,39.30848474691015],[-96.83659113579905,39.284018657406264],[-96.81935448151191,39.26241894568736],[-96.7950222868221,39.24540159278877],[-96.76553039918639,39.23431745151507],[-96.73322037816155,39.23004587802617],[-96.70065497458346,39.23292564811241],[-96.67041696989682,39.242728375619144],[-96.64490651291429,39.258676430423044],[-96.62615218294852,39.27950401017963],[-96.61565016270376,39.30355675964753],[-96.61424411582058,39.32892236014583],[-96.62205564069923,39.353582035750215],[-96.63847157349176,39.3755711411593],[-96.66219009121731,39.39313608512792],[-96.69132279634952,39.404874933167086],[-96.72354514857467,39.409850180235146],[-96.73,39.40998865951482]]]}"
16_5,0.4192763301412242,Story_IA,2016.0,"{""type"":""Polygon"",""coordinates"":[[[-93.62000000000002,42.11998865951483],[-93.65388456873679,42.11640213195586],[-93.68506118533192,42.10592919855888],[-93.71104081992758,42.08940662497027],[-93.72975379759605,42.06815370743223],[-93.73971506354312,42.04386597261965],[-93.74014097074837,42.01847902866409],[-93.7310087506586,41.99401377526587],[-93.7130548504886,41.97241551495094],[-93.6877133543127,41.95539977614986],[-93.65700030314552,41.944316909092876],[-93.62335358572727,41.94004587357013],[-93.58944102240196,41.94292527810929],[-93.55795125364739,41.95272685020544],[-93.53138307650272,41.968673319100795],[-93.51184896373536,41.989499376137026],[-93.50090765419401,42.013551140747055],[-93.49943890248966,42.038916602006026],[-93.50757071202895,42.06357702836078],[-93.52466568743166,42.08556754087142],[-93.5493686701853,42.10313410896576],[-93.57971284199093,42.11487429025177],[-93.61327641456649,42.1198501623283],[-93.62000000000002,42.11998865951483]]]}"
16_6,0.45734426758171026,Karnal_HR,2016.0,"{""type"":""Polygon"",""coordinates"":[[[76.9905,29.775688659514824],[76.96154284003352,29.77210396251622],[76.93489647416555,29.761635947729435],[76.91268593789329,29.745119841587535],[76.89668010919358,29.72387291801383],[76.8881506236561,29.699588831766373],[76.88777141887279,29.674202054130692],[76.89556665915605,29.649733436103244],[76.91091069112841,29.62812933214356],[76.93257944713096,29.611107093151027],[76.95884870937671,29.600019093948937],[76.98763116048724,29.595745891519194],[77.01664137625148,29.598626768476873],[77.04357598717132,29.608432994290155],[77.0662952113909,29.62438585006549],[77.08299186984506,29.645218038227092],[77.09233483705388,29.669273766666574],[77.09357563658618,29.694639786052093],[77.08660950292669,29.719297187492376],[77.07198559138165,29.741282033798935],[77.05086494037764,29.7588420633809],[77.02492900566789,29.77057687797148],[76.99624574372025,29.775550234401415],[76.9905,29.775688659514824]]]}"
16_7,0.24461016824073065,Ahmedabad_GJ,2016.0,"{""type"":""Polygon"",""coordinates"":[[[72.5714,23.11248865951482],[72.54407220509292,23.108904763804446],[72.5189237867614,23.09843890229071],[72.4979593629697,23.081925628177025],[72.48284834866456,23.06068133040988],[72.47479187181345,23.036398843907776],[72.47442770306257,23.011012141248155],[72.48178059405642,22.98654205097758],[72.49626162940231,22.96493538756891],[72.51671623110752,22.947910300301352],[72.54151664580148,22.936820051691896],[72.56869137510789,22.932545899387538],[72.59608129231934,22.935427421794763],[72.62151027178292,22.94523568739352],[72.64295713125615,22.961191341968316],[72.65871559521983,22.982026215782668],[72.66752983245912,23.00608367915437],[72.6686948690047,23.031449940915078],[72.66211374761552,23.05610601559879],[72.6483065617822,23.078088379394124],[72.62837023496249,23.09564554563904],[72.6038918759963,23.10737801070426],[72.57682239409088,23.112350265948955],[72.5714,23.11248865951482]]]}"
16_8,0.3352818766299991,Raichur_KA,2016.0,"{""type"":""Polygon"",""coordinates"":[[[77.3667,16.289988659514822],[77.34051418541607,16.28640550564773],[77.31641543918332,16.275941637802667],[77.29632385919271,16.25943098618462],[77.2818391582423,16.23818912055263],[77.27411319734874,16.213908116563918],[77.27375865210034,16.188521484499873],[77.28080096845183,16.164050031507728],[77.29467720364704,16.142440997702348],[77.31428157403893,16.12541327185709],[77.33805385632719,16.1143209391278],[77.36410348976925,16.110045906678423],[77.3903595312662,16.11292802715727],[77.4147346927242,16.122738182696278],[77.43529065324269,16.13869643011127],[77.45039174517731,16.15953379136219],[77.45883496806461,16.18359286087505],[77.45994604051796,16.20895934597868],[77.45363375596571,16.233614190884982],[77.4403981050191,16.255594255114953],[77.42129124924043,16.273148769768756],[77.39783420947745,16.284879059411136],[77.3718957597642,16.2898502951556],[77.3667,16.289988659514822]]]}"
16_9,0.425428203353533,Sitapur_UP,2016.0,"{""type"":""Polygon"",""coordinates"":[[[80.6827,27.65188865951482],[80.65432489611186,27.648304228241166],[80.62821365813892,27.63783692751006],[80.60644831592248,27.621321760461107],[80.59076221562714,27.60007570752279],[80.5824017921373,27.57579215160642],[80.58202804054481,27.55040539868766],[80.58966530967456,27.525936292394455],[80.60470104991525,27.504331339767294],[80.62593600911023,27.487308156423286],[80.65168043639373,27.476219411465216],[80.6798884094853,27.47194589412773],[80.7083196513261,27.47482698506795],[80.73471627846946,27.484633887135477],[80.75698089973454,27.500587670846695],[80.77334239176797,27.521420749503058],[80.78249652101816,27.54547705329466],[80.78371033316691,27.570843153187752],[80.77688182714026,27.59550011482615],[80.76254975278471,27.61748413802902],[80.74185222925912,27.635043218148933],[80.7164370055958,27.64677725360981],[80.68833023453917,27.65175024486334],[80.6827,27.65188865951482]]]}"
16_10,0.4850564643455258,Thanjavur_TN,2016.0,"{""type"":""Polygon"",""coordinates"":[[[79.1378,10.875188659514825],[79.11220561319938,10.871606057561587],[79.08865025805501,10.861143673046127],[79.06901011946549,10.84463497285602],[79.05484882230438,10.823394917379183],[79.04729288473013,10.799115017249006],[79.04694227622454,10.773728438444333],[79.05382312589329,10.74925597180781],[79.06738619800758,10.727645173968895],[79.08655108270825,10.710615484081256],[79.10979243906202,10.699521599824196],[79.13526135250481,10.695245912106584],[79.16093216681246,10.698128477852475],[79.18476320881862,10.707940040386287],[79.2048587713819,10.723900217858345],[79.21961962497794,10.744739430341806],[79.22787019688376,10.768799694733865],[79.2289523329681,10.794166345342791],[79.22277812310269,10.818820274419672],[79.2098374513208,10.840798627064014],[79.1911594976515,10.858351168575298],[79.16823109935969,10.870079839629138],[79.14287837876381,10.87505031688434],[79.1378,10.875188659514825]]]}"
16_11,0.3031139872073969,Indore_MP,2016.0,"{""type"":""Polygon"",""coordinates"":[[[75.8577,22.809588659514823],[75.8304333345984,22.8060047981807],[75.80534111108686,22.79553902904856],[75.7844234270906,22.779025876446607],[75.76934596614853,22.75778169135814],[75.76130721413118,22.733499273523424],[75.76094359014812,22.70811257411001],[75.76827987385578,22.683642420685914],[75.78272853291536,22.66203564745301],[75.80313759833304,22.64501043795061],[75.82788293415719,22.633920092798935],[75.85499738222566,22.629645899725254],[75.88232654709061,22.632527449835756],[75.90769906966551,22.642335802980963],[75.92909821171008,22.658291577669733],[75.94482148095986,22.679126566727597],[75.95361587229772,22.703184104527992],[75.95477804814826,22.72855037666053],[75.94821135009705,22.753206394388396],[75.93443478692654,22.77518865165022],[75.91454288035347,22.792745695037475],[75.89011920035263,22.804478059300095],[75.86311026271613,22.80945026730237],[75.8577,22.809588659514823]]]}"
17_0,0.4427935095163209,Champaign_IL,2017.0,"{""type"":""Polygon"",""coordinates"":[[[-88.2434,40.206388659514815],[-88.27630939606253,40.20280245690622],[-88.30658945374208,40.192330396572295],[-88.33182318818,40.17580897080493],[-88.35000045335934,40.15455711679832],[-88.35967842160866,40.1302700290398],[-88.36009514198224,40.104883114104844],[-88.35122755239688,40.08041726331014],[-88.33379016017683,40.058817966018246],[-88.3091754810049,40.04180107402665],[-88.27934180731103,40.03071729661842],[-88.24665766137929,40.026445876753655],[-88.21371520407743,40.02932554245242],[-88.18312684795484,40.039127940018545],[-88.15732035387803,40.055075541961315],[-88.13834778202512,40.07590268692175],[-88.12772282220239,40.09995515520155],[-88.12629923651603,40.12532071598363],[-88.13420041256671,40.14998060599124],[-88.15080640146132,40.171970113193],[-88.17480045085301,40.18953552089764],[-88.20427221490087,40.20127474960526],[-88.23686993752474,40.2062501751225],[-88.2434,40.206388659514815]]]}"
17_1,0.3147435886355447,Lubbock_TX,2017.0,"{""type"":""Polygon"",""coordinates"":[[[-101.82,33.69998865951482],[-101.85021077001714,33.69640344004175],[-101.87800970265913,33.6859340213126],[-101.90117915619945,33.669416068908305],[-101.91787372456682,33.64816743387717],[-101.92676747452073,33.62388230540104],[-101.92715855695913,33.59849547959094],[-101.9190231639463,33.574027821710494],[-101.90301513842277,33.55242538612351],[-101.88041198109698,33.535405003358996],[-101.85301215452868,33.52431846990867],[-101.82299216571712,33.520045886392474],[-101.79273472404502,33.5229263427945],[-101.76464121547097,33.53273123947279],[-101.74094275942407,33.54868227132106],[-101.72352420653516,33.56951270893958],[-101.7137745920999,33.59356730607938],[-101.7124757936725,33.618933166791486],[-101.71973849029403,33.64359143245969],[-101.73499107748042,33.66557789673162],[-101.75702312925804,33.68313979292463],[-101.7840805885228,33.694876139385585],[-101.81400547801694,33.69985021383076],[-101.82,33.69998865951482]]]}"
17_2,0.4252535650708754,Yolo_CA,2017.0,"{""type"":""Polygon"",""coordinates"":[[[-121.83,38.699988659514815],[-121.86220500193224,38.69640270004724],[-121.89183744249466,38.68593129299138],[-121.91653237221968,38.66941072613869],[-121.93432264500463,38.64815966804546],[-121.94379594101612,38.623873064613385],[-121.944205990838,38.59848617153487],[-121.93552953107236,38.574019873779754],[-121.91846522948293,38.55241980048011],[-121.89437557884942,38.53540204543123],[-121.86517715498275,38.52431758667026],[-121.83318836593202,38.52004587913648],[-121.80094670920553,38.52292574030621],[-121.77100952305388,38.532728755700376],[-121.7457532471253,38.54867720563664],[-121.72718629947299,38.569505164749486],[-121.71678983163105,38.593558159534005],[-121.71539883799544,38.618923794656965],[-121.72313338252211,38.643583283173534],[-121.73938612868145,38.66557203801497],[-121.76286807291602,38.68313657738752],[-121.79170966265637,38.694875093313115],[-121.82360972422885,38.69985018469559],[-121.83,38.699988659514815]]]}"
17_3,0.4438886525362544,Lancaster_NE,2017.0,"{""type"":""Polygon"",""coordinates"":[[[-96.69000000000001,40.869988659514824],[-96.72323695876713,40.86640234635525],[-96.75381817415831,40.85592998899468],[-96.77930246216118,40.839408172716674],[-96.79765968075989,40.81815595686395],[-96.80743281691649,40.793868648942016],[-96.80785262998835,40.76848172410961],[-96.79889615438138,40.74401607654833],[-96.78128526545544,40.722417132062226],[-96.756426441196,40.7054006324294],[-96.72629737254441,40.69431716476346],[-96.69328988389252,40.69004587567048],[-96.66002155274802,40.69292545251],[-96.62913039931018,40.70272756921344],[-96.60306804759288,40.7186747856489],[-96.58390685137198,40.739501560466756],[-96.5731756321511,40.76355378935353],[-96.57173688151804,40.78891931629863],[-96.57971553546953,40.8135793888062],[-96.5964857827767,40.83556923804821],[-96.62071796901049,40.853135040541645],[-96.65048277878107,40.864874593329],[-96.68340493277856,40.86985017076981],[-96.69000000000001,40.869988659514824]]]}"
17_4,0.44266733914375417,Riley_KS,2017.0,"{""type"":""Polygon"",""coordinates"":[[[-96.73,39.40998865951482],[-96.76253040290038,39.40640258675903],[-96.79246201650948,39.39593087531545],[-96.81740585358375,39.37940990825601],[-96.83537490378686,39.3581584793034],[-96.84494275337966,39.33387165018752],[-96.84535588783787,39.30848474691015],[-96.83659113579905,39.284018657406264],[-96.81935448151191,39.26241894568736],[-96.7950222868221,39.24540159278877],[-96.76553039918639,39.23431745151507],[-96.73322037816155,39.23004587802617],[-96.70065497458346,39.23292564811241],[-96.67041696989682,39.242728375619144],[-96.64490651291429,39.258676430423044],[-96.62615218294852,39.27950401017963],[-96.61565016270376,39.30355675964753],[-96.61424411582058,39.32892236014583],[-96.62205564069923,39.353582035750215],[-96.63847157349176,39.3755711411593],[-96.66219009121731,39.39313608512792],[-96.69132279634952,39.404874933167086],[-96.72354514857467,39.409850180235146],[-96.73,39.40998865951482]]]}"
17_5,0.4379291842721991,Story_IA,2017.0,"{""type"":""Polygon"",""coordinates"":[[[-93.62000000000002,42.11998865951483],[-93.65388456873679,42.11640213195586],[-93.68506118533192,42.10592919855888],[-93.71104081992758,42.08940662497027],[-93.72975379759605,42.06815370743223],[-93.73971506354312,42.04386597261965],[-93.74014097074837,42.01847902866409],[-93.7310087506586,41.99401377526587],[-93.7130548504886,41.97241551495094],[-93.6877133543127,41.95539977614986],[-93.65700030314552,41.944316909092876],[-93.62335358572727,41.94004587357013],[-93.58944102240196,41.94292527810929],[-93.55795125364739,41.95272685020544],[-93.53138307650272,41.968673319100795],[-93.51184896373536,41.989499376137026],[-93.50090765419401,42.013551140747055],[-93.49943890248966,42.038916602006026],[-93.50757071202895,42.06357702836078],[-93.52466568743166,42.08556754087142],[-93.5493686701853,42.10313410896576],[-93.57971284199093,42.11487429025177],[-93.61327641456649,42.1198501623283],[-93.62000000000002,42.11998865951483]]]}"
17_6,0.46871628351315603,Karnal_HR,2017.0,"{""type"":""Polygon"",""coordinates"":[[[76.9905,29.775688659514824],[76.96154284003352,29.77210396251622],[76.93489647416555,29.761635947729435],[76.91268593789329,29.745119841587535],[76.89668010919358,29.72387291801383],[76.8881506236561,29.699588831766373],[76.88777141887279,29.674202054130692],[76.89556665915605,29.649733436103244],[76.91091069112841,29.62812933214356],[76.93257944713096,29.611107093151027],[76.95884870937671,29.600019093948937],[76.98763116048724,29.595745891519194],[77.01664137625148,29.598626768476873],[77.04357598717132,29.608432994290155],[77.0662952113909,29.62438585006549],[77.08299186984506,29.645218038227092],[77.09233483705388,29.669273766666574],[77.09357563658618,29.694639786052093],[77.08660950292669,29.719297187492376],[77.07198559138165,29.741282033798935],[77.05086494037764,29.7588420633809],[77.02492900566789,29.77057687797148],[76.99624574372025,29.775550234401415],[76.9905,29.775688659514824]]]}"
17_7,0.25304464911683255,Ahmedabad_GJ,2017.0,"{""type"":""Polygon"",""coordinates"":[[[72.5714,23.11248865951482],[72.54407220509292,23.108904763804446],[72.5189237867614,23.09843890229071],[72.4979593629697,23.081925628177025],[72.48284834866456,23.06068133040988],[72.47479187181345,23.036398843907776],[72.47442770306257,23.011012141248155],[72.48178059405642,22.98654205097758],[72.49626162940231,22.96493538756891],[72.51671623110752,22.947910300301352],[72.54151664580148,22.936820051691896],[72.56869137510789,22.932545899387538],[72.59608129231934,22.935427421794763],[72.62151027178292,22.94523568739352],[72.64295713125615,22.961191341968316],[72.65871559521983,22.982026215782668],[72.66752983245912,23.00608367915437],[72.6686948690047,23.031449940915078],[72.66211374761552,23.05610601559879],[72.6483065617822,23.078088379394124],[72.62837023496249,23.09564554563904],[72.6038918759963,23.10737801070426],[72.57682239409088,23.112350265948955],[72.5714,23.11248865951482]]]}"
17_8,0.36225974373141356,Raichur_KA,2017.0,"{""type"":""Polygon"",""coordinates"":[[[77.3667,16.289988659514822],[77.34051418541607,16.28640550564773],[77.31641543918332,16.275941637802667],[77.29632385919271,16.25943098618462],[77.2818391582423,16.23818912055263],[77.27411319734874,16.213908116563918],[77.27375865210034,16.188521484499873],[77.28080096845183,16.164050031507728],[77.29467720364704,16.142440997702348],[77.31428157403893,16.12541327185709],[77.33805385632719,16.1143209391278],[77.36410348976925,16.110045906678423],[77.3903595312662,16.11292802715727],[77.4147346927242,16.122738182696278],[77.43529065324269,16.13869643011127],[77.45039174517731,16.15953379136219],[77.45883496806461,16.18359286087505],[77.45994604051796,16.20895934597868],[77.45363375596571,16.233614190884982],[77.4403981050191,16.255594255114953],[77.42129124924043,16.273148769768756],[77.39783420947745,16.284879059411136],[77.3718957597642,16.2898502951556],[77.3667,16.289988659514822]]]}"
17_9,0.48149821193700576,Sitapur_UP,2017.0,"{""type"":""Polygon"",""coordinates"":[[[80.6827,27.65188865951482],[80.65432489611186,27.648304228241166],[80.62821365813892,27.63783692751006],[80.60644831592248,27.621321760461107],[80.59076221562714,27.60007570752279],[80.5824017921373,27.57579215160642],[80.58202804054481,27.55040539868766],[80.58966530967456,27.525936292394455],[80.60470104991525,27.504331339767294],[80.62593600911023,27.487308156423286],[80.65168043639373,27.476219411465216],[80.6798884094853,27.47194589412773],[80.7083196513261,27.47482698506795],[80.73471627846946,27.484633887135477],[80.75698089973454,27.500587670846695],[80.77334239176797,27.521420749503058],[80.78249652101816,27.54547705329466],[80.78371033316691,27.570843153187752],[80.77688182714026,27.59550011482615],[80.76254975278471,27.61748413802902],[80.74185222925912,27.635043218148933],[80.7164370055958,27.64677725360981],[80.68833023453917,27.65175024486334],[80.6827,27.65188865951482]]]}"
17_10,0.5049207557595117,Thanjavur_TN,2017.0,"{""type"":""Polygon"",""coordinates"":[[[79.1378,10.875188659514825],[79.11220561319938,10.871606057561587],[79.08865025805501,10.861143673046127],[79.06901011946549,10.84463497285602],[79.05484882230438,10.823394917379183],[79.04729288473013,10.799115017249006],[79.04694227622454,10.773728438444333],[79.05382312589329,10.74925597180781],[79.06738619800758,10.727645173968895],[79.08655108270825,10.710615484081256],[79.10979243906202,10.699521599824196],[79.13526135250481,10.695245912106584],[79.16093216681246,10.698128477852475],[79.18476320881862,10.707940040386287],[79.2048587713819,10.723900217858345],[79.21961962497794,10.744739430341806],[79.22787019688376,10.768799694733865],[79.2289523329681,10.794166345342791],[79.22277812310269,10.818820274419672],[79.2098374513208,10.840798627064014],[79.1911594976515,10.858351168575298],[79.16823109935969,10.870079839629138],[79.14287837876381,10.87505031688434],[79.1378,10.875188659514825]]]}"
17_11,0.3301509306272034,Indore_MP,2017.0,"{""type"":""Polygon"",""coordinates"":[[[75.8577,22.809588659514823],[75.8304333345984,22.8060047981807],[75.80534111108686,22.79553902904856],[75.7844234270906,22.779025876446607],[75.76934596614853,22.75778169135814],[75.76130721413118,22.733499273523424],[75.76094359014812,22.70811257411001],[75.76827987385578,22.683642420685914],[75.78272853291536,22.66203564745301],[75.80313759833304,22.64501043795061],[75.82788293415719,22.633920092798935],[75.85499738222566,22.629645899725254],[75.88232654709061,22.632527449835756],[75.90769906966551,22.642335802980963],[75.92909821171008,22.658291577669733],[75.94482148095986,22.679126566727597],[75.95361587229772,22.703184104527992],[75.95477804814826,22.72855037666053],[75.94821135009705,22.753206394388396],[75.93443478692654,22.77518865165022],[75.91454288035347,22.792745695037475],[75.89011920035263,22.804478059300095],[75.86311026271613,22.80945026730237],[75.8577,22.809588659514823]]]}"
18_0,0.4476350249408782,Champaign_IL,2018.0,"{""type"":""Polygon"",""coordinates"":[[[-88.2434,40.206388659514815],[-88.27630939606253,40.20280245690622],[-88.30658945374208,40.192330396572295],[-88.33182318818,40.17580897080493],[-88.35000045335934,40.15455711679832],[-88.35967842160866,40.1302700290398],[-88.36009514198224,40.104883114104844],[-88.35122755239688,40.08041726331014],[-88.33379016017683,40.058817966018246],[-88.3091754810049,40.04180107402665],[-88.27934180731103,40.03071729661842],[-88.24665766137929,40.026445876753655],[-88.21371520407743,40.02932554245242],[-88.18312684795484,40.039127940018545],[-88.15732035387803,40.055075541961315],[-88.13834778202512,40.07590268692175],[-88.12772282220239,40.09995515520155],[-88.12629923651603,40.12532071598363],[-88.13420041256671,40.14998060599124],[-88.15080640146132,40.171970113193],[-88.17480045085301,40.18953552089764],[-88.20427221490087,40.20127474960526],[-88.23686993752474,40.2062501751225],[-88.2434,40.206388659514815]]]}"
18_1,0.28979531913626955,Lubbock_TX,2018.0,"{""type"":""Polygon"",""coordinates"":[[[-101.82,33.69998865951482],[-101.85021077001714,33.69640344004175],[-101.87800970265913,33.6859340213126],[-101.90117915619945,33.669416068908305],[-101.91787372456682,33.64816743387717],[-101.92676747452073,33.62388230540104],[-101.92715855695913,33.59849547959094],[-101.9190231639463,33.574027821710494],[-101.90301513842277,33.55242538612351],[-101.88041198109698,33.535405003358996],[-101.85301215452868,33.52431846990867],[-101.82299216571712,33.520045886392474],[-101.79273472404502,33.5229263427945],[-101.76464121547097,33.53273123947279],[-101.74094275942407,33.54868227132106],[-101.72352420653516,33.56951270893958],[-101.7137745920999,33.59356730607938],[-101.7124757936725,33.618933166791486],[-101.71973849029403,33.64359143245969],[-101.73499107748042,33.66557789673162],[-101.75702312925804,33.68313979292463],[-101.7840805885228,33.694876139385585],[-101.81400547801694,33.69985021383076],[-101.82,33.69998865951482]]]}"
18_2,0.44301239476219323,Yolo_CA,2018.0,"{""type"":""Polygon"",""coordinates"":[[[-121.83,38.699988659514815],[-121.86220500193224,38.69640270004724],[-121.89183744249466,38.68593129299138],[-121.91653237221968,38.66941072613869],[-121.93432264500463,38.64815966804546],[-121.94379594101612,38.623873064613385],[-121.944205990838,38.59848617153487],[-121.93552953107236,38.574019873779754],[-121.91846522948293,38.55241980048011],[-121.89437557884942,38.53540204543123],[-121.86517715498275,38.52431758667026],[-121.83318836593202,38.52004587913648],[-121.80094670920553,38.52292574030621],[-121.77100952305388,38.532728755700376],[-121.7457532471253,38.54867720563664],[-121.72718629947299,38.569505164749486],[-121.71678983163105,38.593558159534005],[-121.71539883799544,38.618923794656965],[-121.72313338252211,38.643583283173534],[-121.73938612868145,38.66557203801497],[-121.76286807291602,38.68313657738752],[-121.79170966265637,38.694875093313115],[-121.82360972422885,38.69985018469559],[-121.83,38.699988659514815]]]}"
18_3,0.4251055525503002,Lancaster_NE,2018.0,"{""type"":""Polygon"",""coordinates"":[[[-96.69000000000001,40.869988659514824],[-96.72323695876713,40.86640234635525],[-96.75381817415831,40.85592998899468],[-96.77930246216118,40.839408172716674],[-96.79765968075989,40.81815595686395],[-96.80743281691649,40.793868648942016],[-96.80785262998835,40.76848172410961],[-96.79889615438138,40.74401607654833],[-96.78128526545544,40.722417132062226],[-96.756426441196,40.7054006324294],[-96.72629737254441,40.69431716476346],[-96.69328988389252,40.69004587567048],[-96.66002155274802,40.69292545251],[-96.62913039931018,40.70272756921344],[-96.60306804759288,40.7186747856489],[-96.58390685137198,40.739501560466756],[-96.5731756321511,40.76355378935353],[-96.57173688151804,40.78891931629863],[-96.57971553546953,40.8135793888062],[-96.5964857827767,40.83556923804821],[-96.62071796901049,40.853135040541645],[-96.65048277878107,40.864874593329],[-96.68340493277856,40.86985017076981],[-96.69000000000001,40.869988659514824]]]}"
18_4,0.4310306950031555,Riley_KS,2018.0,"{""type"":""Polygon"",""coordinates"":[[[-96.73,39.40998865951482],[-96.76253040290038,39.40640258675903],[-96.79246201650948,39.39593087531545],[-96.81740585358375,39.37940990825601],[-96.83537490378686,39.3581584793034],[-96.84494275337966,39.33387165018752],[-96.84535588783787,39.30848474691015],[-96.83659113579905,39.284018657406264],[-96.81935448151191,39.26241894568736],[-96.7950222868221,39.24540159278877],[-96.76553039918639,39.23431745151507],[-96.73322037816155,39.23004587802617],[-96.70065497458346,39.23292564811241],[-96.67041696989682,39.242728375619144],[-96.64490651291429,39.258676430423044],[-96.62615218294852,39.27950401017963],[-96.61565016270376,39.30355675964753],[-96.61424411582058,39.32892236014583],[-96.62205564069923,39.353582035750215],[-96.63847157349176,39.3755711411593],[-96.66219009121731,39.39313608512792],[-96.69132279634952,39.404874933167086],[-96.72354514857467,39.409850180235146],[-96.73,39.40998865951482]]]}"
18_5,0.4215177976889677,Story_IA,2018.0,"{""type"":""Polygon"",""coordinates"":[[[-93.62000000000002,42.11998865951483],[-93.65388456873679,42.11640213195586],[-93.68506118533192,42.10592919855888],[-93.71104081992758,42.08940662497027],[-93.72975379759605,42.06815370743223],[-93.73971506354312,42.04386597261965],[-93.74014097074837,42.01847902866409],[-93.7310087506586,41.99401377526587],[-93.7130548504886,41.97241551495094],[-93.6877133543127,41.95539977614986],[-93.65700030314552,41.944316909092876],[-93.62335358572727,41.94004587357013],[-93.58944102240196,41.94292527810929],[-93.55795125364739,41.95272685020544],[-93.53138307650272,41.968673319100795],[-93.51184896373536,41.989499376137026],[-93.50090765419401,42.013551140747055],[-93.49943890248966,42.038916602006026],[-93.50757071202895,42.06357702836078],[-93.52466568743166,42.08556754087142],[-93.5493686701853,42.10313410896576],[-93.57971284199093,42.11487429025177],[-93.61327641456649,42.1198501623283],[-93.62000000000002,42.11998865951483]]]}"
18_6,0.4841167129564915,Karnal_HR,2018.0,"{""type"":""Polygon"",""coordinates"":[[[76.9905,29.775688659514824],[76.96154284003352,29.77210396251622],[76.93489647416555,29.761635947729435],[76.91268593789329,29.745119841587535],[76.89668010919358,29.72387291801383],[76.8881506236561,29.699588831766373],[76.88777141887279,29.674202054130692],[76.89556665915605,29.649733436103244],[76.91091069112841,29.62812933214356],[76.93257944713096,29.611107093151027],[76.95884870937671,29.600019093948937],[76.98763116048724,29.595745891519194],[77.01664137625148,29.598626768476873],[77.04357598717132,29.608432994290155],[77.0662952113909,29.62438585006549],[77.08299186984506,29.645218038227092],[77.09233483705388,29.669273766666574],[77.09357563658618,29.694639786052093],[77.08660950292669,29.719297187492376],[77.07198559138165,29.741282033798935],[77.05086494037764,29.7588420633809],[77.02492900566789,29.77057687797148],[76.99624574372025,29.775550234401415],[76.9905,29.775688659514824]]]}"
18_7,0.238858756457982,Ahmedabad_GJ,2018.0,"{""type"":""Polygon"",""coordinates"":[[[72.5714,23.11248865951482],[72.54407220509292,23.108904763804446],[72.5189237867614,23.09843890229071],[72.4979593629697,23.081925628177025],[72.48284834866456,23.06068133040988],[72.47479187181345,23.036398843907776],[72.47442770306257,23.011012141248155],[72.48178059405642,22.98654205097758],[72.49626162940231,22.96493538756891],[72.51671623110752,22.947910300301352],[72.54151664580148,22.936820051691896],[72.56869137510789,22.932545899387538],[72.59608129231934,22.935427421794763],[72.62151027178292,22.94523568739352],[72.64295713125615,22.961191341968316],[72.65871559521983,22.982026215782668],[72.66752983245912,23.00608367915437],[72.6686948690047,23.031449940915078],[72.66211374761552,23.05610601559879],[72.6483065617822,23.078088379394124],[72.62837023496249,23.09564554563904],[72.6038918759963,23.10737801070426],[72.57682239409088,23.112350265948955],[72.5714,23.11248865951482]]]}"
18_8,0.29404307145205416,Raichur_KA,2018.0,"{""type"":""Polygon"",""coordinates"":[[[77.3667,16.289988659514822],[77.34051418541607,16.28640550564773],[77.31641543918332,16.275941637802667],[77.29632385919271,16.25943098618462],[77.2818391582423,16.23818912055263],[77.27411319734874,16.213908116563918],[77.27375865210034,16.188521484499873],[77.28080096845183,16.164050031507728],[77.29467720364704,16.142440997702348],[77.31428157403893,16.12541327185709],[77.33805385632719,16.1143209391278],[77.36410348976925,16.110045906678423],[77.3903595312662,16.11292802715727],[77.4147346927242,16.122738182696278],[77.43529065324269,16.13869643011127],[77.45039174517731,16.15953379136219],[77.45883496806461,16.18359286087505],[77.45994604051796,16.20895934597868],[77.45363375596571,16.233614190884982],[77.4403981050191,16.255594255114953],[77.42129124924043,16.273148769768756],[77.39783420947745,16.284879059411136],[77.3718957597642,16.2898502951556],[77.3667,16.289988659514822]]]}"
18_9,0.46213700834252475,Sitapur_UP,2018.0,"{""type"":""Polygon"",""coordinates"":[[[80.6827,27.65188865951482],[80.65432489611186,27.648304228241166],[80.62821365813892,27.63783692751006],[80.60644831592248,27.621321760461107],[80.59076221562714,27.60007570752279],[80.5824017921373,27.57579215160642],[80.58202804054481,27.55040539868766],[80.58966530967456,27.525936292394455],[80.60470104991525,27.504331339767294],[80.62593600911023,27.487308156423286],[80.65168043639373,27.476219411465216],[80.6798884094853,27.47194589412773],[80.7083196513261,27.47482698506795],[80.73471627846946,27.484633887135477],[80.75698089973454,27.500587670846695],[80.77334239176797,27.521420749503058],[80.78249652101816,27.54547705329466],[80.78371033316691,27.570843153187752],[80.77688182714026,27.59550011482615],[80.76254975278471,27.61748413802902],[80.74185222925912,27.635043218148933],[80.7164370055958,27.64677725360981],[80.68833023453917,27.65175024486334],[80.6827,27.65188865951482]]]}"
18_10,0.4907847175982749,Thanjavur_TN,2018.0,"{""type"":""Polygon"",""coordinates"":[[[79.1378,10.875188659514825],[79.11220561319938,10.871606057561587],[79.08865025805501,10.861143673046127],[79.06901011946549,10.84463497285602],[79.05484882230438,10.823394917379183],[79.04729288473013,10.799115017249006],[79.04694227622454,10.773728438444333],[79.05382312589329,10.74925597180781],[79.06738619800758,10.727645173968895],[79.08655108270825,10.710615484081256],[79.10979243906202,10.699521599824196],[79.13526135250481,10.695245912106584],[79.16093216681246,10.698128477852475],[79.18476320881862,10.707940040386287],[79.2048587713819,10.723900217858345],[79.21961962497794,10.744739430341806],[79.22787019688376,10.768799694733865],[79.2289523329681,10.794166345342791],[79.22277812310269,10.818820274419672],[79.2098374513208,10.840798627064014],[79.1911594976515,10.858351168575298],[79.16823109935969,10.870079839629138],[79.14287837876381,10.87505031688434],[79.1378,10.875188659514825]]]}"
18_11,0.31788226737982855,Indore_MP,2018.0,"{""type"":""Polygon"",""coordinates"":[[[75.8577,22.809588659514823],[75.8304333345984,22.8060047981807],[75.80534111108686,22.79553902904856],[75.7844234270906,22.779025876446607],[75.76934596614853,22.75778169135814],[75.76130721413118,22.733499273523424],[75.76094359014812,22.70811257411001],[75.76827987385578,22.683642420685914],[75.78272853291536,22.66203564745301],[75.80313759833304,22.64501043795061],[75.82788293415719,22.633920092798935],[75.85499738222566,22.629645899725254],[75.88232654709061,22.632527449835756],[75.90769906966551,22.642335802980963],[75.92909821171008,22.658291577669733],[75.94482148095986,22.679126566727597],[75.95361587229772,22.703184104527992],[75.95477804814826,22.72855037666053],[75.94821135009705,22.753206394388396],[75.93443478692654,22.77518865165022],[75.91454288035347,22.792745695037475],[75.89011920035263,22.804478059300095],[75.86311026271613,22.80945026730237],[75.8577,22.809588659514823]]]}"
19_0,0.4284280050684119,Champaign_IL,2019.0,"{""type"":""Polygon"",""coordinates"":[[[-88.2434,40.206388659514815],[-88.27630939606253,40.20280245690622],[-88.30658945374208,40.192330396572295],[-88.33182318818,40.17580897080493],[-88.35000045335934,40.15455711679832],[-88.35967842160866,40.1302700290398],[-88.36009514198224,40.104883114104844],[-88.35122755239688,40.08041726331014],[-88.33379016017683,40.058817966018246],[-88.3091754810049,40.04180107402665],[-88.27934180731103,40.03071729661842],[-88.24665766137929,40.026445876753655],[-88.21371520407743,40.02932554245242],[-88.18312684795484,40.039127940018545],[-88.15732035387803,40.055075541961315],[-88.13834778202512,40.07590268692175],[-88.12772282220239,40.09995515520155],[-88.12629923651603,40.12532071598363],[-88.13420041256671,40.14998060599124],[-88.15080640146132,40.171970113193],[-88.17480045085301,40.18953552089764],[-88.20427221490087,40.20127474960526],[-88.23686993752474,40.2062501751225],[-88.2434,40.206388659514815]]]}"
19_1,0.33276110477301796,Lubbock_TX,2019.0,"{""type"":""Polygon"",""coordinates"":[[[-101.82,33.69998865951482],[-101.85021077001714,33.69640344004175],[-101.87800970265913,33.6859340213126],[-101.90117915619945,33.669416068908305],[-101.91787372456682,33.64816743387717],[-101.92676747452073,33.62388230540104],[-101.92715855695913,33.59849547959094],[-101.9190231639463,33.574027821710494],[-101.90301513842277,33.55242538612351],[-101.88041198109698,33.535405003358996],[-101.85301215452868,33.52431846990867],[-101.82299216571712,33.520045886392474],[-101.79273472404502,33.5229263427945],[-101.76464121547097,33.53273123947279],[-101.74094275942407,33.54868227132106],[-101.72352420653516,33.56951270893958],[-101.7137745920999,33.59356730607938],[-101.7124757936725,33.618933166791486],[-101.71973849029403,33.64359143245969],[-101.73499107748042,33.66557789673162],[-101.75702312925804,33.68313979292463],[-101.7840805885228,33.694876139385585],[-101.81400547801694,33.69985021383076],[-101.82,33.69998865951482]]]}"
19_2,0.46289994989546884,Yolo_CA,2019.0,"{""type"":""Polygon"",""coordinates"":[[[-121.83,38.699988659514815],[-121.86220500193224,38.69640270004724],[-121.89183744249466,38.68593129299138],[-121.91653237221968,38.66941072613869],[-121.93432264500463,38.64815966804546],[-121.94379594101612,38.623873064613385],[-121.944205990838,38.59848617153487],[-121.93552953107236,38.574019873779754],[-121.91846522948293,38.55241980048011],[-121.89437557884942,38.53540204543123],[-121.86517715498275,38.52431758667026],[-121.83318836593202,38.52004587913648],[-121.80094670920553,38.52292574030621],[-121.77100952305388,38.532728755700376],[-121.7457532471253,38.54867720563664],[-121.72718629947299,38.569505164749486],[-121.71678983163105,38.593558159534005],[-121.71539883799544,38.618923794656965],[-121.72313338252211,38.643583283173534],[-121.73938612868145,38.66557203801497],[-121.76286807291602,38.68313657738752],[-121.79170966265637,38.694875093313115],[-121.82360972422885,38.69985018469559],[-121.83,38.699988659514815]]]}"
19_3,0.42695088637031253,Lancaster_NE,2019.0,"{""type"":""Polygon"",""coordinates"":[[[-96.69000000000001,40.869988659514824],[-96.72323695876713,40.86640234635525],[-96.75381817415831,40.85592998899468],[-96.77930246216118,40.839408172716674],[-96.79765968075989,40.81815595686395],[-96.80743281691649,40.793868648942016],[-96.80785262998835,40.76848172410961],[-96.79889615438138,40.74401607654833],[-96.78128526545544,40.722417132062226],[-96.756426441196,40.7054006324294],[-96.72629737254441,40.69431716476346],[-96.69328988389252,40.69004587567048],[-96.66002155274802,40.69292545251],[-96.62913039931018,40.70272756921344],[-96.60306804759288,40.7186747856489],[-96.58390685137198,40.739501560466756],[-96.5731756321511,40.76355378935353],[-96.57173688151804,40.78891931629863],[-96.57971553546953,40.8135793888062],[-96.5964857827767,40.83556923804821],[-96.62071796901049,40.853135040541645],[-96.65048277878107,40.864874593329],[-96.68340493277856,40.86985017076981],[-96.69000000000001,40.869988659514824]]]}"
19_4,0.4291475084273172,Riley_KS,2019.0,"{""type"":""Polygon"",""coordinates"":[[[-96.73,39.40998865951482],[-96.76253040290038,39.40640258675903],[-96.79246201650948,39.39593087531545],[-96.81740585358375,39.37940990825601],[-96.83537490378686,39.3581584793034],[-96.84494275337966,39.33387165018752],[-96.84535588783787,39.30848474691015],[-96.83659113579905,39.284018657406264],[-96.81935448151191,39.26241894568736],[-96.7950222868221,39.24540159278877],[-96.76553039918639,39.23431745151507],[-96.73322037816155,39.23004587802617],[-96.70065497458346,39.23292564811241],[-96.67041696989682,39.242728375619144],[-96.64490651291429,39.258676430423044],[-96.62615218294852,39.27950401017963],[-96.61565016270376,39.30355675964753],[-96.61424411582058,39.32892236014583],[-96.62205564069923,39.353582035750215],[-96.63847157349176,39.3755711411593],[-96.66219009121731,39.39313608512792],[-96.69132279634952,39.404874933167086],[-96.72354514857467,39.409850180235146],[-96.73,39.40998865951482]]]}"
19_5,0.419649817540074,Story_IA,2019.0,"{""type"":""Polygon"",""coordinates"":[[[-93.62000000000002,42.11998865951483],[-93.65388456873679,42.11640213195586],[-93.68506118533192,42.10592919855888],[-93.71104081992758,42.08940662497027],[-93.72975379759605,42.06815370743223],[-93.73971506354312,42.04386597261965],[-93.74014097074837,42.01847902866409],[-93.7310087506586,41.99401377526587],[-93.7130548504886,41.97241551495094],[-93.6877133543127,41.95539977614986],[-93.65700030314552,41.944316909092876],[-93.62335358572727,41.94004587357013],[-93.58944102240196,41.94292527810929],[-93.55795125364739,41.95272685020544],[-93.53138307650272,41.968673319100795],[-93.51184896373536,41.989499376137026],[-93.50090765419401,42.013551140747055],[-93.49943890248966,42.038916602006026],[-93.50757071202895,42.06357702836078],[-93.52466568743166,42.08556754087142],[-93.5493686701853,42.10313410896576],[-93.57971284199093,42.11487429025177],[-93.61327641456649,42.1198501623283],[-93.62000000000002,42.11998865951483]]]}"
19_6,0.492391913263905,Karnal_HR,2019.0,"{""type"":""Polygon"",""coordinates"":[[[76.9905,29.775688659514824],[76.96154284003352,29.77210396251622],[76.93489647416555,29.761635947729435],[76.91268593789329,29.745119841587535],[76.89668010919358,29.72387291801383],[76.8881506236561,29.699588831766373],[76.88777141887279,29.674202054130692],[76.89556665915605,29.649733436103244],[76.91091069112841,29.62812933214356],[76.93257944713096,29.611107093151027],[76.95884870937671,29.600019093948937],[76.98763116048724,29.595745891519194],[77.01664137625148,29.598626768476873],[77.04357598717132,29.608432994290155],[77.0662952113909,29.62438585006549],[77.08299186984506,29.645218038227092],[77.09233483705388,29.669273766666574],[77.09357563658618,29.694639786052093],[77.08660950292669,29.719297187492376],[77.07198559138165,29.741282033798935],[77.05086494037764,29.7588420633809],[77.02492900566789,29.77057687797148],[76.99624574372025,29.775550234401415],[76.9905,29.775688659514824]]]}"
19_7,0.2551988348006525,Ahmedabad_GJ,2019.0,"{""type"":""Polygon"",""coordinates"":[[[72.5714,23.11248865951482],[72.54407220509292,23.108904763804446],[72.5189237867614,23.09843890229071],[72.4979593629697,23.081925628177025],[72.48284834866456,23.06068133040988],[72.47479187181345,23.036398843907776],[72.47442770306257,23.011012141248155],[72.48178059405642,22.98654205097758],[72.49626162940231,22.96493538756891],[72.51671623110752,22.947910300301352],[72.54151664580148,22.936820051691896],[72.56869137510789,22.932545899387538],[72.59608129231934,22.935427421794763],[72.62151027178292,22.94523568739352],[72.64295713125615,22.961191341968316],[72.65871559521983,22.982026215782668],[72.66752983245912,23.00608367915437],[72.6686948690047,23.031449940915078],[72.66211374761552,23.05610601559879],[72.6483065617822,23.078088379394124],[72.62837023496249,23.09564554563904],[72.6038918759963,23.10737801070426],[72.57682239409088,23.112350265948955],[72.5714,23.11248865951482]]]}"
19_8,0.330969587332453,Raichur_KA,2019.0,"{""type"":""Polygon"",""coordinates"":[[[77.3667,16.289988659514822],[77.34051418541607,16.28640550564773],[77.31641543918332,16.275941637802667],[77.29632385919271,16.25943098618462],[77.2818391582423,16.23818912055263],[77.27411319734874,16.213908116563918],[77.27375865210034,16.188521484499873],[77.28080096845183,16.164050031507728],[77.29467720364704,16.142440997702348],[77.31428157403893,16.12541327185709],[77.33805385632719,16.1143209391278],[77.36410348976925,16.110045906678423],[77.3903595312662,16.11292802715727],[77.4147346927242,16.122738182696278],[77.43529065324269,16.13869643011127],[77.45039174517731,16.15953379136219],[77.45883496806461,16.18359286087505],[77.45994604051796,16.20895934597868],[77.45363375596571,16.233614190884982],[77.4403981050191,16.255594255114953],[77.42129124924043,16.273148769768756],[77.39783420947745,16.284879059411136],[77.3718957597642,16.2898502951556],[77.3667,16.289988659514822]]]}"
19_9,0.5066032674686725,Sitapur_UP,2019.0,"{""type"":""Polygon"",""coordinates"":[[[80.6827,27.65188865951482],[80.65432489611186,27.648304228241166],[80.62821365813892,27.63783692751006],[80.60644831592248,27.621321760461107],[80.59076221562714,27.60007570752279],[80.5824017921373,27.57579215160642],[80.58202804054481,27.55040539868766],[80.58966530967456,27.525936292394455],[80.60470104991525,27.504331339767294],[80.62593600911023,27.487308156423286],[80.65168043639373,27.476219411465216],[80.6798884094853,27.47194589412773],[80.7083196513261,27.47482698506795],[80.73471627846946,27.484633887135477],[80.75698089973454,27.500587670846695],[80.77334239176797,27.521420749503058],[80.78249652101816,27.54547705329466],[80.78371033316691,27.570843153187752],[80.77688182714026,27.59550011482615],[80.76254975278471,27.61748413802902],[80.74185222925912,27.635043218148933],[80.7164370055958,27.64677725360981],[80.68833023453917,27.65175024486334],[80.6827,27.65188865951482]]]}"
19_10,0.4804980164414991,Thanjavur_TN,2019.0,"{""type"":""Polygon"",""coordinates"":[[[79.1378,10.875188659514825],[79.11220561319938,10.871606057561587],[79.08865025805501,10.861143673046127],[79.06901011946549,10.84463497285602],[79.05484882230438,10.823394917379183],[79.04729288473013,10.799115017249006],[79.04694227622454,10.773728438444333],[79.05382312589329,10.74925597180781],[79.06738619800758,10.727645173968895],[79.08655108270825,10.710615484081256],[79.10979243906202,10.699521599824196],[79.13526135250481,10.695245912106584],[79.16093216681246,10.698128477852475],[79.18476320881862,10.707940040386287],[79.2048587713819,10.723900217858345],[79.21961962497794,10.744739430341806],[79.22787019688376,10.768799694733865],[79.2289523329681,10.794166345342791],[79.22277812310269,10.818820274419672],[79.2098374513208,10.840798627064014],[79.1911594976515,10.858351168575298],[79.16823109935969,10.870079839629138],[79.14287837876381,10.87505031688434],[79.1378,10.875188659514825]]]}"
19_11,0.3148930367507907,Indore_MP,2019.0,"{""type"":""Polygon"",""coordinates"":[[[75.8577,22.809588659514823],[75.8304333345984,22.8060047981807],[75.80534111108686,22.79553902904856],[75.7844234270906,22.779025876446607],[75.76934596614853,22.75778169135814],[75.76130721413118,22.733499273523424],[75.76094359014812,22.70811257411001],[75.76827987385578,22.683642420685914],[75.78272853291536,22.66203564745301],[75.80313759833304,22.64501043795061],[75.82788293415719,22.633920092798935],[75.85499738222566,22.629645899725254],[75.88232654709061,22.632527449835756],[75.90769906966551,22.642335802980963],[75.92909821171008,22.658291577669733],[75.94482148095986,22.679126566727597],[75.95361587229772,22.703184104527992],[75.95477804814826,22.72855037666053],[75.94821135009705,22.753206394388396],[75.93443478692654,22.77518865165022],[75.91454288035347,22.792745695037475],[75.89011920035263,22.804478059300095],[75.86311026271613,22.80945026730237],[75.8577,22.809588659514823]]]}"
20_0,0.4471183505463139,Champaign_IL,2020.0,"{""type"":""Polygon"",""coordinates"":[[[-88.2434,40.206388659514815],[-88.27630939606253,40.20280245690622],[-88.30658945374208,40.192330396572295],[-88.33182318818,40.17580897080493],[-88.35000045335934,40.15455711679832],[-88.35967842160866,40.1302700290398],[-88.36009514198224,40.104883114104844],[-88.35122755239688,40.08041726331014],[-88.33379016017683,40.058817966018246],[-88.3091754810049,40.04180107402665],[-88.27934180731103,40.03071729661842],[-88.24665766137929,40.026445876753655],[-88.21371520407743,40.02932554245242],[-88.18312684795484,40.039127940018545],[-88.15732035387803,40.055075541961315],[-88.13834778202512,40.07590268692175],[-88.12772282220239,40.09995515520155],[-88.12629923651603,40.12532071598363],[-88.13420041256671,40.14998060599124],[-88.15080640146132,40.171970113193],[-88.17480045085301,40.18953552089764],[-88.20427221490087,40.20127474960526],[-88.23686993752474,40.2062501751225],[-88.2434,40.206388659514815]]]}"
20_1,0.2885326030937113,Lubbock_TX,2020.0,"{""type"":""Polygon"",""coordinates"":[[[-101.82,33.69998865951482],[-101.85021077001714,33.69640344004175],[-101.87800970265913,33.6859340213126],[-101.90117915619945,33.669416068908305],[-101.91787372456682,33.64816743387717],[-101.92676747452073,33.62388230540104],[-101.92715855695913,33.59849547959094],[-101.9190231639463,33.574027821710494],[-101.90301513842277,33.55242538612351],[-101.88041198109698,33.535405003358996],[-101.85301215452868,33.52431846990867],[-101.82299216571712,33.520045886392474],[-101.79273472404502,33.5229263427945],[-101.76464121547097,33.53273123947279],[-101.74094275942407,33.54868227132106],[-101.72352420653516,33.56951270893958],[-101.7137745920999,33.59356730607938],[-101.7124757936725,33.618933166791486],[-101.71973849029403,33.64359143245969],[-101.73499107748042,33.66557789673162],[-101.75702312925804,33.68313979292463],[-101.7840805885228,33.694876139385585],[-101.81400547801694,33.69985021383076],[-101.82,33.69998865951482]]]}"
20_2,0.4557511720541898,Yolo_CA,2020.0,"{""type"":""Polygon"",""coordinates"":[[[-121.83,38.699988659514815],[-121.86220500193224,38.69640270004724],[-121.89183744249466,38.68593129299138],[-121.91653237221968,38.66941072613869],[-121.93432264500463,38.64815966804546],[-121.94379594101612,38.623873064613385],[-121.944205990838,38.59848617153487],[-121.93552953107236,38.574019873779754],[-121.91846522948293,38.55241980048011],[-121.89437557884942,38.53540204543123],[-121.86517715498275,38.52431758667026],[-121.83318836593202,38.52004587913648],[-121.80094670920553,38.52292574030621],[-121.77100952305388,38.532728755700376],[-121.7457532471253,38.54867720563664],[-121.72718629947299,38.569505164749486],[-121.71678983163105,38.593558159534005],[-121.71539883799544,38.618923794656965],[-121.72313338252211,38.643583283173534],[-121.73938612868145,38.66557203801497],[-121.76286807291602,38.68313657738752],[-121.79170966265637,38.694875093313115],[-121.82360972422885,38.69985018469559],[-121.83,38.699988659514815]]]}"
20_3,0.4221971869534136,Lancaster_NE,2020.0,"{""type"":""Polygon"",""coordinates"":[[[-96.69000000000001,40.869988659514824],[-96.72323695876713,40.86640234635525],[-96.75381817415831,40.85592998899468],[-96.77930246216118,40.839408172716674],[-96.79765968075989,40.81815595686395],[-96.80743281691649,40.793868648942016],[-96.80785262998835,40.76848172410961],[-96.79889615438138,40.74401607654833],[-96.78128526545544,40.722417132062226],[-96.756426441196,40.7054006324294],[-96.72629737254441,40.69431716476346],[-96.69328988389252,40.69004587567048],[-96.66002155274802,40.69292545251],[-96.62913039931018,40.70272756921344],[-96.60306804759288,40.7186747856489],[-96.58390685137198,40.739501560466756],[-96.5731756321511,40.76355378935353],[-96.57173688151804,40.78891931629863],[-96.57971553546953,40.8135793888062],[-96.5964857827767,40.83556923804821],[-96.62071796901049,40.853135040541645],[-96.65048277878107,40.864874593329],[-96.68340493277856,40.86985017076981],[-96.69000000000001,40.869988659514824]]]}"
20_4,0.44406267833720153,Riley_KS,2020.0,"{""type"":""Polygon"",""coordinates"":[[[-96.73,39.40998865951482],[-96.76253040290038,39.40640258675903],[-96.79246201650948,39.39593087531545],[-96.81740585358375,39.37940990825601],[-96.83537490378686,39.3581584793034],[-96.84494275337966,39.33387165018752],[-96.84535588783787,39.30848474691015],[-96.83659113579905,39.284018657406264],[-96.81935448151191,39.26241894568736],[-96.7950222868221,39.24540159278877],[-96.76553039918639,39.23431745151507],[-96.73322037816155,39.23004587802617],[-96.70065497458346,39.23292564811241],[-96.67041696989682,39.242728375619144],[-96.64490651291429,39.258676430423044],[-96.62615218294852,39.27950401017963],[-96.61565016270376,39.30355675964753],[-96.61424411582058,39.32892236014583],[-96.62205564069923,39.353582035750215],[-96.63847157349176,39.3755711411593],[-96.66219009121731,39.39313608512792],[-96.69132279634952,39.404874933167086],[-96.72354514857467,39.409850180235146],[-96.73,39.40998865951482]]]}"
20_5,0.4070967342376079,Story_IA,2020.0,"{""type"":""Polygon"",""coordinates"":[[[-93.62000000000002,42.11998865951483],[-93.65388456873679,42.11640213195586],[-93.68506118533192,42.10592919855888],[-93.71104081992758,42.08940662497027],[-93.72975379759605,42.06815370743223],[-93.73971506354312,42.04386597261965],[-93.74014097074837,42.01847902866409],[-93.7310087506586,41.99401377526587],[-93.7130548504886,41.97241551495094],[-93.6877133543127,41.95539977614986],[-93.65700030314552,41.944316909092876],[-93.62335358572727,41.94004587357013],[-93.58944102240196,41.94292527810929],[-93.55795125364739,41.95272685020544],[-93.53138307650272,41.968673319100795],[-93.51184896373536,41.989499376137026],[-93.50090765419401,42.013551140747055],[-93.49943890248966,42.038916602006026],[-93.50757071202895,42.06357702836078],[-93.52466568743166,42.08556754087142],[-93.5493686701853,42.10313410896576],[-93.57971284199093,42.11487429025177],[-93.61327641456649,42.1198501623283],[-93.62000000000002,42.11998865951483]]]}"
20_6,0.49153254919960193,Karnal_HR,2020.0,"{""type"":""Polygon"",""coordinates"":[[[76.9905,29.775688659514824],[76.96154284003352,29.77210396251622],[76.93489647416555,29.761635947729435],[76.91268593789329,29.745119841587535],[76.89668010919358,29.72387291801383],[76.8881506236561,29.699588831766373],[76.88777141887279,29.674202054130692],[76.89556665915605,29.649733436103244],[76.91091069112841,29.62812933214356],[76.93257944713096,29.611107093151027],[76.95884870937671,29.600019093948937],[76.98763116048724,29.595745891519194],[77.01664137625148,29.598626768476873],[77.04357598717132,29.608432994290155],[77.0662952113909,29.62438585006549],[77.08299186984506,29.645218038227092],[77.09233483705388,29.669273766666574],[77.09357563658618,29.694639786052093],[77.08660950292669,29.719297187492376],[77.07198559138165,29.741282033798935],[77.05086494037764,29.7588420633809],[77.02492900566789,29.77057687797148],[76.99624574372025,29.775550234401415],[76.9905,29.775688659514824]]]}"
20_7,0.28103105183780935,Ahmedabad_GJ,2020.0,"{""type"":""Polygon"",""coordinates"":[[[72.5714,23.11248865951482],[72.54407220509292,23.108904763804446],[72.5189237867614,23.09843890229071],[72.4979593629697,23.081925628177025],[72.48284834866456,23.06068133040988],[72.47479187181345,23.036398843907776],[72.47442770306257,23.011012141248155],[72.48178059405642,22.98654205097758],[72.49626162940231,22.96493538756891],[72.51671623110752,22.947910300301352],[72.54151664580148,22.936820051691896],[72.56869137510789,22.932545899387538],[72.59608129231934,22.935427421794763],[72.62151027178292,22.94523568739352],[72.64295713125615,22.961191341968316],[72.65871559521983,22.982026215782668],[72.66752983245912,23.00608367915437],[72.6686948690047,23.031449940915078],[72.66211374761552,23.05610601559879],[72.6483065617822,23.078088379394124],[72.62837023496249,23.09564554563904],[72.6038918759963,23.10737801070426],[72.57682239409088,23.112350265948955],[72.5714,23.11248865951482]]]}"
20_8,0.3862516634940772,Raichur_KA,2020.0,"{""type"":""Polygon"",""coordinates"":[[[77.3667,16.289988659514822],[77.34051418541607,16.28640550564773],[77.31641543918332,16.275941637802667],[77.29632385919271,16.25943098618462],[77.2818391582423,16.23818912055263],[77.27411319734874,16.213908116563918],[77.27375865210034,16.188521484499873],[77.28080096845183,16.164050031507728],[77.29467720364704,16.142440997702348],[77.31428157403893,16.12541327185709],[77.33805385632719,16.1143209391278],[77.36410348976925,16.110045906678423],[77.3903595312662,16.11292802715727],[77.4147346927242,16.122738182696278],[77.43529065324269,16.13869643011127],[77.45039174517731,16.15953379136219],[77.45883496806461,16.18359286087505],[77.45994604051796,16.20895934597868],[77.45363375596571,16.233614190884982],[77.4403981050191,16.255594255114953],[77.42129124924043,16.273148769768756],[77.39783420947745,16.284879059411136],[77.3718957597642,16.2898502951556],[77.3667,16.289988659514822]]]}"
20_9,0.5154446204252744,Sitapur_UP,2020.0,"{""type"":""Polygon"",""coordinates"":[[[80.6827,27.65188865951482],[80.65432489611186,27.648304228241166],[80.62821365813892,27.63783692751006],[80.60644831592248,27.621321760461107],[80.59076221562714,27.60007570752279],[80.5824017921373,27.57579215160642],[80.58202804054481,27.55040539868766],[80.58966530967456,27.525936292394455],[80.60470104991525,27.504331339767294],[80.62593600911023,27.487308156423286],[80.65168043639373,27.476219411465216],[80.6798884094853,27.47194589412773],[80.7083196513261,27.47482698506795],[80.73471627846946,27.484633887135477],[80.75698089973454,27.500587670846695],[80.77334239176797,27.521420749503058],[80.78249652101816,27.54547705329466],[80.78371033316691,27.570843153187752],[80.77688182714026,27.59550011482615],[80.76254975278471,27.61748413802902],[80.74185222925912,27.635043218148933],[80.7164370055958,27.64677725360981],[80.68833023453917,27.65175024486334],[80.6827,27.65188865951482]]]}"
20_10,0.5338882560505701,Thanjavur_TN,2020.0,"{""type"":""Polygon"",""coordinates"":[[[79.1378,10.875188659514825],[79.11220561319938,10.871606057561587],[79.08865025805501,10.861143673046127],[79.06901011946549,10.84463497285602],[79.05484882230438,10.823394917379183],[79.04729288473013,10.799115017249006],[79.04694227622454,10.773728438444333],[79.05382312589329,10.74925597180781],[79.06738619800758,10.727645173968895],[79.08655108270825,10.710615484081256],[79.10979243906202,10.699521599824196],[79.13526135250481,10.695245912106584],[79.16093216681246,10.698128477852475],[79.18476320881862,10.707940040386287],[79.2048587713819,10.723900217858345],[79.21961962497794,10.744739430341806],[79.22787019688376,10.768799694733865],[79.2289523329681,10.794166345342791],[79.22277812310269,10.818820274419672],[79.2098374513208,10.840798627064014],[79.1911594976515,10.858351168575298],[79.16823109935969,10.870079839629138],[79.14287837876381,10.87505031688434],[79.1378,10.875188659514825]]]}"
20_11,0.3765203556039784,Indore_MP,2020.0,"{""type"":""Polygon"",""coordinates"":[[[75.8577,22.809588659514823],[75.8304333345984,22.8060047981807],[75.80534111108686,22.79553902904856],[75.7844234270906,22.779025876446607],[75.76934596614853,22.75778169135814],[75.76130721413118,22.733499273523424],[75.76094359014812,22.70811257411001],[75.76827987385578,22.683642420685914],[75.78272853291536,22.66203564745301],[75.80313759833304,22.64501043795061],[75.82788293415719,22.633920092798935],[75.85499738222566,22.629645899725254],[75.88232654709061,22.632527449835756],[75.90769906966551,22.642335802980963],[75.92909821171008,22.658291577669733],[75.94482148095986,22.679126566727597],[75.95361587229772,22.703184104527992],[75.95477804814826,22.72855037666053],[75.94821135009705,22.753206394388396],[75.93443478692654,22.77518865165022],[75.91454288035347,22.792745695037475],[75.89011920035263,22.804478059300095],[75.86311026271613,22.80945026730237],[75.8577,22.809588659514823]]]}"
21_0,0.4434177538321918,Champaign_IL,2021.0,"{""type"":""Polygon"",""coordinates"":[[[-88.2434,40.206388659514815],[-88.27630939606253,40.20280245690622],[-88.30658945374208,40.192330396572295],[-88.33182318818,40.17580897080493],[-88.35000045335934,40.15455711679832],[-88.35967842160866,40.1302700290398],[-88.36009514198224,40.104883114104844],[-88.35122755239688,40.08041726331014],[-88.33379016017683,40.058817966018246],[-88.3091754810049,40.04180107402665],[-88.27934180731103,40.03071729661842],[-88.24665766137929,40.026445876753655],[-88.21371520407743,40.02932554245242],[-88.18312684795484,40.039127940018545],[-88.15732035387803,40.055075541961315],[-88.13834778202512,40.07590268692175],[-88.12772282220239,40.09995515520155],[-88.12629923651603,40.12532071598363],[-88.13420041256671,40.14998060599124],[-88.15080640146132,40.171970113193],[-88.17480045085301,40.18953552089764],[-88.20427221490087,40.20127474960526],[-88.23686993752474,40.2062501751225],[-88.2434,40.206388659514815]]]}"
21_1,0.31482465296459106,Lubbock_TX,2021.0,"{""type"":""Polygon"",""coordinates"":[[[-101.82,33.69998865951482],[-101.85021077001714,33.69640344004175],[-101.87800970265913,33.6859340213126],[-101.90117915619945,33.669416068908305],[-101.91787372456682,33.64816743387717],[-101.92676747452073,33.62388230540104],[-101.92715855695913,33.59849547959094],[-101.9190231639463,33.574027821710494],[-101.90301513842277,33.55242538612351],[-101.88041198109698,33.535405003358996],[-101.85301215452868,33.52431846990867],[-101.82299216571712,33.520045886392474],[-101.79273472404502,33.5229263427945],[-101.76464121547097,33.53273123947279],[-101.74094275942407,33.54868227132106],[-101.72352420653516,33.56951270893958],[-101.7137745920999,33.59356730607938],[-101.7124757936725,33.618933166791486],[-101.71973849029403,33.64359143245969],[-101.73499107748042,33.66557789673162],[-101.75702312925804,33.68313979292463],[-101.7840805885228,33.694876139385585],[-101.81400547801694,33.69985021383076],[-101.82,33.69998865951482]]]}"
21_2,0.44244426113015695,Yolo_CA,2021.0,"{""type"":""Polygon"",""coordinates"":[[[-121.83,38.699988659514815],[-121.86220500193224,38.69640270004724],[-121.89183744249466,38.68593129299138],[-121.91653237221968,38.66941072613869],[-121.93432264500463,38.64815966804546],[-121.94379594101612,38.623873064613385],[-121.944205990838,38.59848617153487],[-121.93552953107236,38.574019873779754],[-121.91846522948293,38.55241980048011],[-121.89437557884942,38.53540204543123],[-121.86517715498275,38.52431758667026],[-121.83318836593202,38.52004587913648],[-121.80094670920553,38.52292574030621],[-121.77100952305388,38.532728755700376],[-121.7457532471253,38.54867720563664],[-121.72718629947299,38.569505164749486],[-121.71678983163105,38.593558159534005],[-121.71539883799544,38.618923794656965],[-121.72313338252211,38.643583283173534],[-121.73938612868145,38.66557203801497],[-121.76286807291602,38.68313657738752],[-121.79170966265637,38.694875093313115],[-121.82360972422885,38.69985018469559],[-121.83,38.699988659514815]]]}"
21_3,0.42654760876216263,Lancaster_NE,2021.0,"{""type"":""Polygon"",""coordinates"":[[[-96.69000000000001,40.869988659514824],[-96.72323695876713,40.86640234635525],[-96.75381817415831,40.85592998899468],[-96.77930246216118,40.839408172716674],[-96.79765968075989,40.81815595686395],[-96.80743281691649,40.793868648942016],[-96.80785262998835,40.76848172410961],[-96.79889615438138,40.74401607654833],[-96.78128526545544,40.722417132062226],[-96.756426441196,40.7054006324294],[-96.72629737254441,40.69431716476346],[-96.69328988389252,40.69004587567048],[-96.66002155274802,40.69292545251],[-96.62913039931018,40.70272756921344],[-96.60306804759288,40.7186747856489],[-96.58390685137198,40.739501560466756],[-96.5731756321511,40.76355378935353],[-96.57173688151804,40.78891931629863],[-96.57971553546953,40.8135793888062],[-96.5964857827767,40.83556923804821],[-96.62071796901049,40.853135040541645],[-96.65048277878107,40.864874593329],[-96.68340493277856,40.86985017076981],[-96.69000000000001,40.869988659514824]]]}"
21_4,0.4445538377473777,Riley_KS,2021.0,"{""type"":""Polygon"",""coordinates"":[[[-96.73,39.40998865951482],[-96.76253040290038,39.40640258675903],[-96.79246201650948,39.39593087531545],[-96.81740585358375,39.37940990825601],[-96.83537490378686,39.3581584793034],[-96.84494275337966,39.33387165018752],[-96.84535588783787,39.30848474691015],[-96.83659113579905,39.284018657406264],[-96.81935448151191,39.26241894568736],[-96.7950222868221,39.24540159278877],[-96.76553039918639,39.23431745151507],[-96.73322037816155,39.23004587802617],[-96.70065497458346,39.23292564811241],[-96.67041696989682,39.242728375619144],[-96.64490651291429,39.258676430423044],[-96.62615218294852,39.27950401017963],[-96.61565016270376,39.30355675964753],[-96.61424411582058,39.32892236014583],[-96.62205564069923,39.353582035750215],[-96.63847157349176,39.3755711411593],[-96.66219009121731,39.39313608512792],[-96.69132279634952,39.404874933167086],[-96.72354514857467,39.409850180235146],[-96.73,39.40998865951482]]]}"
21_5,0.4168178674897434,Story_IA,2021.0,"{""type"":""Polygon"",""coordinates"":[[[-93.62000000000002,42.11998865951483],[-93.65388456873679,42.11640213195586],[-93.68506118533192,42.10592919855888],[-93.71104081992758,42.08940662497027],[-93.72975379759605,42.06815370743223],[-93.73971506354312,42.04386597261965],[-93.74014097074837,42.01847902866409],[-93.7310087506586,41.99401377526587],[-93.7130548504886,41.97241551495094],[-93.6877133543127,41.95539977614986],[-93.65700030314552,41.944316909092876],[-93.62335358572727,41.94004587357013],[-93.58944102240196,41.94292527810929],[-93.55795125364739,41.95272685020544],[-93.53138307650272,41.968673319100795],[-93.51184896373536,41.989499376137026],[-93.50090765419401,42.013551140747055],[-93.49943890248966,42.038916602006026],[-93.50757071202895,42.06357702836078],[-93.52466568743166,42.08556754087142],[-93.5493686701853,42.10313410896576],[-93.57971284199093,42.11487429025177],[-93.61327641456649,42.1198501623283],[-93.62000000000002,42.11998865951483]]]}"
21_6,0.47379826576436895,Karnal_HR,2021.0,"{""type"":""Polygon"",""coordinates"":[[[76.9905,29.775688659514824],[76.96154284003352,29.77210396251622],[76.93489647416555,29.761635947729435],[76.91268593789329,29.745119841587535],[76.89668010919358,29.72387291801383],[76.8881506236561,29.699588831766373],[76.88777141887279,29.674202054130692],[76.89556665915605,29.649733436103244],[76.91091069112841,29.62812933214356],[76.93257944713096,29.611107093151027],[76.95884870937671,29.600019093948937],[76.98763116048724,29.595745891519194],[77.01664137625148,29.598626768476873],[77.04357598717132,29.608432994290155],[77.0662952113909,29.62438585006549],[77.08299186984506,29.645218038227092],[77.09233483705388,29.669273766666574],[77.09357563658618,29.694639786052093],[77.08660950292669,29.719297187492376],[77.07198559138165,29.741282033798935],[77.05086494037764,29.7588420633809],[77.02492900566789,29.77057687797148],[76.99624574372025,29.775550234401415],[76.9905,29.775688659514824]]]}"
21_7,0.2682797037664805,Ahmedabad_GJ,2021.0,"{""type"":""Polygon"",""coordinates"":[[[72.5714,23.11248865951482],[72.54407220509292,23.108904763804446],[72.5189237867614,23.09843890229071],[72.4979593629697,23.081925628177025],[72.48284834866456,23.06068133040988],[72.47479187181345,23.036398843907776],[72.47442770306257,23.011012141248155],[72.48178059405642,22.98654205097758],[72.49626162940231,22.96493538756891],[72.51671623110752,22.947910300301352],[72.54151664580148,22.936820051691896],[72.56869137510789,22.932545899387538],[72.59608129231934,22.935427421794763],[72.62151027178292,22.94523568739352],[72.64295713125615,22.961191341968316],[72.65871559521983,22.982026215782668],[72.66752983245912,23.00608367915437],[72.6686948690047,23.031449940915078],[72.66211374761552,23.05610601559879],[72.6483065617822,23.078088379394124],[72.62837023496249,23.09564554563904],[72.6038918759963,23.10737801070426],[72.57682239409088,23.112350265948955],[72.5714,23.11248865951482]]]}"
21_8,0.3906093069673128,Raichur_KA,2021.0,"{""type"":""Polygon"",""coordinates"":[[[77.3667,16.289988659514822],[77.34051418541607,16.28640550564773],[77.31641543918332,16.275941637802667],[77.29632385919271,16.25943098618462],[77.2818391582423,16.23818912055263],[77.27411319734874,16.213908116563918],[77.27375865210034,16.188521484499873],[77.28080096845183,16.164050031507728],[77.29467720364704,16.142440997702348],[77.31428157403893,16.12541327185709],[77.33805385632719,16.1143209391278],[77.36410348976925,16.110045906678423],[77.3903595312662,16.11292802715727],[77.4147346927242,16.122738182696278],[77.43529065324269,16.13869643011127],[77.45039174517731,16.15953379136219],[77.45883496806461,16.18359286087505],[77.45994604051796,16.20895934597868],[77.45363375596571,16.233614190884982],[77.4403981050191,16.255594255114953],[77.42129124924043,16.273148769768756],[77.39783420947745,16.284879059411136],[77.3718957597642,16.2898502951556],[77.3667,16.289988659514822]]]}"
21_9,0.5009324186951606,Sitapur_UP,2021.0,"{""type"":""Polygon"",""coordinates"":[[[80.6827,27.65188865951482],[80.65432489611186,27.648304228241166],[80.62821365813892,27.63783692751006],[80.60644831592248,27.621321760461107],[80.59076221562714,27.60007570752279],[80.5824017921373,27.57579215160642],[80.58202804054481,27.55040539868766],[80.58966530967456,27.525936292394455],[80.60470104991525,27.504331339767294],[80.62593600911023,27.487308156423286],[80.65168043639373,27.476219411465216],[80.6798884094853,27.47194589412773],[80.7083196513261,27.47482698506795],[80.73471627846946,27.484633887135477],[80.75698089973454,27.500587670846695],[80.77334239176797,27.521420749503058],[80.78249652101816,27.54547705329466],[80.78371033316691,27.570843153187752],[80.77688182714026,27.59550011482615],[80.76254975278471,27.61748413802902],[80.74185222925912,27.635043218148933],[80.7164370055958,27.64677725360981],[80.68833023453917,27.65175024486334],[80.6827,27.65188865951482]]]}"
21_10,0.5200975845161406,Thanjavur_TN,2021.0,"{""type"":""Polygon"",""coordinates"":[[[79.1378,10.875188659514825],[79.11220561319938,10.871606057561587],[79.08865025805501,10.861143673046127],[79.06901011946549,10.84463497285602],[79.05484882230438,10.823394917379183],[79.04729288473013,10.799115017249006],[79.04694227622454,10.773728438444333],[79.05382312589329,10.74925597180781],[79.06738619800758,10.727645173968895],[79.08655108270825,10.710615484081256],[79.10979243906202,10.699521599824196],[79.13526135250481,10.695245912106584],[79.16093216681246,10.698128477852475],[79.18476320881862,10.707940040386287],[79.2048587713819,10.723900217858345],[79.21961962497794,10.744739430341806],[79.22787019688376,10.768799694733865],[79.2289523329681,10.794166345342791],[79.22277812310269,10.818820274419672],[79.2098374513208,10.840798627064014],[79.1911594976515,10.858351168575298],[79.16823109935969,10.870079839629138],[79.14287837876381,10.87505031688434],[79.1378,10.875188659514825]]]}"
21_11,0.35348327225277126,Indore_MP,2021.0,"{""type"":""Polygon"",""coordinates"":[[[75.8577,22.809588659514823],[75.8304333345984,22.8060047981807],[75.80534111108686,22.79553902904856],[75.7844234270906,22.779025876446607],[75.76934596614853,22.75778169135814],[75.76130721413118,22.733499273523424],[75.76094359014812,22.70811257411001],[75.76827987385578,22.683642420685914],[75.78272853291536,22.66203564745301],[75.80313759833304,22.64501043795061],[75.82788293415719,22.633920092798935],[75.85499738222566,22.629645899725254],[75.88232654709061,22.632527449835756],[75.90769906966551,22.642335802980963],[75.92909821171008,22.658291577669733],[75.94482148095986,22.679126566727597],[75.95361587229772,22.703184104527992],[75.95477804814826,22.72855037666053],[75.94821135009705,22.753206394388396],[75.93443478692654,22.77518865165022],[75.91454288035347,22.792745695037475],[75.89011920035263,22.804478059300095],[75.86311026271613,22.80945026730237],[75.8577,22.809588659514823]]]}"
22_0,0.4261236096183179,Champaign_IL,2022.0,"{""type"":""Polygon"",""coordinates"":[[[-88.2434,40.206388659514815],[-88.27630939606253,40.20280245690622],[-88.30658945374208,40.192330396572295],[-88.33182318818,40.17580897080493],[-88.35000045335934,40.15455711679832],[-88.35967842160866,40.1302700290398],[-88.36009514198224,40.104883114104844],[-88.35122755239688,40.08041726331014],[-88.33379016017683,40.058817966018246],[-88.3091754810049,40.04180107402665],[-88.27934180731103,40.03071729661842],[-88.24665766137929,40.026445876753655],[-88.21371520407743,40.02932554245242],[-88.18312684795484,40.039127940018545],[-88.15732035387803,40.055075541961315],[-88.13834778202512,40.07590268692175],[-88.12772282220239,40.09995515520155],[-88.12629923651603,40.12532071598363],[-88.13420041256671,40.14998060599124],[-88.15080640146132,40.171970113193],[-88.17480045085301,40.18953552089764],[-88.20427221490087,40.20127474960526],[-88.23686993752474,40.2062501751225],[-88.2434,40.206388659514815]]]}"
22_1,0.2712130620672916,Lubbock_TX,2022.0,"{""type"":""Polygon"",""coordinates"":[[[-101.82,33.69998865951482],[-101.85021077001714,33.69640344004175],[-101.87800970265913,33.6859340213126],[-101.90117915619945,33.669416068908305],[-101.91787372456682,33.64816743387717],[-101.92676747452073,33.62388230540104],[-101.92715855695913,33.59849547959094],[-101.9190231639463,33.574027821710494],[-101.90301513842277,33.55242538612351],[-101.88041198109698,33.535405003358996],[-101.85301215452868,33.52431846990867],[-101.82299216571712,33.520045886392474],[-101.79273472404502,33.5229263427945],[-101.76464121547097,33.53273123947279],[-101.74094275942407,33.54868227132106],[-101.72352420653516,33.56951270893958],[-101.7137745920999,33.59356730607938],[-101.7124757936725,33.618933166791486],[-101.71973849029403,33.64359143245969],[-101.73499107748042,33.66557789673162],[-101.75702312925804,33.68313979292463],[-101.7840805885228,33.694876139385585],[-101.81400547801694,33.69985021383076],[-101.82,33.69998865951482]]]}"
22_2,0.45325883825826313,Yolo_CA,2022.0,"{""type"":""Polygon"",""coordinates"":[[[-121.83,38.699988659514815],[-121.86220500193224,38.69640270004724],[-121.89183744249466,38.68593129299138],[-121.91653237221968,38.66941072613869],[-121.93432264500463,38.64815966804546],[-121.94379594101612,38.623873064613385],[-121.944205990838,38.59848617153487],[-121.93552953107236,38.574019873779754],[-121.91846522948293,38.55241980048011],[-121.89437557884942,38.53540204543123],[-121.86517715498275,38.52431758667026],[-121.83318836593202,38.52004587913648],[-121.80094670920553,38.52292574030621],[-121.77100952305388,38.532728755700376],[-121.7457532471253,38.54867720563664],[-121.72718629947299,38.569505164749486],[-121.71678983163105,38.593558159534005],[-121.71539883799544,38.618923794656965],[-121.72313338252211,38.643583283173534],[-121.73938612868145,38.66557203801497],[-121.76286807291602,38.68313657738752],[-121.79170966265637,38.694875093313115],[-121.82360972422885,38.69985018469559],[-121.83,38.699988659514815]]]}"
22_3,0.39603278176128676,Lancaster_NE,2022.0,"{""type"":""Polygon"",""coordinates"":[[[-96.69000000000001,40.869988659514824],[-96.72323695876713,40.86640234635525],[-96.75381817415831,40.85592998899468],[-96.77930246216118,40.839408172716674],[-96.79765968075989,40.81815595686395],[-96.80743281691649,40.793868648942016],[-96.80785262998835,40.76848172410961],[-96.79889615438138,40.74401607654833],[-96.78128526545544,40.722417132062226],[-96.756426441196,40.7054006324294],[-96.72629737254441,40.69431716476346],[-96.69328988389252,40.69004587567048],[-96.66002155274802,40.69292545251],[-96.62913039931018,40.70272756921344],[-96.60306804759288,40.7186747856489],[-96.58390685137198,40.739501560466756],[-96.5731756321511,40.76355378935353],[-96.57173688151804,40.78891931629863],[-96.57971553546953,40.8135793888062],[-96.5964857827767,40.83556923804821],[-96.62071796901049,40.853135040541645],[-96.65048277878107,40.864874593329],[-96.68340493277856,40.86985017076981],[-96.69000000000001,40.869988659514824]]]}"
22_4,0.4204840958501902,Riley_KS,2022.0,"{""type"":""Polygon"",""coordinates"":[[[-96.73,39.40998865951482],[-96.76253040290038,39.40640258675903],[-96.79246201650948,39.39593087531545],[-96.81740585358375,39.37940990825601],[-96.83537490378686,39.3581584793034],[-96.84494275337966,39.33387165018752],[-96.84535588783787,39.30848474691015],[-96.83659113579905,39.284018657406264],[-96.81935448151191,39.26241894568736],[-96.7950222868221,39.24540159278877],[-96.76553039918639,39.23431745151507],[-96.73322037816155,39.23004587802617],[-96.70065497458346,39.23292564811241],[-96.67041696989682,39.242728375619144],[-96.64490651291429,39.258676430423044],[-96.62615218294852,39.27950401017963],[-96.61565016270376,39.30355675964753],[-96.61424411582058,39.32892236014583],[-96.62205564069923,39.353582035750215],[-96.63847157349176,39.3755711411593],[-96.66219009121731,39.39313608512792],[-96.69132279634952,39.404874933167086],[-96.72354514857467,39.409850180235146],[-96.73,39.40998865951482]]]}"
22_5,0.406052526510014,Story_IA,2022.0,"{""type"":""Polygon"",""coordinates"":[[[-93.62000000000002,42.11998865951483],[-93.65388456873679,42.11640213195586],[-93.68506118533192,42.10592919855888],[-93.71104081992758,42.08940662497027],[-93.72975379759605,42.06815370743223],[-93.73971506354312,42.04386597261965],[-93.74014097074837,42.01847902866409],[-93.7310087506586,41.99401377526587],[-93.7130548504886,41.97241551495094],[-93.6877133543127,41.95539977614986],[-93.65700030314552,41.944316909092876],[-93.62335358572727,41.94004587357013],[-93.58944102240196,41.94292527810929],[-93.55795125364739,41.95272685020544],[-93.53138307650272,41.968673319100795],[-93.51184896373536,41.989499376137026],[-93.50090765419401,42.013551140747055],[-93.49943890248966,42.038916602006026],[-93.50757071202895,42.06357702836078],[-93.52466568743166,42.08556754087142],[-93.5493686701853,42.10313410896576],[-93.57971284199093,42.11487429025177],[-93.61327641456649,42.1198501623283],[-93.62000000000002,42.11998865951483]]]}"
22_6,0.48869558453464773,Karnal_HR,2022.0,"{""type"":""Polygon"",""coordinates"":[[[76.9905,29.775688659514824],[76.96154284003352,29.77210396251622],[76.93489647416555,29.761635947729435],[76.91268593789329,29.745119841587535],[76.89668010919358,29.72387291801383],[76.8881506236561,29.699588831766373],[76.88777141887279,29.674202054130692],[76.89556665915605,29.649733436103244],[76.91091069112841,29.62812933214356],[76.93257944713096,29.611107093151027],[76.95884870937671,29.600019093948937],[76.98763116048724,29.595745891519194],[77.01664137625148,29.598626768476873],[77.04357598717132,29.608432994290155],[77.0662952113909,29.62438585006549],[77.08299186984506,29.645218038227092],[77.09233483705388,29.669273766666574],[77.09357563658618,29.694639786052093],[77.08660950292669,29.719297187492376],[77.07198559138165,29.741282033798935],[77.05086494037764,29.7588420633809],[77.02492900566789,29.77057687797148],[76.99624574372025,29.775550234401415],[76.9905,29.775688659514824]]]}"
22_7,0.26030452108494234,Ahmedabad_GJ,2022.0,"{""type"":""Polygon"",""coordinates"":[[[72.5714,23.11248865951482],[72.54407220509292,23.108904763804446],[72.5189237867614,23.09843890229071],[72.4979593629697,23.081925628177025],[72.48284834866456,23.06068133040988],[72.47479187181345,23.036398843907776],[72.47442770306257,23.011012141248155],[72.48178059405642,22.98654205097758],[72.49626162940231,22.96493538756891],[72.51671623110752,22.947910300301352],[72.54151664580148,22.936820051691896],[72.56869137510789,22.932545899387538],[72.59608129231934,22.935427421794763],[72.62151027178292,22.94523568739352],[72.64295713125615,22.961191341968316],[72.65871559521983,22.982026215782668],[72.66752983245912,23.00608367915437],[72.6686948690047,23.031449940915078],[72.66211374761552,23.05610601559879],[72.6483065617822,23.078088379394124],[72.62837023496249,23.09564554563904],[72.6038918759963,23.10737801070426],[72.57682239409088,23.112350265948955],[72.5714,23.11248865951482]]]}"
22_8,0.38439131944284094,Raichur_KA,2022.0,"{""type"":""Polygon"",""coordinates"":[[[77.3667,16.289988659514822],[77.34051418541607,16.28640550564773],[77.31641543918332,16.275941637802667],[77.29632385919271,16.25943098618462],[77.2818391582423,16.23818912055263],[77.27411319734874,16.213908116563918],[77.27375865210034,16.188521484499873],[77.28080096845183,16.164050031507728],[77.29467720364704,16.142440997702348],[77.31428157403893,16.12541327185709],[77.33805385632719,16.1143209391278],[77.36410348976925,16.110045906678423],[77.3903595312662,16.11292802715727],[77.4147346927242,16.122738182696278],[77.43529065324269,16.13869643011127],[77.45039174517731,16.15953379136219],[77.45883496806461,16.18359286087505],[77.45994604051796,16.20895934597868],[77.45363375596571,16.233614190884982],[77.4403981050191,16.255594255114953],[77.42129124924043,16.273148769768756],[77.39783420947745,16.284879059411136],[77.3718957597642,16.2898502951556],[77.3667,16.289988659514822]]]}"
22_9,0.5246548020111516,Sitapur_UP,2022.0,"{""type"":""Polygon"",""coordinates"":[[[80.6827,27.65188865951482],[80.65432489611186,27.648304228241166],[80.62821365813892,27.63783692751006],[80.60644831592248,27.621321760461107],[80.59076221562714,27.60007570752279],[80.5824017921373,27.57579215160642],[80.58202804054481,27.55040539868766],[80.58966530967456,27.525936292394455],[80.60470104991525,27.504331339767294],[80.62593600911023,27.487308156423286],[80.65168043639373,27.476219411465216],[80.6798884094853,27.47194589412773],[80.7083196513261,27.47482698506795],[80.73471627846946,27.484633887135477],[80.75698089973454,27.500587670846695],[80.77334239176797,27.521420749503058],[80.78249652101816,27.54547705329466],[80.78371033316691,27.570843153187752],[80.77688182714026,27.59550011482615],[80.76254975278471,27.61748413802902],[80.74185222925912,27.635043218148933],[80.7164370055958,27.64677725360981],[80.68833023453917,27.65175024486334],[80.6827,27.65188865951482]]]}"
22_10,0.5432269744519553,Thanjavur_TN,2022.0,"{""type"":""Polygon"",""coordinates"":[[[79.1378,10.875188659514825],[79.11220561319938,10.871606057561587],[79.08865025805501,10.861143673046127],[79.06901011946549,10.84463497285602],[79.05484882230438,10.823394917379183],[79.04729288473013,10.799115017249006],[79.04694227622454,10.773728438444333],[79.05382312589329,10.74925597180781],[79.06738619800758,10.727645173968895],[79.08655108270825,10.710615484081256],[79.10979243906202,10.699521599824196],[79.13526135250481,10.695245912106584],[79.16093216681246,10.698128477852475],[79.18476320881862,10.707940040386287],[79.2048587713819,10.723900217858345],[79.21961962497794,10.744739430341806],[79.22787019688376,10.768799694733865],[79.2289523329681,10.794166345342791],[79.22277812310269,10.818820274419672],[79.2098374513208,10.840798627064014],[79.1911594976515,10.858351168575298],[79.16823109935969,10.870079839629138],[79.14287837876381,10.87505031688434],[79.1378,10.875188659514825]]]}"
22_11,0.3565523020176476,Indore_MP,2022.0,"{""type"":""Polygon"",""coordinates"":[[[75.8577,22.809588659514823],[75.8304333345984,22.8060047981807],[75.80534111108686,22.79553902904856],[75.7844234270906,22.779025876446607],[75.76934596614853,22.75778169135814],[75.76130721413118,22.733499273523424],[75.76094359014812,22.70811257411001],[75.76827987385578,22.683642420685914],[75.78272853291536,22.66203564745301],[75.80313759833304,22.64501043795061],[75.82788293415719,22.633920092798935],[75.85499738222566,22.629645899725254],[75.88232654709061,22.632527449835756],[75.90769906966551,22.642335802980963],[75.92909821171008,22.658291577669733],[75.94482148095986,22.679126566727597],[75.95361587229772,22.703184104527992],[75.95477804814826,22.72855037666053],[75.94821135009705,22.753206394388396],[75.93443478692654,22.77518865165022],[75.91454288035347,22.792745695037475],[75.89011920035263,22.804478059300095],[75.86311026271613,22.80945026730237],[75.8577,22.809588659514823]]]}"
23_0,0.27982681651140434,Champaign_IL,2023.0,"{""type"":""Polygon"",""coordinates"":[[[-88.2434,40.206388659514815],[-88.27630939606253,40.20280245690622],[-88.30658945374208,40.192330396572295],[-88.33182318818,40.17580897080493],[-88.35000045335934,40.15455711679832],[-88.35967842160866,40.1302700290398],[-88.36009514198224,40.104883114104844],[-88.35122755239688,40.08041726331014],[-88.33379016017683,40.058817966018246],[-88.3091754810049,40.04180107402665],[-88.27934180731103,40.03071729661842],[-88.24665766137929,40.026445876753655],[-88.21371520407743,40.02932554245242],[-88.18312684795484,40.039127940018545],[-88.15732035387803,40.055075541961315],[-88.13834778202512,40.07590268692175],[-88.12772282220239,40.09995515520155],[-88.12629923651603,40.12532071598363],[-88.13420041256671,40.14998060599124],[-88.15080640146132,40.171970113193],[-88.17480045085301,40.18953552089764],[-88.20427221490087,40.20127474960526],[-88.23686993752474,40.2062501751225],[-88.2434,40.206388659514815]]]}"
23_1,0.23120685458683038,Lubbock_TX,2023.0,"{""type"":""Polygon"",""coordinates"":[[[-101.82,33.69998865951482],[-101.85021077001714,33.69640344004175],[-101.87800970265913,33.6859340213126],[-101.90117915619945,33.669416068908305],[-101.91787372456682,33.64816743387717],[-101.92676747452073,33.62388230540104],[-101.92715855695913,33.59849547959094],[-101.9190231639463,33.574027821710494],[-101.90301513842277,33.55242538612351],[-101.88041198109698,33.535405003358996],[-101.85301215452868,33.52431846990867],[-101.82299216571712,33.520045886392474],[-101.79273472404502,33.5229263427945],[-101.76464121547097,33.53273123947279],[-101.74094275942407,33.54868227132106],[-101.72352420653516,33.56951270893958],[-101.7137745920999,33.59356730607938],[-101.7124757936725,33.618933166791486],[-101.71973849029403,33.64359143245969],[-101.73499107748042,33.66557789673162],[-101.75702312925804,33.68313979292463],[-101.7840805885228,33.694876139385585],[-101.81400547801694,33.69985021383076],[-101.82,33.69998865951482]]]}"
23_2,0.40921996590867044,Yolo_CA,2023.0,"{""type"":""Polygon"",""coordinates"":[[[-121.83,38.699988659514815],[-121.86220500193224,38.69640270004724],[-121.89183744249466,38.68593129299138],[-121.91653237221968,38.66941072613869],[-121.93432264500463,38.64815966804546],[-121.94379594101612,38.623873064613385],[-121.944205990838,38.59848617153487],[-121.93552953107236,38.574019873779754],[-121.91846522948293,38.55241980048011],[-121.89437557884942,38.53540204543123],[-121.86517715498275,38.52431758667026],[-121.83318836593202,38.52004587913648],[-121.80094670920553,38.52292574030621],[-121.77100952305388,38.532728755700376],[-121.7457532471253,38.54867720563664],[-121.72718629947299,38.569505164749486],[-121.71678983163105,38.593558159534005],[-121.71539883799544,38.618923794656965],[-121.72313338252211,38.643583283173534],[-121.73938612868145,38.66557203801497],[-121.76286807291602,38.68313657738752],[-121.79170966265637,38.694875093313115],[-121.82360972422885,38.69985018469559],[-121.83,38.699988659514815]]]}"
23_3,0.21629229400820138,Lancaster_NE,2023.0,"{""type"":""Polygon"",""coordinates"":[[[-96.69000000000001,40.869988659514824],[-96.72323695876713,40.86640234635525],[-96.75381817415831,40.85592998899468],[-96.77930246216118,40.839408172716674],[-96.79765968075989,40.81815595686395],[-96.80743281691649,40.793868648942016],[-96.80785262998835,40.76848172410961],[-96.79889615438138,40.74401607654833],[-96.78128526545544,40.722417132062226],[-96.756426441196,40.7054006324294],[-96.72629737254441,40.69431716476346],[-96.69328988389252,40.69004587567048],[-96.66002155274802,40.69292545251],[-96.62913039931018,40.70272756921344],[-96.60306804759288,40.7186747856489],[-96.58390685137198,40.739501560466756],[-96.5731756321511,40.76355378935353],[-96.57173688151804,40.78891931629863],[-96.57971553546953,40.8135793888062],[-96.5964857827767,40.83556923804821],[-96.62071796901049,40.853135040541645],[-96.65048277878107,40.864874593329],[-96.68340493277856,40.86985017076981],[-96.69000000000001,40.869988659514824]]]}"
23_4,0.2983523346926322,Riley_KS,2023.0,"{""type"":""Polygon"",""coordinates"":[[[-96.73,39.40998865951482],[-96.76253040290038,39.40640258675903],[-96.79246201650948,39.39593087531545],[-96.81740585358375,39.37940990825601],[-96.83537490378686,39.3581584793034],[-96.84494275337966,39.33387165018752],[-96.84535588783787,39.30848474691015],[-96.83659113579905,39.284018657406264],[-96.81935448151191,39.26241894568736],[-96.7950222868221,39.24540159278877],[-96.76553039918639,39.23431745151507],[-96.73322037816155,39.23004587802617],[-96.70065497458346,39.23292564811241],[-96.67041696989682,39.242728375619144],[-96.64490651291429,39.258676430423044],[-96.62615218294852,39.27950401017963],[-96.61565016270376,39.30355675964753],[-96.61424411582058,39.32892236014583],[-96.62205564069923,39.353582035750215],[-96.63847157349176,39.3755711411593],[-96.66219009121731,39.39313608512792],[-96.69132279634952,39.404874933167086],[-96.72354514857467,39.409850180235146],[-96.73,39.40998865951482]]]}"
23_5,0.1240268213192295,Story_IA,2023.0,"{""type"":""Polygon"",""coordinates"":[[[-93.62000000000002,42.11998865951483],[-93.65388456873679,42.11640213195586],[-93.68506118533192,42.10592919855888],[-93.71104081992758,42.08940662497027],[-93.72975379759605,42.06815370743223],[-93.73971506354312,42.04386597261965],[-93.74014097074837,42.01847902866409],[-93.7310087506586,41.99401377526587],[-93.7130548504886,41.97241551495094],[-93.6877133543127,41.95539977614986],[-93.65700030314552,41.944316909092876],[-93.62335358572727,41.94004587357013],[-93.58944102240196,41.94292527810929],[-93.55795125364739,41.95272685020544],[-93.53138307650272,41.968673319100795],[-93.51184896373536,41.989499376137026],[-93.50090765419401,42.013551140747055],[-93.49943890248966,42.038916602006026],[-93.50757071202895,42.06357702836078],[-93.52466568743166,42.08556754087142],[-93.5493686701853,42.10313410896576],[-93.57971284199093,42.11487429025177],[-93.61327641456649,42.1198501623283],[-93.62000000000002,42.11998865951483]]]}"
23_6,0.6665984492179169,Karnal_HR,2023.0,"{""type"":""Polygon"",""coordinates"":[[[76.9905,29.775688659514824],[76.96154284003352,29.77210396251622],[76.93489647416555,29.761635947729435],[76.91268593789329,29.745119841587535],[76.89668010919358,29.72387291801383],[76.8881506236561,29.699588831766373],[76.88777141887279,29.674202054130692],[76.89556665915605,29.649733436103244],[76.91091069112841,29.62812933214356],[76.93257944713096,29.611107093151027],[76.95884870937671,29.600019093948937],[76.98763116048724,29.595745891519194],[77.01664137625148,29.598626768476873],[77.04357598717132,29.608432994290155],[77.0662952113909,29.62438585006549],[77.08299186984506,29.645218038227092],[77.09233483705388,29.669273766666574],[77.09357563658618,29.694639786052093],[77.08660950292669,29.719297187492376],[77.07198559138165,29.741282033798935],[77.05086494037764,29.7588420633809],[77.02492900566789,29.77057687797148],[76.99624574372025,29.775550234401415],[76.9905,29.775688659514824]]]}"
23_7,0.25331721331076995,Ahmedabad_GJ,2023.0,"{""type"":""Polygon"",""coordinates"":[[[72.5714,23.11248865951482],[72.54407220509292,23.108904763804446],[72.5189237867614,23.09843890229071],[72.4979593629697,23.081925628177025],[72.48284834866456,23.06068133040988],[72.47479187181345,23.036398843907776],[72.47442770306257,23.011012141248155],[72.48178059405642,22.98654205097758],[72.49626162940231,22.96493538756891],[72.51671623110752,22.947910300301352],[72.54151664580148,22.936820051691896],[72.56869137510789,22.932545899387538],[72.59608129231934,22.935427421794763],[72.62151027178292,22.94523568739352],[72.64295713125615,22.961191341968316],[72.65871559521983,22.982026215782668],[72.66752983245912,23.00608367915437],[72.6686948690047,23.031449940915078],[72.66211374761552,23.05610601559879],[72.6483065617822,23.078088379394124],[72.62837023496249,23.09564554563904],[72.6038918759963,23.10737801070426],[72.57682239409088,23.112350265948955],[72.5714,23.11248865951482]]]}"
23_8,0.3823272893038117,Raichur_KA,2023.0,"{""type"":""Polygon"",""coordinates"":[[[77.3667,16.289988659514822],[77.34051418541607,16.28640550564773],[77.31641543918332,16.275941637802667],[77.29632385919271,16.25943098618462],[77.2818391582423,16.23818912055263],[77.27411319734874,16.213908116563918],[77.27375865210034,16.188521484499873],[77.28080096845183,16.164050031507728],[77.29467720364704,16.142440997702348],[77.31428157403893,16.12541327185709],[77.33805385632719,16.1143209391278],[77.36410348976925,16.110045906678423],[77.3903595312662,16.11292802715727],[77.4147346927242,16.122738182696278],[77.43529065324269,16.13869643011127],[77.45039174517731,16.15953379136219],[77.45883496806461,16.18359286087505],[77.45994604051796,16.20895934597868],[77.45363375596571,16.233614190884982],[77.4403981050191,16.255594255114953],[77.42129124924043,16.273148769768756],[77.39783420947745,16.284879059411136],[77.3718957597642,16.2898502951556],[77.3667,16.289988659514822]]]}"
23_9,0.5454425410762598,Sitapur_UP,2023.0,"{""type"":""Polygon"",""coordinates"":[[[80.6827,27.65188865951482],[80.65432489611186,27.648304228241166],[80.62821365813892,27.63783692751006],[80.60644831592248,27.621321760461107],[80.59076221562714,27.60007570752279],[80.5824017921373,27.57579215160642],[80.58202804054481,27.55040539868766],[80.58966530967456,27.525936292394455],[80.60470104991525,27.504331339767294],[80.62593600911023,27.487308156423286],[80.65168043639373,27.476219411465216],[80.6798884094853,27.47194589412773],[80.7083196513261,27.47482698506795],[80.73471627846946,27.484633887135477],[80.75698089973454,27.500587670846695],[80.77334239176797,27.521420749503058],[80.78249652101816,27.54547705329466],[80.78371033316691,27.570843153187752],[80.77688182714026,27.59550011482615],[80.76254975278471,27.61748413802902],[80.74185222925912,27.635043218148933],[80.7164370055958,27.64677725360981],[80.68833023453917,27.65175024486334],[80.6827,27.65188865951482]]]}"
23_10,0.631850593709617,Thanjavur_TN,2023.0,"{""type"":""Polygon"",""coordinates"":[[[79.1378,10.875188659514825],[79.11220561319938,10.871606057561587],[79.08865025805501,10.861143673046127],[79.06901011946549,10.84463497285602],[79.05484882230438,10.823394917379183],[79.04729288473013,10.799115017249006],[79.04694227622454,10.773728438444333],[79.05382312589329,10.74925597180781],[79.06738619800758,10.727645173968895],[79.08655108270825,10.710615484081256],[79.10979243906202,10.699521599824196],[79.13526135250481,10.695245912106584],[79.16093216681246,10.698128477852475],[79.18476320881862,10.707940040386287],[79.2048587713819,10.723900217858345],[79.21961962497794,10.744739430341806],[79.22787019688376,10.768799694733865],[79.2289523329681,10.794166345342791],[79.22277812310269,10.818820274419672],[79.2098374513208,10.840798627064014],[79.1911594976515,10.858351168575298],[79.16823109935969,10.870079839629138],[79.14287837876381,10.87505031688434],[79.1378,10.875188659514825]]]}"
23_11,0.4154481622107667,Indore_MP,2023.0,"{""type"":""Polygon"",""coordinates"":[[[75.8577,22.809588659514823],[75.8304333345984,22.8060047981807],[75.80534111108686,22.79553902904856],[75.7844234270906,22.779025876446607],[75.76934596614853,22.75778169135814],[75.76130721413118,22.733499273523424],[75.76094359014812,22.70811257411001],[75.76827987385578,22.683642420685914],[75.78272853291536,22.66203564745301],[75.80313759833304,22.64501043795061],[75.82788293415719,22.633920092798935],[75.85499738222566,22.629645899725254],[75.88232654709061,22.632527449835756],[75.90769906966551,22.642335802980963],[75.92909821171008,22.658291577669733],[75.94482148095986,22.679126566727597],[75.95361587229772,22.703184104527992],[75.95477804814826,22.72855037666053],[75.94821135009705,22.753206394388396],[75.93443478692654,22.77518865165022],[75.91454288035347,22.792745695037475],[75.89011920035263,22.804478059300095],[75.86311026271613,22.80945026730237],[75.8577,22.809588659514823]]]}"
