Entity,Code,Year,Wheat yield
Afghanistan,AFG,1961,1.0220001
Afghanistan,AFG,1962,0.9735001
Afghanistan,AFG,1963,0.8317
Afghanistan,AFG,1964,0.95100003
Afghanistan,AFG,1965,0.97230005
Afghanistan,AFG,1966,0.86660004
Afghanistan,AFG,1967,1.1232
Afghanistan,AFG,1968,1.1562
Afghanistan,AFG,1969,1.1855
Afghanistan,AFG,1970,0.9563
Afghanistan,AFG,1971,0.81490004
Afghanistan,AFG,1972,0.8457
Afghanistan,AFG,1973,1.1739001
Afghanistan,AFG,1974,1.2074001
Afghanistan,AFG,1975,1.2128001
Afghanistan,AFG,1976,1.2494001
Afghanistan,AFG,1977,1.1309
Afghanistan,AFG,1978,1.1980001
Afghanistan,AFG,1979,1.2317001
Afghanistan,AFG,1980,1.2549001
Afghanistan,AFG,1981,1.235
Afghanistan,AFG,1982,1.2299001
Afghanistan,AFG,1983,1.258
Afghanistan,AFG,1984,1.2319001
Afghanistan,AFG,1985,1.2277
Afghanistan,AFG,1986,1.189
Afghanistan,AFG,1987,1.2849001
Afghanistan,AFG,1988,1.1728001
Afghanistan,AFG,1989,1.118
Afghanistan,AFG,1990,1.051
Afghanistan,AFG,1991,1.0213001
Afghanistan,AFG,1992,1.0313001
Afghanistan,AFG,1993,1.0211
Afghanistan,AFG,1994,1.0250001
Afghanistan,AFG,1995,1.0895001
Afghanistan,AFG,1996,1.1220001
Afghanistan,AFG,1997,1.2764001
Afghanistan,AFG,1998,1.2964001
Afghanistan,AFG,1999,1.2329
Afghanistan,AFG,2000,0.72400004
Afghanistan,AFG,2001,0.8977001
Afghanistan,AFG,2002,1.5419
Afghanistan,AFG,2003,1.5000001
Afghanistan,AFG,2004,1.2659001
Afghanistan,AFG,2005,1.8215001
Afghanistan,AFG,2006,1.376
Afghanistan,AFG,2007,1.8183001
Afghanistan,AFG,2008,1.2263001
Afghanistan,AFG,2009,1.9666001
Afghanistan,AFG,2010,1.9252
Afghanistan,AFG,2011,1.5179001
Afghanistan,AFG,2012,2.0104
Afghanistan,AFG,2013,2.0248
Afghanistan,AFG,2014,2.0237
Afghanistan,AFG,2015,2.1959
Afghanistan,AFG,2016,1.9803002
Afghanistan,AFG,2017,2.0342
Afghanistan,AFG,2018,2.21
Afghanistan,AFG,2019,2.0951002
Afghanistan,AFG,2020,1.9434001
Afghanistan,AFG,2021,1.9631001
Afghanistan,AFG,2022,2.0453002
Afghanistan,AFG,2023,2.1467001
Africa,,1961,0.6929824
Africa,,1962,0.9235801
Africa,,1963,0.89896965
Africa,,1964,0.87364256
Africa,,1965,0.8286706
Africa,,1966,0.7604273
Africa,,1967,0.84226596
Africa,,1968,0.992187
Africa,,1969,0.81034726
Africa,,1970,0.87034416
Africa,,1971,0.98275036
Africa,,1972,0.9918382
Africa,,1973,0.94019485
Africa,,1974,0.97112334
Africa,,1975,1.1004364
Africa,,1976,1.117727
Africa,,1977,0.9269387
Africa,,1978,1.0459137
Africa,,1979,1.0458215
Africa,,1980,1.098791
Africa,,1981,1.1340243
Africa,,1982,1.2749557
Africa,,1983,1.1230675
Africa,,1984,1.1438055
Africa,,1985,1.2476212
Africa,,1986,1.4427772
Africa,,1987,1.5012807
Africa,,1988,1.7497356
Africa,,1989,1.4811363
Africa,,1990,1.5981054
Africa,,1991,1.8941562
Africa,,1992,1.6494831
Africa,,1993,1.6275635
Africa,,1994,1.9151169
Africa,,1995,1.6212035
Africa,,1996,2.0284464
Africa,,1997,1.7976098
Africa,,1998,1.8641545
Africa,,1999,1.8099173
Africa,,2000,1.751963
Africa,,2001,2.024544
Africa,,2002,2.1282947
Africa,,2003,2.2131207
Africa,,2004,2.2136872
Africa,,2005,2.1353052
Africa,,2006,2.4582982
Africa,,2007,2.0426788
Africa,,2008,2.288036
Africa,,2009,2.5261984
Africa,,2010,2.3007598
Africa,,2011,2.582712
Africa,,2012,2.3930354
Africa,,2013,2.7918887
Africa,,2014,2.5699294
Africa,,2015,2.8455842
Africa,,2016,2.4474652
Africa,,2017,2.563551
Africa,,2018,2.9320781
Africa,,2019,2.750852
Africa,,2020,2.541726
Africa,,2021,3.2258916
Africa,,2022,2.7290506
Africa,,2023,2.8624275
Africa (FAO),,1961,0.693
Africa (FAO),,1962,0.9236
Africa (FAO),,1963,0.89900005
Africa (FAO),,1964,0.8736
Africa (FAO),,1965,0.82870007
Africa (FAO),,1966,0.76040006
Africa (FAO),,1967,0.84230006
Africa (FAO),,1968,0.9922001
Africa (FAO),,1969,0.81030005
Africa (FAO),,1970,0.87030005
Africa (FAO),,1971,0.9828
Africa (FAO),,1972,0.9918
Africa (FAO),,1973,0.94020003
Africa (FAO),,1974,0.97110003
Africa (FAO),,1975,1.1004001
Africa (FAO),,1976,1.1177
Africa (FAO),,1977,0.9269001
Africa (FAO),,1978,1.0459001
Africa (FAO),,1979,1.0458001
Africa (FAO),,1980,1.0988001
Africa (FAO),,1981,1.1340001
Africa (FAO),,1982,1.2750001
Africa (FAO),,1983,1.1231
Africa (FAO),,1984,1.1438001
Africa (FAO),,1985,1.2476001
Africa (FAO),,1986,1.4428002
Africa (FAO),,1987,1.5013001
Africa (FAO),,1988,1.7497001
Africa (FAO),,1989,1.4811001
Africa (FAO),,1990,1.5981001
Africa (FAO),,1991,1.8942001
Africa (FAO),,1992,1.6495001
Africa (FAO),,1993,1.6276001
Africa (FAO),,1994,1.9151001
Africa (FAO),,1995,1.6212001
Africa (FAO),,1996,2.0284002
Africa (FAO),,1997,1.7976
Africa (FAO),,1998,1.8642
Africa (FAO),,1999,1.8099002
Africa (FAO),,2000,1.7520001
Africa (FAO),,2001,2.0245001
Africa (FAO),,2002,2.1283002
Africa (FAO),,2003,2.2131002
Africa (FAO),,2004,2.2137
Africa (FAO),,2005,2.1353002
Africa (FAO),,2006,2.4583
Africa (FAO),,2007,2.0427
Africa (FAO),,2008,2.288
Africa (FAO),,2009,2.5262
Africa (FAO),,2010,2.3008
Africa (FAO),,2011,2.5827
Africa (FAO),,2012,2.3930001
Africa (FAO),,2013,2.7919
Africa (FAO),,2014,2.5699
Africa (FAO),,2015,2.8456001
Africa (FAO),,2016,2.4475002
Africa (FAO),,2017,2.5636003
Africa (FAO),,2018,2.9321003
Africa (FAO),,2019,2.7509
Africa (FAO),,2020,2.5417001
Africa (FAO),,2021,3.2259002
Africa (FAO),,2022,2.7291002
Africa (FAO),,2023,2.8624
Albania,ALB,1961,0.7731
Albania,ALB,1962,1.0522
Albania,ALB,1963,0.71270007
Albania,ALB,1964,0.96250004
Albania,ALB,1965,1.1344001
Albania,ALB,1966,1.2398001
Albania,ALB,1967,1.355
Albania,ALB,1968,1.4124001
Albania,ALB,1969,1.6389002
Albania,ALB,1970,1.5377
Albania,ALB,1971,1.8735001
Albania,ALB,1972,1.9000001
Albania,ALB,1973,2.0097
Albania,ALB,1974,2.0625
Albania,ALB,1975,1.9375001
Albania,ALB,1976,2.5526001
Albania,ALB,1977,2.45
Albania,ALB,1978,2.45
Albania,ALB,1979,2.49
Albania,ALB,1980,2.5198002
Albania,ALB,1981,2.5321002
Albania,ALB,1982,2.6886003
Albania,ALB,1983,3.0879002
Albania,ALB,1984,3.1579
Albania,ALB,1985,3.1406002
Albania,ALB,1986,2.8945003
Albania,ALB,1987,3.1031003
Albania,ALB,1988,3.2010002
Albania,ALB,1989,2.9302
Albania,ALB,1990,3.0197
Albania,ALB,1991,2.0698001
Albania,ALB,1992,2.4388
Albania,ALB,1993,2.9976003
Albania,ALB,1994,2.4745002
Albania,ALB,1995,2.8703003
Albania,ALB,1996,2.1741002
Albania,ALB,1997,2.8516002
Albania,ALB,1998,2.8037
Albania,ALB,1999,2.4954
Albania,ALB,2000,3.0455
Albania,ALB,2001,2.822
Albania,ALB,2002,3.1617
Albania,ALB,2003,2.8629
Albania,ALB,2004,3.1130002
Albania,ALB,2005,3.1582
Albania,ALB,2006,3.0787
Albania,ALB,2007,3.5496004
Albania,ALB,2008,4.0168004
Albania,ALB,2009,4.0229
Albania,ALB,2010,3.9905002
Albania,ALB,2011,4.2301
Albania,ALB,2012,4.1096
Albania,ALB,2013,4.1292005
Albania,ALB,2014,4.0001
Albania,ALB,2015,3.9511003
Albania,ALB,2016,3.9
Albania,ALB,2017,4.0367002
Albania,ALB,2018,3.6927001
Albania,ALB,2019,4.0680003
Albania,ALB,2020,4.3271003
Albania,ALB,2021,4.1305003
Albania,ALB,2022,4.2963
Albania,ALB,2023,4.0539002
Algeria,DZA,1961,0.40600002
Algeria,DZA,1962,0.80450004
Algeria,DZA,1963,0.8326
Algeria,DZA,1964,0.5317
Algeria,DZA,1965,0.6057
Algeria,DZA,1966,0.42520005
Algeria,DZA,1967,0.6333
Algeria,DZA,1968,0.68990004
Algeria,DZA,1969,0.60340005
Algeria,DZA,1970,0.62450004
Algeria,DZA,1971,0.6133
Algeria,DZA,1972,0.67010003
Algeria,DZA,1973,0.4934
Algeria,DZA,1974,0.49570003
Algeria,DZA,1975,0.8313
Algeria,DZA,1976,0.7101
Algeria,DZA,1977,0.43370003
Algeria,DZA,1978,0.5809001
Algeria,DZA,1979,0.5553
Algeria,DZA,1980,0.7297
Algeria,DZA,1981,0.67200005
Algeria,DZA,1982,0.59650004
Algeria,DZA,1983,0.56350005
Algeria,DZA,1984,0.573
Algeria,DZA,1985,0.8861
Algeria,DZA,1986,0.80840003
Algeria,DZA,1987,0.77770007
Algeria,DZA,1988,0.6006
Algeria,DZA,1989,0.7821
Algeria,DZA,1990,0.6315
Algeria,DZA,1991,1.0809001
Algeria,DZA,1992,0.99390006
Algeria,DZA,1993,0.8097001
Algeria,DZA,1994,0.79990005
Algeria,DZA,1995,0.8924001
Algeria,DZA,1996,1.309
Algeria,DZA,1997,0.80160004
Algeria,DZA,1998,0.88470006
Algeria,DZA,1999,1.0711
Algeria,DZA,2000,0.9194001
Algeria,DZA,2001,1.1104001
Algeria,DZA,2002,1.0739001
Algeria,DZA,2003,1.4480001
Algeria,DZA,2004,1.3582001
Algeria,DZA,2005,1.5057
Algeria,DZA,2006,1.5068002
Algeria,DZA,2007,1.2742
Algeria,DZA,2008,1.1038
Algeria,DZA,2009,1.5975001
Algeria,DZA,2010,1.4838002
Algeria,DZA,2011,1.7405001
Algeria,DZA,2012,1.7639002
Algeria,DZA,2013,1.9100001
Algeria,DZA,2014,1.4753001
Algeria,DZA,2015,1.4640001
Algeria,DZA,2016,1.1833001
Algeria,DZA,2017,1.1501
Algeria,DZA,2018,2.0433002
Algeria,DZA,2019,1.963
Algeria,DZA,2020,1.6811
Algeria,DZA,2021,1.5843002
Algeria,DZA,2022,1.6667
Algeria,DZA,2023,1.3889
Americas (FAO),,1961,1.2981
Americas (FAO),,1962,1.5471001
Americas (FAO),,1963,1.6568002
Americas (FAO),,1964,1.6242
Americas (FAO),,1965,1.6334001
Americas (FAO),,1966,1.7003001
Americas (FAO),,1967,1.5475
Americas (FAO),,1968,1.6342
Americas (FAO),,1969,1.838
Americas (FAO),,1970,1.8706001
Americas (FAO),,1971,1.9497
Americas (FAO),,1972,1.8638002
Americas (FAO),,1973,1.9134002
Americas (FAO),,1974,1.7008002
Americas (FAO),,1975,1.8697001
Americas (FAO),,1976,1.9324001
Americas (FAO),,1977,1.8834001
Americas (FAO),,1978,1.9716
Americas (FAO),,1979,1.9549001
Americas (FAO),,1980,1.9810001
Americas (FAO),,1981,2.1095002
Americas (FAO),,1982,2.2167
Americas (FAO),,1983,2.2805002
Americas (FAO),,1984,2.2739
Americas (FAO),,1985,2.1941001
Americas (FAO),,1986,2.1969
Americas (FAO),,1987,2.2665
Americas (FAO),,1988,1.9225001
Americas (FAO),,1989,2.0674
Americas (FAO),,1990,2.4160001
Americas (FAO),,1991,2.2381003
Americas (FAO),,1992,2.4279
Americas (FAO),,1993,2.4323
Americas (FAO),,1994,2.3803
Americas (FAO),,1995,2.3430002
Americas (FAO),,1996,2.3883002
Americas (FAO),,1997,2.4623
Americas (FAO),,1998,2.6759
Americas (FAO),,1999,2.7024
Americas (FAO),,2000,2.6660001
Americas (FAO),,2001,2.4652002
Americas (FAO),,2002,2.2175002
Americas (FAO),,2003,2.6405
Americas (FAO),,2004,2.7515001
Americas (FAO),,2005,2.7553003
Americas (FAO),,2006,2.5930002
Americas (FAO),,2007,2.6268
Americas (FAO),,2008,2.953
Americas (FAO),,2009,2.7918003
Americas (FAO),,2010,3.0299
Americas (FAO),,2011,3.0478003
Americas (FAO),,2012,3.0576003
Americas (FAO),,2013,3.2408001
Americas (FAO),,2014,2.9224
Americas (FAO),,2015,2.8825002
Americas (FAO),,2016,3.4675002
Americas (FAO),,2017,3.2012
Americas (FAO),,2018,3.1992002
Americas (FAO),,2019,3.3792002
Americas (FAO),,2020,3.2919002
Americas (FAO),,2021,2.8390002
Americas (FAO),,2022,3.3102002
Americas (FAO),,2023,3.0054
Angola,AGO,1961,1.1111001
Angola,AGO,1962,1.1111001
Angola,AGO,1963,1.1111001
Angola,AGO,1964,0.9286
Angola,AGO,1965,1.1111001
Angola,AGO,1966,1.1
Angola,AGO,1967,1.35
Angola,AGO,1968,1.35
Angola,AGO,1969,0.943
Angola,AGO,1970,0.8546
Angola,AGO,1971,0.91300005
Angola,AGO,1972,1.1592
Angola,AGO,1973,0.88670003
Angola,AGO,1974,1.3065001
Angola,AGO,1975,1
Angola,AGO,1976,1
Angola,AGO,1977,0.7692
Angola,AGO,1978,0.58820003
Angola,AGO,1979,0.53330004
Angola,AGO,1980,0.5833
Angola,AGO,1981,0.6316
Angola,AGO,1982,0.625
Angola,AGO,1983,0.625
Angola,AGO,1984,0.625
Angola,AGO,1985,0.625
Angola,AGO,1986,0.8
Angola,AGO,1987,0.8
Angola,AGO,1988,0.8
Angola,AGO,1989,0.8
Angola,AGO,1990,0.79950005
Angola,AGO,1991,0.8
Angola,AGO,1992,0.8
Angola,AGO,1993,0.8862001
Angola,AGO,1994,1
Angola,AGO,1995,1.1865001
Angola,AGO,1996,1.3758001
Angola,AGO,1997,1.5529001
Angola,AGO,1998,1.7143002
Angola,AGO,1999,1.7391001
Angola,AGO,2000,1.7025001
Angola,AGO,2001,1.6667
Angola,AGO,2002,1.5485001
Angola,AGO,2003,1.3879001
Angola,AGO,2004,1.2412
Angola,AGO,2005,1.0860001
Angola,AGO,2006,1
Angola,AGO,2007,1
Angola,AGO,2008,1
Angola,AGO,2009,1
Angola,AGO,2010,1.0526
Angola,AGO,2011,1.0959
Angola,AGO,2012,1.1317
Angola,AGO,2013,0.9991
Angola,AGO,2014,0.9779001
Angola,AGO,2015,0.96220005
Angola,AGO,2016,0.9466
Angola,AGO,2017,0.93100005
Angola,AGO,2018,0.9153
Angola,AGO,2019,0.8798
Angola,AGO,2020,0.652
Angola,AGO,2021,0.93100005
Angola,AGO,2022,0.93100005
Angola,AGO,2023,0.93100005
Argentina,ARG,1961,1.2950001
Argentina,ARG,1962,1.5222
Argentina,ARG,1963,1.5751001
Argentina,ARG,1964,1.8353001
Argentina,ARG,1965,1.3212
Argentina,ARG,1966,1.1982
Argentina,ARG,1967,1.2595
Argentina,ARG,1968,0.98330003
Argentina,ARG,1969,1.3523002
Argentina,ARG,1970,1.3294001
Argentina,ARG,1971,1.2667
Argentina,ARG,1972,1.5911001
Argentina,ARG,1973,1.6574001
Argentina,ARG,1974,1.4103001
Argentina,ARG,1975,1.626
Argentina,ARG,1976,1.7045001
Argentina,ARG,1977,1.3612
Argentina,ARG,1978,1.7396001
Argentina,ARG,1979,1.6934001
Argentina,ARG,1980,1.5596
Argentina,ARG,1981,1.4014001
Argentina,ARG,1982,2.0501
Argentina,ARG,1983,1.8405001
Argentina,ARG,1984,2.3068001
Argentina,ARG,1985,1.6177
Argentina,ARG,1986,1.7819002
Argentina,ARG,1987,1.8847001
Argentina,ARG,1988,1.8344
Argentina,ARG,1989,1.8947
Argentina,ARG,1990,1.8947
Argentina,ARG,1991,1.8972
Argentina,ARG,1992,2.1809
Argentina,ARG,1993,2.3272002
Argentina,ARG,1994,2.0237
Argentina,ARG,1995,2.1675
Argentina,ARG,1996,1.9344001
Argentina,ARG,1997,2.2426002
Argentina,ARG,1998,2.6088002
Argentina,ARG,1999,2.3028002
Argentina,ARG,2000,2.4873002
Argentina,ARG,2001,2.4934
Argentina,ARG,2002,2.2398002
Argentina,ARG,2003,2.0361001
Argentina,ARG,2004,2.5441003
Argentina,ARG,2005,2.6356003
Argentina,ARG,2006,2.5302
Argentina,ARG,2007,2.6234
Argentina,ARG,2008,2.8271003
Argentina,ARG,2009,1.9628001
Argentina,ARG,2010,2.7113001
Argentina,ARG,2011,3.5063002
Argentina,ARG,2012,3.2199001
Argentina,ARG,2013,2.6581001
Argentina,ARG,2014,2.6619
Argentina,ARG,2015,2.8100002
Argentina,ARG,2016,2.8623002
Argentina,ARG,2017,3.3047001
Argentina,ARG,2018,3.1806002
Argentina,ARG,2019,3.216
Argentina,ARG,2020,2.9387002
Argentina,ARG,2021,2.7595
Argentina,ARG,2022,3.3825002
Argentina,ARG,2023,2.2876003
Armenia,ARM,1992,2.16
Armenia,ARM,1993,2.2257001
Armenia,ARM,1994,1.7842001
Armenia,ARM,1995,2.548
Armenia,ARM,1996,2.3569
Armenia,ARM,1997,1.7009001
Armenia,ARM,1998,2.0651002
Armenia,ARM,1999,1.9466001
Armenia,ARM,2000,1.6679001
Armenia,ARM,2001,2.2263002
Armenia,ARM,2002,2.3877
Armenia,ARM,2003,1.7183001
Armenia,ARM,2004,2.3416002
Armenia,ARM,2005,2.0252001
Armenia,ARM,2006,1.4627
Armenia,ARM,2007,2.5837002
Armenia,ARM,2008,2.4322
Armenia,ARM,2009,2.2374
Armenia,ARM,2010,2.1192
Armenia,ARM,2011,2.88
Armenia,ARM,2012,2.601
Armenia,ARM,2013,3.1273003
Armenia,ARM,2014,3.226
Armenia,ARM,2015,3.3437002
Armenia,ARM,2016,3.2427
Armenia,ARM,2017,2.1783001
Armenia,ARM,2018,2.8240001
Armenia,ARM,2019,1.9565
Armenia,ARM,2020,2.2528002
Armenia,ARM,2021,1.6766001
Armenia,ARM,2022,2.4509
Armenia,ARM,2023,2.5265002
Asia,,1961,0.7488306
Asia,,1962,0.84461707
Asia,,1963,0.85306096
Asia,,1964,0.8432275
Asia,,1965,0.9750601
Asia,,1966,0.96613324
Asia,,1967,1.033632
Asia,,1968,1.0844697
Asia,,1969,1.099214
Asia,,1970,1.1135769
Asia,,1971,1.2257415
Asia,,1972,1.2964938
Asia,,1973,1.217583
Asia,,1974,1.2761098
Asia,,1975,1.4195487
Asia,,1976,1.5386351
Asia,,1977,1.4122207
Asia,,1978,1.5712845
Asia,,1979,1.7384086
Asia,,1980,1.612209
Asia,,1981,1.741676
Asia,,1982,1.8974645
Asia,,1983,2.0534477
Asia,,1984,2.144763
Asia,,1985,2.1317585
Asia,,1986,2.2903395
Asia,,1987,2.1888118
Asia,,1988,2.2488372
Asia,,1989,2.2975495
Asia,,1990,2.3842149
Asia,,1991,2.392449
Asia,,1992,2.3489404
Asia,,1993,2.3391953
Asia,,1994,2.2596948
Asia,,1995,2.3763628
Asia,,1996,2.417954
Asia,,1997,2.6160908
Asia,,1998,2.5174015
Asia,,1999,2.6502366
Asia,,2000,2.5984643
Asia,,2001,2.6010804
Asia,,2002,2.6223617
Asia,,2003,2.5941331
Asia,,2004,2.680203
Asia,,2005,2.6851103
Asia,,2006,2.8304331
Asia,,2007,2.8653684
Asia,,2008,2.8211412
Asia,,2009,2.9464622
Asia,,2010,2.8517158
Asia,,2011,3.0506816
Asia,,2012,3.0549042
Asia,,2013,3.114049
Asia,,2014,3.1621463
Asia,,2015,3.190864
Asia,,2016,3.272148
Asia,,2017,3.368533
Asia,,2018,3.4117606
Asia,,2019,3.481811
Asia,,2020,3.4725573
Asia,,2021,3.4367933
Asia,,2022,3.5347786
Asia,,2023,3.5115829
Asia (FAO),,1961,0.7486
Asia (FAO),,1962,0.84480006
Asia (FAO),,1963,0.8532001
Asia (FAO),,1964,0.8431
Asia (FAO),,1965,0.97550005
Asia (FAO),,1966,0.96610004
Asia (FAO),,1967,1.0342
Asia (FAO),,1968,1.0845001
Asia (FAO),,1969,1.0994
Asia (FAO),,1970,1.1129
Asia (FAO),,1971,1.2257
Asia (FAO),,1972,1.2962
Asia (FAO),,1973,1.2162
Asia (FAO),,1974,1.2759001
Asia (FAO),,1975,1.4195001
Asia (FAO),,1976,1.5385001
Asia (FAO),,1977,1.4120001
Asia (FAO),,1978,1.5712
Asia (FAO),,1979,1.7383001
Asia (FAO),,1980,1.6122
Asia (FAO),,1981,1.7416
Asia (FAO),,1982,1.8974001
Asia (FAO),,1983,2.0534
Asia (FAO),,1984,2.1447
Asia (FAO),,1985,2.1317
Asia (FAO),,1986,2.2903001
Asia (FAO),,1987,2.1888
Asia (FAO),,1988,2.2488
Asia (FAO),,1989,2.2975001
Asia (FAO),,1990,2.3842
Asia (FAO),,1991,2.3924
Asia (FAO),,1992,2.3489
Asia (FAO),,1993,2.3392
Asia (FAO),,1994,2.2597
Asia (FAO),,1995,2.3764
Asia (FAO),,1996,2.4180002
Asia (FAO),,1997,2.6161003
Asia (FAO),,1998,2.5174
Asia (FAO),,1999,2.6502001
Asia (FAO),,2000,2.5984
Asia (FAO),,2001,2.601
Asia (FAO),,2002,2.6223001
Asia (FAO),,2003,2.5941002
Asia (FAO),,2004,2.6801002
Asia (FAO),,2005,2.6851003
Asia (FAO),,2006,2.8304
Asia (FAO),,2007,2.8653002
Asia (FAO),,2008,2.821
Asia (FAO),,2009,2.9464
Asia (FAO),,2010,2.8517
Asia (FAO),,2011,3.0506003
Asia (FAO),,2012,3.0549
Asia (FAO),,2013,3.114
Asia (FAO),,2014,3.1620002
Asia (FAO),,2015,3.1908002
Asia (FAO),,2016,3.2719
Asia (FAO),,2017,3.3684
Asia (FAO),,2018,3.4116004
Asia (FAO),,2019,3.4817002
Asia (FAO),,2020,3.4725
Asia (FAO),,2021,3.4366002
Asia (FAO),,2022,3.5346003
Asia (FAO),,2023,3.5114
Australia,AUS,1961,1.1291001
Australia,AUS,1962,1.2533001
Australia,AUS,1963,1.3387
Australia,AUS,1964,1.3841001
Australia,AUS,1965,0.99700004
Australia,AUS,1966,1.5070001
Australia,AUS,1967,0.83100003
Australia,AUS,1968,1.365
Australia,AUS,1969,1.1118001
Australia,AUS,1970,1.2179
Australia,AUS,1971,1.2057
Australia,AUS,1972,0.86660004
Australia,AUS,1973,1.3396001
Australia,AUS,1974,1.3671
Australia,AUS,1975,1.4006001
Australia,AUS,1976,1.3175001
Australia,AUS,1977,0.94130003
Australia,AUS,1978,1.7651
Australia,AUS,1979,1.4515
Australia,AUS,1980,0.96220005
Australia,AUS,1981,1.3765
Australia,AUS,1982,0.77050006
Australia,AUS,1983,1.7026
Australia,AUS,1984,1.5455
Australia,AUS,1985,1.3695
Australia,AUS,1986,1.4476
Australia,AUS,1987,1.3645
Australia,AUS,1988,1.5787001
Australia,AUS,1989,1.5787001
Australia,AUS,1990,1.6344001
Australia,AUS,1991,1.6344001
Australia,AUS,1992,1.4698001
Australia,AUS,1993,1.7812
Australia,AUS,1994,1.9658002
Australia,AUS,1995,1.1356
Australia,AUS,1996,1.7899001
Australia,AUS,1997,2.1673002
Australia,AUS,1998,1.8412
Australia,AUS,1999,1.8596001
Australia,AUS,2000,2.0066001
Australia,AUS,2001,1.8209001
Australia,AUS,2002,2.1076002
Australia,AUS,2003,0.90700006
Australia,AUS,2004,1.9998001
Australia,AUS,2005,1.6348001
Australia,AUS,2006,2.0213
Australia,AUS,2007,0.91730005
Australia,AUS,2008,1.0788001
Australia,AUS,2009,1.5831001
Australia,AUS,2010,1.5729
Australia,AUS,2011,2.0301
Australia,AUS,2012,2.1511002
Australia,AUS,2013,1.7609001
Australia,AUS,2014,2.0061002
Australia,AUS,2015,1.9172001
Australia,AUS,2016,1.9743001
Australia,AUS,2017,2.6100001
Australia,AUS,2018,1.9178002
Australia,AUS,2019,1.6917
Australia,AUS,2020,1.4681001
Australia,AUS,2021,2.5249
Australia,AUS,2022,2.8470001
Australia,AUS,2023,3.1875002
Austria,AUT,1850,0.77
Austria,AUT,1911,1.37
Austria,AUT,1934,1.8
Austria,AUT,1950,1.71
Austria,AUT,1961,2.5802
Austria,AUT,1962,2.6122
Austria,AUT,1963,2.5099
Austria,AUT,1964,2.6524
Austria,AUT,1965,2.3969
Austria,AUT,1966,2.8581002
Austria,AUT,1967,3.3049002
Austria,AUT,1968,3.4175003
Austria,AUT,1969,3.3172002
Austria,AUT,1970,2.9445002
Austria,AUT,1971,3.5577002
Austria,AUT,1972,3.1461003
Austria,AUT,1973,3.5268002
Austria,AUT,1974,4.0938
Austria,AUT,1975,3.5063002
Austria,AUT,1976,4.2634
Austria,AUT,1977,3.7588003
Austria,AUT,1978,4.1771
Austria,AUT,1979,3.1457002
Austria,AUT,1980,4.4673
Austria,AUT,1981,3.7370002
Austria,AUT,1982,4.2767005
Austria,AUT,1983,4.53
Austria,AUT,1984,4.7632003
Austria,AUT,1985,4.8862004
Austria,AUT,1986,4.3605003
Austria,AUT,1987,4.5284
Austria,AUT,1988,5.3436003
Austria,AUT,1989,4.9015
Austria,AUT,1990,5.0479
Austria,AUT,1991,5.0735
Austria,AUT,1992,5.3938003
Austria,AUT,1993,4.2246003
Austria,AUT,1994,5.2088
Austria,AUT,1995,5.0856004
Austria,AUT,1996,5.0069003
Austria,AUT,1997,5.2044
Austria,AUT,1998,5.0749
Austria,AUT,1999,5.4348
Austria,AUT,2000,4.4688
Austria,AUT,2001,5.2412004
Austria,AUT,2002,4.9667006
Austria,AUT,2003,4.3801003
Austria,AUT,2004,5.9234004
Austria,AUT,2005,5.0286
Austria,AUT,2006,4.9066005
Austria,AUT,2007,4.7763
Austria,AUT,2008,5.6935
Austria,AUT,2009,4.9295
Austria,AUT,2010,5.0117006
Austria,AUT,2011,5.8549004
Austria,AUT,2012,4.1388
Austria,AUT,2013,5.3743
Austria,AUT,2014,5.9217005
Austria,AUT,2015,5.6962004
Austria,AUT,2016,6.2534003
Austria,AUT,2017,4.8712006
Austria,AUT,2018,4.6453
Austria,AUT,2019,5.7372003
Austria,AUT,2020,5.9234004
Austria,AUT,2021,5.5299
Austria,AUT,2022,5.7952003
Austria,AUT,2023,6.1877003
Azerbaijan,AZE,1992,2.1705
Azerbaijan,AZE,1993,1.6855
Azerbaijan,AZE,1994,1.6296
Azerbaijan,AZE,1995,1.4940001
Azerbaijan,AZE,1996,1.6627
Azerbaijan,AZE,1997,1.6914
Azerbaijan,AZE,1998,1.5764
Azerbaijan,AZE,1999,1.9992001
Azerbaijan,AZE,2000,2.3223002
Azerbaijan,AZE,2001,2.6154
Azerbaijan,AZE,2002,2.6028001
Azerbaijan,AZE,2003,2.5599
Azerbaijan,AZE,2004,2.5748003
Azerbaijan,AZE,2005,2.5818002
Azerbaijan,AZE,2006,2.605
Azerbaijan,AZE,2007,2.6722
Azerbaijan,AZE,2008,2.7251003
Azerbaijan,AZE,2009,2.5946002
Azerbaijan,AZE,2010,1.9381001
Azerbaijan,AZE,2011,2.4376001
Azerbaijan,AZE,2012,2.6144
Azerbaijan,AZE,2013,2.6719
Azerbaijan,AZE,2014,2.3285
Azerbaijan,AZE,2015,3.0385
Azerbaijan,AZE,2016,3.0475001
Azerbaijan,AZE,2017,2.9687002
Azerbaijan,AZE,2018,2.9383001
Azerbaijan,AZE,2019,3.1555002
Azerbaijan,AZE,2020,3.0908003
Azerbaijan,AZE,2021,3.2101002
Azerbaijan,AZE,2022,3.1113002
Azerbaijan,AZE,2023,3.302
Bangladesh,BGD,1961,0.5738
Bangladesh,BGD,1962,0.6753
Bangladesh,BGD,1963,0.60690004
Bangladesh,BGD,1964,0.6011
Bangladesh,BGD,1965,0.6467
Bangladesh,BGD,1966,0.6473
Bangladesh,BGD,1967,0.79260004
Bangladesh,BGD,1968,0.758
Bangladesh,BGD,1969,0.79640007
Bangladesh,BGD,1970,0.874
Bangladesh,BGD,1971,0.8880001
Bangladesh,BGD,1972,0.9038
Bangladesh,BGD,1973,0.75720006
Bangladesh,BGD,1974,0.89870006
Bangladesh,BGD,1975,0.92600006
Bangladesh,BGD,1976,1.4535
Bangladesh,BGD,1977,1.6211001
Bangladesh,BGD,1978,1.8419001
Bangladesh,BGD,1979,1.866
Bangladesh,BGD,1980,1.899
Bangladesh,BGD,1981,1.8479002
Bangladesh,BGD,1982,1.8114
Bangladesh,BGD,1983,2.1090002
Bangladesh,BGD,1984,2.3021002
Bangladesh,BGD,1985,2.1647
Bangladesh,BGD,1986,1.9282
Bangladesh,BGD,1987,1.8657
Bangladesh,BGD,1988,1.7542
Bangladesh,BGD,1989,1.8246001
Bangladesh,BGD,1990,1.5034001
Bangladesh,BGD,1991,1.6767
Bangladesh,BGD,1992,1.8534001
Bangladesh,BGD,1993,1.8457
Bangladesh,BGD,1994,1.8390001
Bangladesh,BGD,1995,1.9483001
Bangladesh,BGD,1996,1.9531001
Bangladesh,BGD,1997,2.0544
Bangladesh,BGD,1998,2.2408001
Bangladesh,BGD,1999,2.1627
Bangladesh,BGD,2000,2.2104
Bangladesh,BGD,2001,2.1643002
Bangladesh,BGD,2002,2.1644
Bangladesh,BGD,2003,2.1327
Bangladesh,BGD,2004,1.9527
Bangladesh,BGD,2005,1.7478001
Bangladesh,BGD,2006,1.5344001
Bangladesh,BGD,2007,1.8471
Bangladesh,BGD,2008,2.1753001
Bangladesh,BGD,2009,2.1516001
Bangladesh,BGD,2010,2.3959
Bangladesh,BGD,2011,2.6012
Bangladesh,BGD,2012,2.7789001
Bangladesh,BGD,2013,3.0138001
Bangladesh,BGD,2014,3.0319
Bangladesh,BGD,2015,3.0860002
Bangladesh,BGD,2016,3.0310001
Bangladesh,BGD,2017,3.1576002
Bangladesh,BGD,2018,3.1302001
Bangladesh,BGD,2019,3.078
Bangladesh,BGD,2020,3.0970001
Bangladesh,BGD,2021,3.2996004
Bangladesh,BGD,2022,3.45
Bangladesh,BGD,2023,3.4946003
Belarus,BLR,1992,2.7983003
Belarus,BLR,1993,2.6826003
Belarus,BLR,1994,2.2802
Belarus,BLR,1995,2.4791002
Belarus,BLR,1996,2.1989
Belarus,BLR,1997,2.5132
Belarus,BLR,1998,2.1347
Belarus,BLR,1999,1.7322
Belarus,BLR,2000,2.1367002
Belarus,BLR,2001,2.1255002
Belarus,BLR,2002,2.6919
Belarus,BLR,2003,2.5082002
Belarus,BLR,2004,3.3040001
Belarus,BLR,2005,3.2812002
Belarus,BLR,2006,2.8191001
Belarus,BLR,2007,3.2771003
Belarus,BLR,2008,3.9752002
Belarus,BLR,2009,3.5428002
Belarus,BLR,2010,2.8851001
Belarus,BLR,2011,3.3088002
Belarus,BLR,2012,3.5822
Belarus,BLR,2013,3.061
Belarus,BLR,2014,3.9424
Belarus,BLR,2015,3.9623003
Belarus,BLR,2016,3.2938
Belarus,BLR,2017,3.6540003
Belarus,BLR,2018,2.7496002
Belarus,BLR,2019,3.3274
Belarus,BLR,2020,3.9413002
Belarus,BLR,2021,3.3609002
Belarus,BLR,2022,3.6478002
Belarus,BLR,2023,3.6138003
Belgium,BEL,1850,1.05
Belgium,BEL,1911,2.53
Belgium,BEL,1934,2.77
Belgium,BEL,1950,3.22
Belgium,BEL,1978,4.82
Belgium,BEL,2000,7.9198003
Belgium,BEL,2001,8.047501
Belgium,BEL,2002,8.275701
Belgium,BEL,2003,8.5786
Belgium,BEL,2004,8.9806
Belgium,BEL,2005,8.2733
Belgium,BEL,2006,8.254901
Belgium,BEL,2007,7.8908
Belgium,BEL,2008,8.7585
Belgium,BEL,2009,9.4652
Belgium,BEL,2010,8.827201
Belgium,BEL,2011,8.4046
Belgium,BEL,2012,8.452201
Belgium,BEL,2013,8.934901
Belgium,BEL,2014,9.412901
Belgium,BEL,2015,10.015201
Belgium,BEL,2016,6.7871003
Belgium,BEL,2017,8.617401
Belgium,BEL,2018,8.4923
Belgium,BEL,2019,9.336401
Belgium,BEL,2020,8.9463005
Belgium,BEL,2021,7.7884
Belgium,BEL,2022,9.057401
Belgium,BEL,2023,8.424701
Belgium-Luxembourg (FAO),,1961,3.7116003
Belgium-Luxembourg (FAO),,1962,4.1868
Belgium-Luxembourg (FAO),,1963,4.0814
Belgium-Luxembourg (FAO),,1964,4.3638
Belgium-Luxembourg (FAO),,1965,3.9701004
Belgium-Luxembourg (FAO),,1966,2.6473002
Belgium-Luxembourg (FAO),,1967,4.2594
Belgium-Luxembourg (FAO),,1968,4.0839
Belgium-Luxembourg (FAO),,1969,3.8306003
Belgium-Luxembourg (FAO),,1970,3.8482
Belgium-Luxembourg (FAO),,1971,4.4848
Belgium-Luxembourg (FAO),,1972,4.4206004
Belgium-Luxembourg (FAO),,1973,4.9497004
Belgium-Luxembourg (FAO),,1974,5.4311004
Belgium-Luxembourg (FAO),,1975,3.8018003
Belgium-Luxembourg (FAO),,1976,4.4325004
Belgium-Luxembourg (FAO),,1977,4.1044
Belgium-Luxembourg (FAO),,1978,5.2535005
Belgium-Luxembourg (FAO),,1979,5.1304
Belgium-Luxembourg (FAO),,1980,4.6131005
Belgium-Luxembourg (FAO),,1981,5.3490005
Belgium-Luxembourg (FAO),,1982,5.8091
Belgium-Luxembourg (FAO),,1983,5.2262006
Belgium-Luxembourg (FAO),,1984,6.8436003
Belgium-Luxembourg (FAO),,1985,6.2522006
Belgium-Luxembourg (FAO),,1986,6.7404003
Belgium-Luxembourg (FAO),,1987,5.7796
Belgium-Luxembourg (FAO),,1988,6.5242004
Belgium-Luxembourg (FAO),,1989,6.7442007
Belgium-Luxembourg (FAO),,1990,6.0339003
Belgium-Luxembourg (FAO),,1991,6.6884003
Belgium-Luxembourg (FAO),,1992,6.5309
Belgium-Luxembourg (FAO),,1993,7.1303
Belgium-Luxembourg (FAO),,1994,7.3294
Belgium-Luxembourg (FAO),,1995,7.0119004
Belgium-Luxembourg (FAO),,1996,8.918401
Belgium-Luxembourg (FAO),,1997,7.9337006
Belgium-Luxembourg (FAO),,1998,8.2523
Belgium-Luxembourg (FAO),,1999,8.0957
Bhutan,BTN,1961,1.0204
Bhutan,BTN,1962,1.0200001
Bhutan,BTN,1963,1.0196
Bhutan,BTN,1964,1.0192001
Bhutan,BTN,1965,1.0189
Bhutan,BTN,1966,1.0182
Bhutan,BTN,1967,1.0175
Bhutan,BTN,1968,1.0169001
Bhutan,BTN,1969,1.0164001
Bhutan,BTN,1970,1.0159
Bhutan,BTN,1971,1.0154
Bhutan,BTN,1972,1.0149001
Bhutan,BTN,1973,1.0145
Bhutan,BTN,1974,1.0141001
Bhutan,BTN,1975,1.0137
Bhutan,BTN,1976,1.0133001
Bhutan,BTN,1977,1
Bhutan,BTN,1978,1
Bhutan,BTN,1979,1
Bhutan,BTN,1980,1
Bhutan,BTN,1981,1.0941
Bhutan,BTN,1982,1.0526
Bhutan,BTN,1983,1.1
Bhutan,BTN,1984,1.1366
Bhutan,BTN,1985,1
Bhutan,BTN,1986,0.91670007
Bhutan,BTN,1987,0.8
Bhutan,BTN,1988,0.6396
Bhutan,BTN,1989,0.6386
Bhutan,BTN,1990,0.7692
Bhutan,BTN,1991,0.83330005
Bhutan,BTN,1992,0.9091
Bhutan,BTN,1993,1.1667
Bhutan,BTN,1994,1.25
Bhutan,BTN,1995,1.3000001
Bhutan,BTN,1996,1.4167
Bhutan,BTN,1997,1.5385001
Bhutan,BTN,1998,1.5385001
Bhutan,BTN,1999,1.5385001
Bhutan,BTN,2000,0.94570005
Bhutan,BTN,2001,1
Bhutan,BTN,2002,1.1269001
Bhutan,BTN,2003,1.4239001
Bhutan,BTN,2004,1.3656
Bhutan,BTN,2005,1.2754
Bhutan,BTN,2006,1.3481001
Bhutan,BTN,2007,1.2921001
Bhutan,BTN,2008,1.7655001
Bhutan,BTN,2009,1.4371
Bhutan,BTN,2010,2.1637
Bhutan,BTN,2011,2.6686003
Bhutan,BTN,2012,2.2471
Bhutan,BTN,2013,2.3392
Bhutan,BTN,2014,2.2341
Bhutan,BTN,2015,1.9016001
Bhutan,BTN,2016,1.6751001
Bhutan,BTN,2017,1.8237001
Bhutan,BTN,2018,1.2677
Bhutan,BTN,2019,1.3130001
Bhutan,BTN,2020,1.6321001
Bhutan,BTN,2021,1.2624
Bhutan,BTN,2022,1.0753001
Bhutan,BTN,2023,1.1456001
Bolivia,BOL,1961,0.5625
Bolivia,BOL,1962,0.5
Bolivia,BOL,1963,0.51890004
Bolivia,BOL,1964,0.52290004
Bolivia,BOL,1965,0.873
Bolivia,BOL,1966,0.55
Bolivia,BOL,1967,0.6
Bolivia,BOL,1968,0.6
Bolivia,BOL,1969,0.69540006
Bolivia,BOL,1970,0.70000005
Bolivia,BOL,1971,0.78620005
Bolivia,BOL,1972,0.83330005
Bolivia,BOL,1973,0.82780004
Bolivia,BOL,1974,0.8489001
Bolivia,BOL,1975,0.80340004
Bolivia,BOL,1976,0.86390007
Bolivia,BOL,1977,0.65300006
Bolivia,BOL,1978,0.6456
Bolivia,BOL,1979,0.6909
Bolivia,BOL,1980,0.59920007
Bolivia,BOL,1981,0.6943
Bolivia,BOL,1982,0.68450004
Bolivia,BOL,1983,0.60450006
Bolivia,BOL,1984,0.7936
Bolivia,BOL,1985,0.7415
Bolivia,BOL,1986,0.76420003
Bolivia,BOL,1987,0.8079001
Bolivia,BOL,1988,0.767
Bolivia,BOL,1989,0.6962001
Bolivia,BOL,1990,0.648
Bolivia,BOL,1991,0.93390006
Bolivia,BOL,1992,0.80880004
Bolivia,BOL,1993,1.0320001
Bolivia,BOL,1994,0.7519001
Bolivia,BOL,1995,0.9746
Bolivia,BOL,1996,0.749
Bolivia,BOL,1997,1.0641
Bolivia,BOL,1998,0.9042001
Bolivia,BOL,1999,0.86770004
Bolivia,BOL,2000,0.84920007
Bolivia,BOL,2001,0.989
Bolivia,BOL,2002,0.88500005
Bolivia,BOL,2003,0.98780006
Bolivia,BOL,2004,1.0665001
Bolivia,BOL,2005,1.0741
Bolivia,BOL,2006,1.1113001
Bolivia,BOL,2007,0.92100006
Bolivia,BOL,2008,1.2931
Bolivia,BOL,2009,1.2862
Bolivia,BOL,2010,1.3920001
Bolivia,BOL,2011,0.9731
Bolivia,BOL,2012,0.9186
Bolivia,BOL,2013,1.1167
Bolivia,BOL,2014,1.0652
Bolivia,BOL,2015,1.7208002
Bolivia,BOL,2016,1.4334
Bolivia,BOL,2017,0.8848
Bolivia,BOL,2018,1.5117
Bolivia,BOL,2019,1.1993
Bolivia,BOL,2020,1.5220001
Bolivia,BOL,2021,1.6752
Bolivia,BOL,2022,1.4455
Bolivia,BOL,2023,1.2672
Bosnia and Herzegovina,BIH,1992,3.4
Bosnia and Herzegovina,BIH,1993,3.2613
Bosnia and Herzegovina,BIH,1994,3.4778001
Bosnia and Herzegovina,BIH,1995,3.4107
Bosnia and Herzegovina,BIH,1996,3.0127
Bosnia and Herzegovina,BIH,1997,3.0193002
Bosnia and Herzegovina,BIH,1998,3.2113001
Bosnia and Herzegovina,BIH,1999,2.7163002
Bosnia and Herzegovina,BIH,2000,3.229
Bosnia and Herzegovina,BIH,2001,2.4263
Bosnia and Herzegovina,BIH,2002,3.0026002
Bosnia and Herzegovina,BIH,2003,2.2617002
Bosnia and Herzegovina,BIH,2004,3.6711004
Bosnia and Herzegovina,BIH,2005,3.0568001
Bosnia and Herzegovina,BIH,2006,3.1698003
Bosnia and Herzegovina,BIH,2007,3.476
Bosnia and Herzegovina,BIH,2008,3.7354
Bosnia and Herzegovina,BIH,2009,3.7751002
Bosnia and Herzegovina,BIH,2010,2.6621003
Bosnia and Herzegovina,BIH,2011,3.5960002
Bosnia and Herzegovina,BIH,2012,3.7082002
Bosnia and Herzegovina,BIH,2013,3.9206002
Bosnia and Herzegovina,BIH,2014,2.864
Bosnia and Herzegovina,BIH,2015,3.5263002
Bosnia and Herzegovina,BIH,2016,4.2945004
Bosnia and Herzegovina,BIH,2017,4.1740003
Bosnia and Herzegovina,BIH,2018,4.0196004
Bosnia and Herzegovina,BIH,2019,3.8392
Bosnia and Herzegovina,BIH,2020,4.6029
Bosnia and Herzegovina,BIH,2021,4.7888002
Bosnia and Herzegovina,BIH,2022,5.46
Bosnia and Herzegovina,BIH,2023,4.3100004
Botswana,BWA,1961,2.5
Botswana,BWA,1962,2.5
Botswana,BWA,1963,2.5
Botswana,BWA,1964,2.5
Botswana,BWA,1965,2.5
Botswana,BWA,1966,2.3684
Botswana,BWA,1967,2.3684
Botswana,BWA,1968,2.3842
Botswana,BWA,1969,2.2367
Botswana,BWA,1970,1.8947
Botswana,BWA,1971,2.5
Botswana,BWA,1972,2.5
Botswana,BWA,1973,2.068
Botswana,BWA,1974,2.0370002
Botswana,BWA,1975,2.0370002
Botswana,BWA,1976,2.1111002
Botswana,BWA,1977,2
Botswana,BWA,1978,2
Botswana,BWA,1979,2
Botswana,BWA,1980,2
Botswana,BWA,1981,2
Botswana,BWA,1982,2
Botswana,BWA,1983,2
Botswana,BWA,1984,2
Botswana,BWA,1985,2
Botswana,BWA,1986,2
Botswana,BWA,1987,2
Botswana,BWA,1988,2
Botswana,BWA,1989,2
Botswana,BWA,1990,2.6178002
Botswana,BWA,1991,2.2268002
Botswana,BWA,1992,2.1474
Botswana,BWA,1993,2.0681002
Botswana,BWA,1994,1.9887
Botswana,BWA,1995,1.9093001
Botswana,BWA,1996,1.8929001
Botswana,BWA,1997,1.7218001
Botswana,BWA,1998,1.6667
Botswana,BWA,1999,1.6323001
Botswana,BWA,2000,1.5862
Botswana,BWA,2001,1.5714
Botswana,BWA,2002,1.4549001
Botswana,BWA,2003,1.3665
Botswana,BWA,2004,1.2686
Botswana,BWA,2005,1.1612
Botswana,BWA,2006,1.0456
Botswana,BWA,2007,0.90000004
Botswana,BWA,2008,0.8
Botswana,BWA,2018,1.3319001
Botswana,BWA,2019,0.6081
Botswana,BWA,2020,1.3615
Botswana,BWA,2021,1.5023001
Botswana,BWA,2022,2.2
Botswana,BWA,2023,1.0075
Brazil,BRA,1961,0.53300005
Brazil,BRA,1962,0.9491
Brazil,BRA,1963,0.4945
Brazil,BRA,1964,0.87650007
Brazil,BRA,1965,0.7636
Brazil,BRA,1966,0.85730004
Brazil,BRA,1967,0.75740004
Brazil,BRA,1968,0.88250005
Brazil,BRA,1969,0.97620004
Brazil,BRA,1970,0.9731
Brazil,BRA,1971,0.88650006
Brazil,BRA,1972,0.42370003
Brazil,BRA,1973,1.1044
Brazil,BRA,1974,1.1568002
Brazil,BRA,1975,0.61
Brazil,BRA,1976,0.90840006
Brazil,BRA,1977,0.65520006
Brazil,BRA,1978,0.95720005
Brazil,BRA,1979,0.7641
Brazil,BRA,1980,0.8653
Brazil,BRA,1981,1.1508001
Brazil,BRA,1982,0.646
Brazil,BRA,1983,1.1903001
Brazil,BRA,1984,1.1387
Brazil,BRA,1985,1.6140001
Brazil,BRA,1986,1.4466001
Brazil,BRA,1987,1.7654
Brazil,BRA,1988,1.6528001
Brazil,BRA,1989,1.6925001
Brazil,BRA,1990,1.154
Brazil,BRA,1991,1.4232
Brazil,BRA,1992,1.4295001
Brazil,BRA,1993,1.4825001
Brazil,BRA,1994,1.5541
Brazil,BRA,1995,1.542
Brazil,BRA,1996,1.8334001
Brazil,BRA,1997,1.6359001
Brazil,BRA,1998,1.6111001
Brazil,BRA,1999,1.9699001
Brazil,BRA,2000,1.5156001
Brazil,BRA,2001,1.9488001
Brazil,BRA,2002,1.4754001
Brazil,BRA,2003,2.4035
Brazil,BRA,2004,2.0728002
Brazil,BRA,2005,1.9735001
Brazil,BRA,2006,1.5927
Brazil,BRA,2007,2.2199
Brazil,BRA,2008,2.5497
Brazil,BRA,2009,2.0802
Brazil,BRA,2010,2.8288002
Brazil,BRA,2011,2.6602
Brazil,BRA,2012,2.3100002
Brazil,BRA,2013,2.7491002
Brazil,BRA,2014,2.2088
Brazil,BRA,2015,2.2278001
Brazil,BRA,2016,3.1551003
Brazil,BRA,2017,2.279
Brazil,BRA,2018,2.6292
Brazil,BRA,2019,2.6578002
Brazil,BRA,2020,2.6079001
Brazil,BRA,2021,2.8621001
Brazil,BRA,2022,3.2658002
Brazil,BRA,2023,2.3212001
Bulgaria,BGR,1911,0.62
Bulgaria,BGR,1934,0.91999996
Bulgaria,BGR,1950,1.24
Bulgaria,BGR,1961,1.5416001
Bulgaria,BGR,1962,1.6669002
Bulgaria,BGR,1963,1.5920001
Bulgaria,BGR,1964,1.7736001
Bulgaria,BGR,1965,2.5486002
Bulgaria,BGR,1966,2.7959
Bulgaria,BGR,1967,3.058
Bulgaria,BGR,1968,2.4048002
Bulgaria,BGR,1969,2.4725
Bulgaria,BGR,1970,2.9903002
Bulgaria,BGR,1971,3.0542002
Bulgaria,BGR,1972,3.7279
Bulgaria,BGR,1973,3.4886003
Bulgaria,BGR,1974,3.3563
Bulgaria,BGR,1975,3.2852
Bulgaria,BGR,1976,3.8240001
Bulgaria,BGR,1977,3.7177002
Bulgaria,BGR,1978,3.7080002
Bulgaria,BGR,1979,3.5034
Bulgaria,BGR,1980,3.9750001
Bulgaria,BGR,1981,4.3035
Bulgaria,BGR,1982,4.6368
Bulgaria,BGR,1983,3.1993003
Bulgaria,BGR,1984,4.2931004
Bulgaria,BGR,1985,2.8749
Bulgaria,BGR,1986,3.8399
Bulgaria,BGR,1987,3.8221002
Bulgaria,BGR,1988,4.0144
Bulgaria,BGR,1989,4.7661004
Bulgaria,BGR,1990,4.5514
Bulgaria,BGR,1991,3.7480001
Bulgaria,BGR,1992,3.1071002
Bulgaria,BGR,1993,2.858
Bulgaria,BGR,1994,2.8447
Bulgaria,BGR,1995,2.9085002
Bulgaria,BGR,1996,1.8818002
Bulgaria,BGR,1997,2.9502
Bulgaria,BGR,1998,2.8058002
Bulgaria,BGR,1999,2.7352002
Bulgaria,BGR,2000,2.8421001
Bulgaria,BGR,2001,3.0081003
Bulgaria,BGR,2002,3.0123003
Bulgaria,BGR,2003,2.3828
Bulgaria,BGR,2004,3.8100002
Bulgaria,BGR,2005,3.1567001
Bulgaria,BGR,2006,3.4026003
Bulgaria,BGR,2007,2.1973002
Bulgaria,BGR,2008,4.1674
Bulgaria,BGR,2009,3.1873002
Bulgaria,BGR,2010,3.6185002
Bulgaria,BGR,2011,3.9197001
Bulgaria,BGR,2012,3.7596002
Bulgaria,BGR,2013,4.1885004
Bulgaria,BGR,2014,4.2172003
Bulgaria,BGR,2015,4.5316005
Bulgaria,BGR,2016,4.7483
Bulgaria,BGR,2017,5.3583
Bulgaria,BGR,2018,4.9129
Bulgaria,BGR,2019,5.2722006
Bulgaria,BGR,2020,4.0393004
Bulgaria,BGR,2021,6.0878
Bulgaria,BGR,2022,5.3438
Bulgaria,BGR,2023,5.6145
Burundi,BDI,1961,0.4444
Burundi,BDI,1962,0.71430004
Burundi,BDI,1963,0.69810003
Burundi,BDI,1964,0.6491
Burundi,BDI,1965,0.6721
Burundi,BDI,1966,0.67740005
Burundi,BDI,1967,0.68850005
Burundi,BDI,1968,0.78400004
Burundi,BDI,1969,0.5461
Burundi,BDI,1970,0.5805
Burundi,BDI,1971,0.61570007
Burundi,BDI,1972,0.5411
Burundi,BDI,1973,0.70690006
Burundi,BDI,1974,0.52120006
Burundi,BDI,1975,0.6466
Burundi,BDI,1976,0.76240003
Burundi,BDI,1977,0.8
Burundi,BDI,1978,0.54840004
Burundi,BDI,1979,0.7667
Burundi,BDI,1980,0.6656
Burundi,BDI,1981,0.6305
Burundi,BDI,1982,0.6
Burundi,BDI,1983,0.6
Burundi,BDI,1984,0.88890004
Burundi,BDI,1985,0.48200002
Burundi,BDI,1986,1.0833001
Burundi,BDI,1987,1.1081
Burundi,BDI,1988,0.7378
Burundi,BDI,1989,0.8177
Burundi,BDI,1990,0.74780005
Burundi,BDI,1991,0.73330003
Burundi,BDI,1992,0.712
Burundi,BDI,1993,0.77870005
Burundi,BDI,1994,0.8824001
Burundi,BDI,1995,0.744
Burundi,BDI,1996,0.77550006
Burundi,BDI,1997,0.7774001
Burundi,BDI,1998,0.8148
Burundi,BDI,1999,0.7085
Burundi,BDI,2000,0.67740005
Burundi,BDI,2001,0.86670005
Burundi,BDI,2002,0.82900006
Burundi,BDI,2003,0.78950006
Burundi,BDI,2004,0.8326
Burundi,BDI,2005,0.73870003
Burundi,BDI,2006,0.80070007
Burundi,BDI,2007,0.84070003
Burundi,BDI,2008,0.8431
Burundi,BDI,2009,0.85830003
Burundi,BDI,2010,0.73170006
Burundi,BDI,2011,0.6973
Burundi,BDI,2012,0.44480002
Burundi,BDI,2013,0.72760004
Burundi,BDI,2014,0.5763
Burundi,BDI,2015,0.6833
Burundi,BDI,2016,0.38610002
Burundi,BDI,2017,0.39820004
Burundi,BDI,2018,1.4092001
Burundi,BDI,2019,0.6402
Burundi,BDI,2020,0.71500003
Burundi,BDI,2021,0.72290003
Burundi,BDI,2022,0.734
Burundi,BDI,2023,0.7321
Cameroon,CMR,1976,0.49330002
Cameroon,CMR,1977,0.314
Cameroon,CMR,1978,0.5
Cameroon,CMR,1979,0.86670005
Cameroon,CMR,1980,0.7931
Cameroon,CMR,1981,0.7931
Cameroon,CMR,1982,1.4706
Cameroon,CMR,1983,1.7778001
Cameroon,CMR,1984,1
Cameroon,CMR,1985,1.4246
Cameroon,CMR,1986,1.3333001
Cameroon,CMR,1987,1.3333001
Cameroon,CMR,1988,1.3333001
Cameroon,CMR,1989,1.3333001
Cameroon,CMR,1990,1.5000001
Cameroon,CMR,1991,1.3038001
Cameroon,CMR,1992,1.3051001
Cameroon,CMR,1993,1.3063002
Cameroon,CMR,1994,1.3086001
Cameroon,CMR,1995,1.3198001
Cameroon,CMR,1996,1.3333001
Cameroon,CMR,1997,1.3330001
Cameroon,CMR,1998,1.3341
Cameroon,CMR,1999,1.3352001
Cameroon,CMR,2000,1.3362
Cameroon,CMR,2001,1.3373001
Cameroon,CMR,2002,1.3384001
Cameroon,CMR,2003,1.3395001
Cameroon,CMR,2004,1.3407
Cameroon,CMR,2005,1.3418001
Cameroon,CMR,2006,1.3429
Cameroon,CMR,2007,1.3441
Cameroon,CMR,2008,1.3454001
Cameroon,CMR,2009,1.3467001
Cameroon,CMR,2010,1.3846
Cameroon,CMR,2011,1.3971001
Cameroon,CMR,2012,1.2308002
Cameroon,CMR,2013,1.2879001
Cameroon,CMR,2014,1.3281001
Cameroon,CMR,2015,1.3317
Cameroon,CMR,2016,1.3319001
Cameroon,CMR,2017,1.3354001
Cameroon,CMR,2018,1.3372
Cameroon,CMR,2019,1.3376
Cameroon,CMR,2020,1.3373001
Cameroon,CMR,2021,1.3372
Cameroon,CMR,2022,1.3375001
Cameroon,CMR,2023,1.3378001
Canada,CAN,1961,0.75290006
Canada,CAN,1962,1.4183002
Canada,CAN,1963,1.7651
Canada,CAN,1964,1.3604001
Canada,CAN,1965,1.5432
Canada,CAN,1966,1.8739
Canada,CAN,1967,1.3239001
Canada,CAN,1968,1.4855001
Canada,CAN,1969,1.8084002
Canada,CAN,1970,1.7864001
Canada,CAN,1971,1.8351
Canada,CAN,1972,1.6799
Canada,CAN,1973,1.6876
Canada,CAN,1974,1.4884001
Canada,CAN,1975,1.802
Canada,CAN,1976,2.0963001
Canada,CAN,1977,1.9632001
Canada,CAN,1978,1.9987
Canada,CAN,1979,1.6341001
Canada,CAN,1980,1.7212
Canada,CAN,1981,1.9959002
Canada,CAN,1982,2.1336002
Canada,CAN,1983,1.9345001
Canada,CAN,1984,1.6099001
Canada,CAN,1985,1.7665001
Canada,CAN,1986,2.2052
Canada,CAN,1987,1.9279001
Canada,CAN,1988,1.2293001
Canada,CAN,1989,1.8076
Canada,CAN,1990,2.2769
Canada,CAN,1991,2.2559
Canada,CAN,1992,2.1603003
Canada,CAN,1993,2.2027001
Canada,CAN,1994,2.1275
Canada,CAN,1995,2.2467
Canada,CAN,1996,2.4304001
Canada,CAN,1997,2.1285
Canada,CAN,1998,2.255
Canada,CAN,1999,2.5971003
Canada,CAN,2000,2.4446
Canada,CAN,2001,1.9452001
Canada,CAN,2002,1.8324001
Canada,CAN,2003,2.2565
Canada,CAN,2004,2.6409001
Canada,CAN,2005,2.7381003
Canada,CAN,2006,2.6096003
Canada,CAN,2007,2.3317
Canada,CAN,2008,2.8575
Canada,CAN,2009,2.7897
Canada,CAN,2010,2.8085
Canada,CAN,2011,2.9568002
Canada,CAN,2012,2.8743002
Canada,CAN,2013,3.5980003
Canada,CAN,2014,3.0818002
Canada,CAN,2015,2.8925002
Canada,CAN,2016,3.5805001
Canada,CAN,2017,3.3815002
Canada,CAN,2018,3.2742002
Canada,CAN,2019,3.3834
Canada,CAN,2020,3.5374
Canada,CAN,2021,2.4375
Canada,CAN,2022,3.4056003
Canada,CAN,2023,2.9913
Central America (FAO),,1961,1.6383002
Central America (FAO),,1962,1.889
Central America (FAO),,1963,2.0270002
Central America (FAO),,1964,2.6109
Central America (FAO),,1965,2.4576
Central America (FAO),,1966,2.2005
Central America (FAO),,1967,2.6425002
Central America (FAO),,1968,2.5739
Central America (FAO),,1969,2.7029
Central America (FAO),,1970,2.9499002
Central America (FAO),,1971,2.8938003
Central America (FAO),,1972,2.5727
Central America (FAO),,1973,3.1958003
Central America (FAO),,1974,3.4714
Central America (FAO),,1975,3.4793003
Central America (FAO),,1976,3.6629
Central America (FAO),,1977,3.3304
Central America (FAO),,1978,3.5000002
Central America (FAO),,1979,3.7730002
Central America (FAO),,1980,3.7199001
Central America (FAO),,1981,3.6412
Central America (FAO),,1982,4.275
Central America (FAO),,1983,3.9644
Central America (FAO),,1984,4.3073
Central America (FAO),,1985,4.2164
Central America (FAO),,1986,3.9221003
Central America (FAO),,1987,4.4091005
Central America (FAO),,1988,3.9573002
Central America (FAO),,1989,3.7856002
Central America (FAO),,1990,4.1719003
Central America (FAO),,1991,4.0985003
Central America (FAO),,1992,3.9243002
Central America (FAO),,1993,4.0479
Central America (FAO),,1994,4.2703
Central America (FAO),,1995,3.7055001
Central America (FAO),,1996,4.1355004
Central America (FAO),,1997,4.6882005
Central America (FAO),,1998,4.1769
Central America (FAO),,1999,4.6014
Central America (FAO),,2000,4.9051003
Central America (FAO),,2001,4.7483
Central America (FAO),,2002,5.0786004
Central America (FAO),,2003,4.4724
Central America (FAO),,2004,4.4620004
Central America (FAO),,2005,4.7326
Central America (FAO),,2006,5.2096004
Central America (FAO),,2007,5.0656004
Central America (FAO),,2008,4.9995003
Central America (FAO),,2009,4.9561005
Central America (FAO),,2010,5.4002004
Central America (FAO),,2011,5.4582005
Central America (FAO),,2012,5.6338
Central America (FAO),,2013,5.2734003
Central America (FAO),,2014,5.1758
Central America (FAO),,2015,4.5140004
Central America (FAO),,2016,5.3222003
Central America (FAO),,2017,5.2788
Central America (FAO),,2018,5.4151006
Central America (FAO),,2019,5.5105004
Central America (FAO),,2020,5.3008
Central America (FAO),,2021,5.9707003
Central America (FAO),,2022,6.0381002
Central America (FAO),,2023,6.1791005
Central Asia (FAO),,1992,1.3719001
Central Asia (FAO),,1993,0.9947001
Central Asia (FAO),,1994,0.86390007
Central Asia (FAO),,1995,0.7789001
Central Asia (FAO),,1996,0.87020004
Central Asia (FAO),,1997,1.0852
Central Asia (FAO),,1998,0.95070004
Central Asia (FAO),,1999,1.5557001
Central Asia (FAO),,2000,1.2327
Central Asia (FAO),,2001,1.4776001
Central Asia (FAO),,2002,1.5137
Central Asia (FAO),,2003,1.4832001
Central Asia (FAO),,2004,1.3291
Central Asia (FAO),,2005,1.4543002
Central Asia (FAO),,2006,1.6242
Central Asia (FAO),,2007,1.6162
Central Asia (FAO),,2008,1.3261
Central Asia (FAO),,2009,1.5771
Central Asia (FAO),,2010,1.2171
Central Asia (FAO),,2011,1.9179001
Central Asia (FAO),,2012,1.2449001
Central Asia (FAO),,2013,1.5012001
Central Asia (FAO),,2014,1.5328001
Central Asia (FAO),,2015,1.6489002
Central Asia (FAO),,2016,1.6450001
Central Asia (FAO),,2017,1.6262001
Central Asia (FAO),,2018,1.5668001
Central Asia (FAO),,2019,1.4877
Central Asia (FAO),,2020,1.5991
Central Asia (FAO),,2021,1.3423
Central Asia (FAO),,2022,1.6496
Central Asia (FAO),,2023,1.3535
Chad,TCD,1961,1.1111001
Chad,TCD,1962,1.2727
Chad,TCD,1963,1.5000001
Chad,TCD,1964,1.4595001
Chad,TCD,1965,1.7930001
Chad,TCD,1966,1.7066001
Chad,TCD,1967,2.2222002
Chad,TCD,1968,1.1458001
Chad,TCD,1969,1.5714
Chad,TCD,1970,1.5682
Chad,TCD,1971,1.5565001
Chad,TCD,1972,1.7328001
Chad,TCD,1973,2.3333
Chad,TCD,1974,3.6000001
Chad,TCD,1975,3.5714002
Chad,TCD,1976,1.9048002
Chad,TCD,1977,1.3333001
Chad,TCD,1978,1.6667
Chad,TCD,1979,2
Chad,TCD,1980,2
Chad,TCD,1981,1.8667
Chad,TCD,1982,1.6333002
Chad,TCD,1983,0.9091
Chad,TCD,1984,0.6003
Chad,TCD,1985,1.1910001
Chad,TCD,1986,0.7433
Chad,TCD,1987,1
Chad,TCD,1988,1.0652
Chad,TCD,1989,1.5000001
Chad,TCD,1990,1.5000001
Chad,TCD,1991,1.3822
Chad,TCD,1992,2.1201003
Chad,TCD,1993,2.1363
Chad,TCD,1994,2.2297
Chad,TCD,1995,0.99960005
Chad,TCD,1996,2.2496002
Chad,TCD,1997,3.0000002
Chad,TCD,1998,2.0226002
Chad,TCD,1999,1.434
Chad,TCD,2000,1.4336001
Chad,TCD,2001,1.4933001
Chad,TCD,2002,2
Chad,TCD,2003,1.445
Chad,TCD,2005,1.5000001
Chad,TCD,2006,1
Chad,TCD,2007,1.8651
Chad,TCD,2008,1.8000001
Chad,TCD,2009,2
Chad,TCD,2010,2.5007
Chad,TCD,2011,0.4923
Chad,TCD,2012,2.5
Chad,TCD,2013,2.6421003
Chad,TCD,2014,1.3006
Chad,TCD,2015,1.4006001
Chad,TCD,2016,2
Chad,TCD,2017,1.9684001
Chad,TCD,2018,2.2440002
Chad,TCD,2019,1.8712001
Chad,TCD,2020,1.8096001
Chad,TCD,2021,1.9225001
Chad,TCD,2022,1.8653002
Chad,TCD,2023,1.9297
Chile,CHL,1961,1.3398001
Chile,CHL,1962,1.2614001
Chile,CHL,1963,1.5121001
Chile,CHL,1964,1.5489001
Chile,CHL,1965,1.5347
Chile,CHL,1966,1.7262
Chile,CHL,1967,1.6750001
Chile,CHL,1968,1.7420001
Chile,CHL,1969,1.6341001
Chile,CHL,1970,1.7654
Chile,CHL,1971,1.8805001
Chile,CHL,1972,1.6790001
Chile,CHL,1973,1.3988001
Chile,CHL,1974,1.6445001
Chile,CHL,1975,1.4618001
Chile,CHL,1976,1.2421
Chile,CHL,1977,1.9416001
Chile,CHL,1978,1.5401001
Chile,CHL,1979,1.7755
Chile,CHL,1980,1.7701001
Chile,CHL,1981,1.5873002
Chile,CHL,1982,1.7394001
Chile,CHL,1983,1.6314001
Chile,CHL,1984,2.0968
Chile,CHL,1985,2.3009
Chile,CHL,1986,2.8565001
Chile,CHL,1987,2.7701
Chile,CHL,1988,3.0075002
Chile,CHL,1989,3.2677002
Chile,CHL,1990,2.9481003
Chile,CHL,1991,3.4057002
Chile,CHL,1992,3.3787
Chile,CHL,1993,3.3500001
Chile,CHL,1994,3.5157
Chile,CHL,1995,3.5500002
Chile,CHL,1996,3.3278003
Chile,CHL,1997,4.0174003
Chile,CHL,1998,4.3846
Chile,CHL,1999,3.5342002
Chile,CHL,2000,3.8120003
Chile,CHL,2001,4.2999
Chile,CHL,2002,4.2722006
Chile,CHL,2003,4.3230004
Chile,CHL,2004,4.571
Chile,CHL,2005,4.413
Chile,CHL,2006,4.4601
Chile,CHL,2007,4.7859
Chile,CHL,2008,4.5748
Chile,CHL,2009,4.0809
Chile,CHL,2010,5.7658
Chile,CHL,2011,5.806
Chile,CHL,2012,4.9468
Chile,CHL,2013,5.8143
Chile,CHL,2014,5.3290005
Chile,CHL,2015,5.6326003
Chile,CHL,2016,6.0706005
Chile,CHL,2017,5.9966
Chile,CHL,2018,6.2137003
Chile,CHL,2019,6.2860003
Chile,CHL,2020,6.0038
Chile,CHL,2021,5.9821005
Chile,CHL,2022,5.8917003
Chile,CHL,2023,5.951
China,CHN,1961,0.5578
China,CHN,1962,0.69290006
China,CHN,1963,0.77800006
China,CHN,1964,0.8211
China,CHN,1965,1.0217
China,CHN,1966,1.0580001
China,CHN,1967,1.1270001
China,CHN,1968,1.1146001
China,CHN,1969,1.0855
China,CHN,1970,1.1475
China,CHN,1971,1.2718002
China,CHN,1972,1.3695
China,CHN,1973,1.3337001
China,CHN,1974,1.5116
China,CHN,1975,1.6397
China,CHN,1976,1.7754002
China,CHN,1977,1.465
China,CHN,1978,1.8449001
China,CHN,1979,2.1395001
China,CHN,1980,1.8914001
China,CHN,1981,2.1091
China,CHN,1982,2.4517
China,CHN,1983,2.8017
China,CHN,1984,2.9691002
China,CHN,1985,2.9367
China,CHN,1986,3.0402
China,CHN,1987,2.9829001
China,CHN,1988,2.9679
China,CHN,1989,3.0430002
China,CHN,1990,3.1941001
China,CHN,1991,3.1004
China,CHN,1992,3.3312001
China,CHN,1993,3.5188003
China,CHN,1994,3.4263003
China,CHN,1995,3.5415
China,CHN,1996,3.7341003
China,CHN,1997,4.1019
China,CHN,1998,3.6852002
China,CHN,1999,3.9466002
China,CHN,2000,3.7382002
China,CHN,2001,3.8061004
China,CHN,2002,3.7766004
China,CHN,2003,3.9318001
China,CHN,2004,4.2519
China,CHN,2005,4.2753
China,CHN,2006,4.5935
China,CHN,2007,4.6076
China,CHN,2008,4.762
China,CHN,2009,4.7390003
China,CHN,2010,4.7486005
China,CHN,2011,4.8376
China,CHN,2012,4.9869003
China,CHN,2013,5.0556
China,CHN,2014,5.2435
China,CHN,2015,5.3927007
China,CHN,2016,5.3965
China,CHN,2017,5.4841003
China,CHN,2018,5.4166
China,CHN,2019,5.6298
China,CHN,2020,5.7421002
China,CHN,2021,5.8106003
China,CHN,2022,5.8554
China,CHN,2023,5.7811003
China (FAO),,1961,0.55910003
China (FAO),,1962,0.6941
China (FAO),,1963,0.77820003
China (FAO),,1964,0.82150006
China (FAO),,1965,1.0222001
China (FAO),,1966,1.0586001
China (FAO),,1967,1.1275
China (FAO),,1968,1.1149001
China (FAO),,1969,1.0856
China (FAO),,1970,1.1476
China (FAO),,1971,1.2718002
China (FAO),,1972,1.3695
China (FAO),,1973,1.3337001
China (FAO),,1974,1.5116
China (FAO),,1975,1.6397
China (FAO),,1976,1.7754002
China (FAO),,1977,1.465
China (FAO),,1978,1.8449001
China (FAO),,1979,2.1395001
China (FAO),,1980,1.8914001
China (FAO),,1981,2.1091
China (FAO),,1982,2.4517
China (FAO),,1983,2.8017
China (FAO),,1984,2.9691002
China (FAO),,1985,2.9367
China (FAO),,1986,3.0403001
China (FAO),,1987,2.9829001
China (FAO),,1988,2.9679
China (FAO),,1989,3.0430002
China (FAO),,1990,3.1941001
China (FAO),,1991,3.1004
China (FAO),,1992,3.3312001
China (FAO),,1993,3.5188003
China (FAO),,1994,3.4263003
China (FAO),,1995,3.5415
China (FAO),,1996,3.7341003
China (FAO),,1997,4.1019
China (FAO),,1998,3.6852002
China (FAO),,1999,3.9466002
China (FAO),,2000,3.7382002
China (FAO),,2001,3.8061004
China (FAO),,2002,3.7766004
China (FAO),,2003,3.9318001
China (FAO),,2004,4.2519
China (FAO),,2005,4.2753
China (FAO),,2006,4.5935
China (FAO),,2007,4.6076
China (FAO),,2008,4.762
China (FAO),,2009,4.7390003
China (FAO),,2010,4.7484
China (FAO),,2011,4.8374
China (FAO),,2012,4.9868
China (FAO),,2013,5.0553
China (FAO),,2014,5.2433
China (FAO),,2015,5.3923
China (FAO),,2016,5.3961005
China (FAO),,2017,5.4838
China (FAO),,2018,5.4163003
China (FAO),,2019,5.6294003
China (FAO),,2020,5.7416005
China (FAO),,2021,5.8102007
China (FAO),,2022,5.8552003
China (FAO),,2023,5.7808
Colombia,COL,1961,0.8881
Colombia,COL,1962,1.08
Colombia,COL,1963,0.7965
Colombia,COL,1964,0.85
Colombia,COL,1965,0.91670007
Colombia,COL,1966,1.1364001
Colombia,COL,1967,1.1765001
Colombia,COL,1968,1.1667
Colombia,COL,1969,1.2546
Colombia,COL,1970,1.1828
Colombia,COL,1971,1.1343001
Colombia,COL,1972,1.1400001
Colombia,COL,1973,1.2814001
Colombia,COL,1974,1.3038001
Colombia,COL,1975,1.2924001
Colombia,COL,1976,1.3811
Colombia,COL,1977,0.87500006
Colombia,COL,1978,1.2694001
Colombia,COL,1979,1.3649001
Colombia,COL,1980,1.2152001
Colombia,COL,1981,1.5974001
Colombia,COL,1982,1.5607
Colombia,COL,1983,1.6803001
Colombia,COL,1984,1.3823001
Colombia,COL,1985,1.7101
Colombia,COL,1986,1.7684001
Colombia,COL,1987,1.8186
Colombia,COL,1988,1.6319001
Colombia,COL,1989,1.7177
Colombia,COL,1990,1.8483001
Colombia,COL,1991,1.9852
Colombia,COL,1992,1.7490001
Colombia,COL,1993,1.8773001
Colombia,COL,1994,2.0547001
Colombia,COL,1995,2.1193001
Colombia,COL,1996,2.1824
Colombia,COL,1997,2.1243002
Colombia,COL,1998,2.0497
Colombia,COL,1999,2.1537
Colombia,COL,2000,1.5992
Colombia,COL,2001,1.5106001
Colombia,COL,2002,1.7353002
Colombia,COL,2003,1.9496001
Colombia,COL,2004,1.8879001
Colombia,COL,2005,2.3371003
Colombia,COL,2006,1.549
Colombia,COL,2007,1.8709002
Colombia,COL,2008,1.8151001
Colombia,COL,2009,1.6946001
Colombia,COL,2010,1.7697
Colombia,COL,2011,1.5964001
Colombia,COL,2012,1.5196
Colombia,COL,2013,1.6938001
Colombia,COL,2014,1.4785001
Colombia,COL,2015,1.8539001
Colombia,COL,2016,1.5941
Colombia,COL,2017,2.0941002
Colombia,COL,2018,1.8887
Colombia,COL,2019,2.0794
Colombia,COL,2020,2.4832
Colombia,COL,2021,2.6788
Colombia,COL,2022,2.8213003
Colombia,COL,2023,3.118
Croatia,HRV,1992,3.8967001
Croatia,HRV,1993,4.1867003
Croatia,HRV,1994,3.7823002
Croatia,HRV,1995,3.8605
Croatia,HRV,1996,3.6905003
Croatia,HRV,1997,4
Croatia,HRV,1998,4.2214003
Croatia,HRV,1999,3.2976003
Croatia,HRV,2000,4.7455
Croatia,HRV,2001,4.4047003
Croatia,HRV,2002,4.5919003
Croatia,HRV,2003,3.2207
Croatia,HRV,2004,4.9278
Croatia,HRV,2005,4.1144
Croatia,HRV,2006,4.5833
Croatia,HRV,2007,4.6408
Croatia,HRV,2008,5.4833
Croatia,HRV,2009,5.1896005
Croatia,HRV,2010,4.0415
Croatia,HRV,2011,5.2237005
Croatia,HRV,2012,5.3473
Croatia,HRV,2013,4.8846
Croatia,HRV,2014,4.156
Croatia,HRV,2015,5.3809004
Croatia,HRV,2016,5.6537004
Croatia,HRV,2017,5.8084
Croatia,HRV,2018,5.4388
Croatia,HRV,2019,5.6114
Croatia,HRV,2020,5.8680005
Croatia,HRV,2021,6.696
Croatia,HRV,2022,6.0030003
Croatia,HRV,2023,4.8263
Cyprus,CYP,1961,0.5792
Cyprus,CYP,1962,0.9679001
Cyprus,CYP,1963,0.9474001
Cyprus,CYP,1964,0.68350005
Cyprus,CYP,1965,1.4543002
Cyprus,CYP,1966,0.91800004
Cyprus,CYP,1967,1.6033001
Cyprus,CYP,1968,1.0849
Cyprus,CYP,1969,1.2658001
Cyprus,CYP,1970,0.55170006
Cyprus,CYP,1971,1.1828
Cyprus,CYP,1972,1.0126001
Cyprus,CYP,1973,0.048200004
Cyprus,CYP,1974,1.11
Cyprus,CYP,1975,1.2151
Cyprus,CYP,1976,1.2010001
Cyprus,CYP,1977,0.8521
Cyprus,CYP,1978,1.2657
Cyprus,CYP,1979,1.1616
Cyprus,CYP,1980,1.3713001
Cyprus,CYP,1981,1.2268001
Cyprus,CYP,1982,1.1978002
Cyprus,CYP,1983,1.1934
Cyprus,CYP,1984,1.4950001
Cyprus,CYP,1985,1.7703001
Cyprus,CYP,1986,1.2785001
Cyprus,CYP,1987,2.4026003
Cyprus,CYP,1988,2.4290001
Cyprus,CYP,1989,1.4953002
Cyprus,CYP,1990,2.0392
Cyprus,CYP,1991,1.1429001
Cyprus,CYP,1992,2.1000001
Cyprus,CYP,1993,2.3400002
Cyprus,CYP,1994,2.4242
Cyprus,CYP,1995,3.0137
Cyprus,CYP,1996,3.5135002
Cyprus,CYP,1997,2.1905
Cyprus,CYP,1998,1.9828001
Cyprus,CYP,1999,2.1212
Cyprus,CYP,2000,1.626
Cyprus,CYP,2001,1.9444001
Cyprus,CYP,2002,2.1864
Cyprus,CYP,2003,1.9765
Cyprus,CYP,2004,1.3329
Cyprus,CYP,2005,1.7570001
Cyprus,CYP,2006,1.3951
Cyprus,CYP,2007,2.0261002
Cyprus,CYP,2008,0.4954
Cyprus,CYP,2009,2.5499
Cyprus,CYP,2010,2.4115002
Cyprus,CYP,2011,2.2413
Cyprus,CYP,2012,2.6811001
Cyprus,CYP,2013,2.1935
Cyprus,CYP,2014,0.72450006
Cyprus,CYP,2015,2.9540002
Cyprus,CYP,2016,0.823
Cyprus,CYP,2017,1.9120001
Cyprus,CYP,2018,1.5029001
Cyprus,CYP,2019,2.7828002
Cyprus,CYP,2020,2.6715002
Cyprus,CYP,2021,2.1047
Cyprus,CYP,2022,2.3366003
Cyprus,CYP,2023,2.1929
Czechia,CZE,1993,4.235
Czechia,CZE,1994,4.5800004
Czechia,CZE,1995,4.6016
Czechia,CZE,1996,4.6671004
Czechia,CZE,1997,4.4100003
Czechia,CZE,1998,4.2143
Czechia,CZE,1999,4.6457005
Czechia,CZE,2000,4.2085004
Czechia,CZE,2001,4.8483
Czechia,CZE,2002,4.5551004
Czechia,CZE,2003,4.0684
Czechia,CZE,2004,5.8419003
Czechia,CZE,2005,5.0522003
Czechia,CZE,2006,4.4865003
Czechia,CZE,2007,4.8570004
Czechia,CZE,2008,5.7726
Czechia,CZE,2009,5.2425003
Czechia,CZE,2010,4.9924
Czechia,CZE,2011,5.6921005
Czechia,CZE,2012,4.3156004
Czechia,CZE,2013,5.6676
Czechia,CZE,2014,6.5104003
Czechia,CZE,2015,6.3559003
Czechia,CZE,2016,6.4959
Czechia,CZE,2017,5.6705003
Czechia,CZE,2018,5.3896003
Czechia,CZE,2019,5.7325
Czechia,CZE,2020,6.1389003
Czechia,CZE,2021,6.3214
Czechia,CZE,2022,6.0727005
Czechia,CZE,2023,6.4351006
Czechoslovakia,OWID_CZS,1961,2.5997
Czechoslovakia,OWID_CZS,1962,2.4549
Czechoslovakia,OWID_CZS,1963,2.4634001
Czechoslovakia,OWID_CZS,1964,2.2181003
Czechoslovakia,OWID_CZS,1965,2.4211001
Czechoslovakia,OWID_CZS,1966,2.5293002
Czechoslovakia,OWID_CZS,1967,2.713
Czechoslovakia,OWID_CZS,1968,3.1610003
Czechoslovakia,OWID_CZS,1969,3.0984
Czechoslovakia,OWID_CZS,1970,2.9456003
Czechoslovakia,OWID_CZS,1971,3.5263002
Czechoslovakia,OWID_CZS,1972,3.3685002
Czechoslovakia,OWID_CZS,1973,3.7769
Czechoslovakia,OWID_CZS,1974,3.9942002
Czechoslovakia,OWID_CZS,1975,3.5735002
Czechoslovakia,OWID_CZS,1976,3.7672002
Czechoslovakia,OWID_CZS,1977,4.0706005
Czechoslovakia,OWID_CZS,1978,4.4097004
Czechoslovakia,OWID_CZS,1979,3.4228003
Czechoslovakia,OWID_CZS,1980,4.5311003
Czechoslovakia,OWID_CZS,1981,3.9918003
Czechoslovakia,OWID_CZS,1982,4.3122005
Czechoslovakia,OWID_CZS,1983,4.8926005
Czechoslovakia,OWID_CZS,1984,5.1362004
Czechoslovakia,OWID_CZS,1985,4.9816003
Czechoslovakia,OWID_CZS,1986,4.4031005
Czechoslovakia,OWID_CZS,1987,5.0784
Czechoslovakia,OWID_CZS,1988,5.2826004
Czechoslovakia,OWID_CZS,1989,5.1315002
Czechoslovakia,OWID_CZS,1990,5.4212003
Czechoslovakia,OWID_CZS,1991,5.1526003
Czechoslovakia,OWID_CZS,1992,4.5957003
Democratic Republic of Congo,COD,1961,0.70900005
Democratic Republic of Congo,COD,1962,0.99000007
Democratic Republic of Congo,COD,1963,0.96400005
Democratic Republic of Congo,COD,1964,1.028
Democratic Republic of Congo,COD,1965,1
Democratic Republic of Congo,COD,1966,1.1
Democratic Republic of Congo,COD,1967,0.93410003
Democratic Republic of Congo,COD,1968,1
Democratic Republic of Congo,COD,1969,1.1400001
Democratic Republic of Congo,COD,1970,0.53000003
Democratic Republic of Congo,COD,1971,0.49190003
Democratic Republic of Congo,COD,1972,0.43400002
Democratic Republic of Congo,COD,1973,0.49610004
Democratic Republic of Congo,COD,1974,0.6296
Democratic Republic of Congo,COD,1975,0.6481
Democratic Republic of Congo,COD,1976,0.66670007
Democratic Republic of Congo,COD,1977,0.63640004
Democratic Republic of Congo,COD,1978,0.66670007
Democratic Republic of Congo,COD,1979,0.59180003
Democratic Republic of Congo,COD,1980,0.6078
Democratic Republic of Congo,COD,1981,0.59620005
Democratic Republic of Congo,COD,1982,0.5926
Democratic Republic of Congo,COD,1983,0.6071
Democratic Republic of Congo,COD,1984,0.59650004
Democratic Republic of Congo,COD,1985,0.58620006
Democratic Republic of Congo,COD,1986,1.1634
Democratic Republic of Congo,COD,1987,0.93000007
Democratic Republic of Congo,COD,1988,0.9153
Democratic Republic of Congo,COD,1989,0.92640007
Democratic Republic of Congo,COD,1990,0.92590004
Democratic Republic of Congo,COD,1991,0.92550004
Democratic Republic of Congo,COD,1992,1.2356
Democratic Republic of Congo,COD,1993,1.2803001
Democratic Republic of Congo,COD,1994,1.2813001
Democratic Republic of Congo,COD,1995,1.2929001
Democratic Republic of Congo,COD,1996,1.2901
Democratic Republic of Congo,COD,1997,1.2894001
Democratic Republic of Congo,COD,1998,1.2904
Democratic Republic of Congo,COD,1999,1.2850001
Democratic Republic of Congo,COD,2000,1.2849001
Democratic Republic of Congo,COD,2001,1.2850001
Democratic Republic of Congo,COD,2002,1.2872
Democratic Republic of Congo,COD,2003,1.2129
Democratic Republic of Congo,COD,2004,1.2842
Democratic Republic of Congo,COD,2005,1.2850001
Democratic Republic of Congo,COD,2006,1.2849001
Democratic Republic of Congo,COD,2007,1.2849001
Democratic Republic of Congo,COD,2008,1.2849001
Democratic Republic of Congo,COD,2009,1.2851
Democratic Republic of Congo,COD,2010,1.2854
Democratic Republic of Congo,COD,2011,1.2986001
Democratic Republic of Congo,COD,2012,1.3116001
Democratic Republic of Congo,COD,2013,1.3044001
Democratic Republic of Congo,COD,2014,1.3035
Democratic Republic of Congo,COD,2015,1.3091
Democratic Republic of Congo,COD,2016,1.2880001
Democratic Republic of Congo,COD,2017,1.2588001
Democratic Republic of Congo,COD,2018,1.2258002
Democratic Republic of Congo,COD,2019,1.1894001
Democratic Republic of Congo,COD,2020,1.125
Democratic Republic of Congo,COD,2021,1.125
Democratic Republic of Congo,COD,2022,1.125
Democratic Republic of Congo,COD,2023,1.125
Denmark,DNK,1850,1.2
Denmark,DNK,1911,3.31
Denmark,DNK,1934,2.81
Denmark,DNK,1950,3.65
Denmark,DNK,1961,4.1205
Denmark,DNK,1962,4.183
Denmark,DNK,1963,3.6698003
Denmark,DNK,1964,4.2257004
Denmark,DNK,1965,4.4573
Denmark,DNK,1966,4.2752004
Denmark,DNK,1967,4.6525
Denmark,DNK,1968,4.8137
Denmark,DNK,1969,4.3615003
Denmark,DNK,1970,4.4859
Denmark,DNK,1971,4.8538
Denmark,DNK,1972,4.3939
Denmark,DNK,1973,4.4129
Denmark,DNK,1974,5.3502007
Denmark,DNK,1975,5.1017003
Denmark,DNK,1976,4.6837006
Denmark,DNK,1977,5.2207003
Denmark,DNK,1978,5.2705
Denmark,DNK,1979,5.1616
Denmark,DNK,1980,4.6842003
Denmark,DNK,1981,5.558
Denmark,DNK,1982,6.6730003
Denmark,DNK,1983,6.4004
Denmark,DNK,1984,7.3230004
Denmark,DNK,1985,5.8256
Denmark,DNK,1986,6.1684003
Denmark,DNK,1987,5.7474003
Denmark,DNK,1988,6.7521005
Denmark,DNK,1989,7.2534003
Denmark,DNK,1990,7.418
Denmark,DNK,1991,7.0749
Denmark,DNK,1992,6.1510005
Denmark,DNK,1993,6.9791
Denmark,DNK,1994,6.4948
Denmark,DNK,1995,7.5633
Denmark,DNK,1996,6.9864
Denmark,DNK,1997,7.2057004
Denmark,DNK,1998,7.2476006
Denmark,DNK,1999,7.0074
Denmark,DNK,2000,7.4797006
Denmark,DNK,2001,7.3559003
Denmark,DNK,2002,7.0345
Denmark,DNK,2003,7.0768003
Denmark,DNK,2004,7.1406
Denmark,DNK,2005,7.2328
Denmark,DNK,2006,6.9964004
Denmark,DNK,2007,6.5610003
Denmark,DNK,2008,7.8638
Denmark,DNK,2009,8.0373
Denmark,DNK,2010,6.6264
Denmark,DNK,2011,6.4672003
Denmark,DNK,2012,7.3687005
Denmark,DNK,2013,7.2992005
Denmark,DNK,2014,7.7833004
Denmark,DNK,2015,7.9527006
Denmark,DNK,2016,7.2067003
Denmark,DNK,2017,8.240901
Denmark,DNK,2018,6.1624002
Denmark,DNK,2019,8.0957
Denmark,DNK,2020,8.098701
Denmark,DNK,2021,7.5267005
Denmark,DNK,2022,8.376
Denmark,DNK,2023,7.2725005
Eastern Africa (FAO),,1961,0.7486
Eastern Africa (FAO),,1962,0.73740005
Eastern Africa (FAO),,1963,0.7627
Eastern Africa (FAO),,1964,0.77120006
Eastern Africa (FAO),,1965,0.8126
Eastern Africa (FAO),,1966,0.79260004
Eastern Africa (FAO),,1967,0.81570005
Eastern Africa (FAO),,1968,0.86890006
Eastern Africa (FAO),,1969,0.8906
Eastern Africa (FAO),,1970,0.8909001
Eastern Africa (FAO),,1971,0.90990007
Eastern Africa (FAO),,1972,0.9041
Eastern Africa (FAO),,1973,0.96690005
Eastern Africa (FAO),,1974,1.0078
Eastern Africa (FAO),,1975,1.0963001
Eastern Africa (FAO),,1976,1.2645
Eastern Africa (FAO),,1977,1.3464001
Eastern Africa (FAO),,1978,1.2312
Eastern Africa (FAO),,1979,1.3059001
Eastern Africa (FAO),,1980,1.3974001
Eastern Africa (FAO),,1981,1.4872
Eastern Africa (FAO),,1982,1.358
Eastern Africa (FAO),,1983,1.5049001
Eastern Africa (FAO),,1984,1.2441001
Eastern Africa (FAO),,1985,1.3705001
Eastern Africa (FAO),,1986,1.3617
Eastern Africa (FAO),,1987,1.4460001
Eastern Africa (FAO),,1988,1.5061
Eastern Africa (FAO),,1989,1.5825001
Eastern Africa (FAO),,1990,1.7287
Eastern Africa (FAO),,1991,1.7666
Eastern Africa (FAO),,1992,1.5383002
Eastern Africa (FAO),,1993,1.7357
Eastern Africa (FAO),,1994,1.4936
Eastern Africa (FAO),,1995,1.4748001
Eastern Africa (FAO),,1996,1.4946
Eastern Africa (FAO),,1997,1.5254
Eastern Africa (FAO),,1998,1.5892
Eastern Africa (FAO),,1999,1.3701
Eastern Africa (FAO),,2000,1.3254001
Eastern Africa (FAO),,2001,1.529
Eastern Africa (FAO),,2002,1.6516
Eastern Africa (FAO),,2003,1.6107
Eastern Africa (FAO),,2004,1.6902001
Eastern Africa (FAO),,2005,1.7629001
Eastern Africa (FAO),,2006,1.6896001
Eastern Africa (FAO),,2007,1.7794001
Eastern Africa (FAO),,2008,1.7252
Eastern Africa (FAO),,2009,1.7688001
Eastern Africa (FAO),,2010,1.9752
Eastern Africa (FAO),,2011,2.0281
Eastern Africa (FAO),,2012,2.1632001
Eastern Africa (FAO),,2013,2.4229
Eastern Africa (FAO),,2014,2.4328
Eastern Africa (FAO),,2015,2.6488001
Eastern Africa (FAO),,2016,2.4913
Eastern Africa (FAO),,2017,2.5768
Eastern Africa (FAO),,2018,2.6701002
Eastern Africa (FAO),,2019,2.8981001
Eastern Africa (FAO),,2020,2.9771001
Eastern Africa (FAO),,2021,3.0606003
Eastern Africa (FAO),,2022,3.0339
Eastern Africa (FAO),,2023,3.1056004
Eastern Asia (FAO),,1961,0.6147
Eastern Asia (FAO),,1962,0.74670005
Eastern Asia (FAO),,1963,0.7911
Eastern Asia (FAO),,1964,0.85740006
Eastern Asia (FAO),,1965,1.0505
Eastern Asia (FAO),,1966,1.0771
Eastern Asia (FAO),,1967,1.1458001
Eastern Asia (FAO),,1968,1.1334001
Eastern Asia (FAO),,1969,1.0945001
Eastern Asia (FAO),,1970,1.151
Eastern Asia (FAO),,1971,1.2766
Eastern Asia (FAO),,1972,1.3638002
Eastern Asia (FAO),,1973,1.3344
Eastern Asia (FAO),,1974,1.5065001
Eastern Asia (FAO),,1975,1.6368002
Eastern Asia (FAO),,1976,1.7662001
Eastern Asia (FAO),,1977,1.4619001
Eastern Asia (FAO),,1978,1.8326001
Eastern Asia (FAO),,1979,2.1230001
Eastern Asia (FAO),,1980,1.8800001
Eastern Asia (FAO),,1981,2.0917
Eastern Asia (FAO),,1982,2.4342
Eastern Asia (FAO),,1983,2.7809
Eastern Asia (FAO),,1984,2.9369001
Eastern Asia (FAO),,1985,2.9147
Eastern Asia (FAO),,1986,3.0153003
Eastern Asia (FAO),,1987,2.9514
Eastern Asia (FAO),,1988,2.943
Eastern Asia (FAO),,1989,3.0133002
Eastern Asia (FAO),,1990,3.1575003
Eastern Asia (FAO),,1991,3.0604
Eastern Asia (FAO),,1992,3.2853003
Eastern Asia (FAO),,1993,3.4705002
Eastern Asia (FAO),,1994,3.3833003
Eastern Asia (FAO),,1995,3.4993002
Eastern Asia (FAO),,1996,3.6913002
Eastern Asia (FAO),,1997,4.0586004
Eastern Asia (FAO),,1998,3.6509001
Eastern Asia (FAO),,1999,3.9096003
Eastern Asia (FAO),,2000,3.7125
Eastern Asia (FAO),,2001,3.7767
Eastern Asia (FAO),,2002,3.7473001
Eastern Asia (FAO),,2003,3.8994
Eastern Asia (FAO),,2004,4.2180004
Eastern Asia (FAO),,2005,4.2426004
Eastern Asia (FAO),,2006,4.5623
Eastern Asia (FAO),,2007,4.5803
Eastern Asia (FAO),,2008,4.729
Eastern Asia (FAO),,2009,4.6869
Eastern Asia (FAO),,2010,4.6895003
Eastern Asia (FAO),,2011,4.7791004
Eastern Asia (FAO),,2012,4.9309
Eastern Asia (FAO),,2013,4.9956
Eastern Asia (FAO),,2014,5.1856003
Eastern Asia (FAO),,2015,5.3101006
Eastern Asia (FAO),,2016,5.3185
Eastern Asia (FAO),,2017,5.4166
Eastern Asia (FAO),,2018,5.3441005
Eastern Asia (FAO),,2019,5.5526004
Eastern Asia (FAO),,2020,5.6544003
Eastern Asia (FAO),,2021,5.7183
Eastern Asia (FAO),,2022,5.7596
Eastern Asia (FAO),,2023,5.6981006
Eastern Europe (FAO),,1961,1.065
Eastern Europe (FAO),,1962,1.0550001
Eastern Europe (FAO),,1963,0.81750005
Eastern Europe (FAO),,1964,1.0958
Eastern Europe (FAO),,1965,0.93380004
Eastern Europe (FAO),,1966,1.4259001
Eastern Europe (FAO),,1967,1.2195001
Eastern Europe (FAO),,1968,1.4116
Eastern Europe (FAO),,1969,1.2757
Eastern Europe (FAO),,1970,1.5177001
Eastern Europe (FAO),,1971,1.5946001
Eastern Europe (FAO),,1972,1.5588001
Eastern Europe (FAO),,1973,1.789
Eastern Europe (FAO),,1974,1.5296
Eastern Europe (FAO),,1975,1.2016001
Eastern Europe (FAO),,1976,1.7402
Eastern Europe (FAO),,1977,1.6131
Eastern Europe (FAO),,1978,1.9901
Eastern Europe (FAO),,1979,1.6192
Eastern Europe (FAO),,1980,1.7204001
Eastern Europe (FAO),,1981,1.5078001
Eastern Europe (FAO),,1982,1.6422
Eastern Europe (FAO),,1983,1.7038001
Eastern Europe (FAO),,1984,1.6451
Eastern Europe (FAO),,1985,1.7345
Eastern Europe (FAO),,1986,2.0343
Eastern Europe (FAO),,1987,1.9710001
Eastern Europe (FAO),,1988,2.0112
Eastern Europe (FAO),,1989,2.1822
Eastern Europe (FAO),,1990,2.4213002
Eastern Europe (FAO),,1991,1.9147
Eastern Europe (FAO),,1992,2.3617
Eastern Europe (FAO),,1993,2.3581002
Eastern Europe (FAO),,1994,2.1159
Eastern Europe (FAO),,1995,2.1682
Eastern Europe (FAO),,1996,1.9782001
Eastern Europe (FAO),,1997,2.3691
Eastern Europe (FAO),,1998,2.0895002
Eastern Europe (FAO),,1999,2.0955
Eastern Europe (FAO),,2000,2.0156
Eastern Europe (FAO),,2001,2.5962
Eastern Europe (FAO),,2002,2.4907
Eastern Europe (FAO),,2003,2.115
Eastern Europe (FAO),,2004,2.6790001
Eastern Europe (FAO),,2005,2.4676
Eastern Europe (FAO),,2006,2.3441002
Eastern Europe (FAO),,2007,2.3470001
Eastern Europe (FAO),,2008,3.0151002
Eastern Europe (FAO),,2009,2.7043002
Eastern Europe (FAO),,2010,2.4487
Eastern Europe (FAO),,2011,2.8279
Eastern Europe (FAO),,2012,2.3601003
Eastern Europe (FAO),,2013,2.8642
Eastern Europe (FAO),,2014,3.2058003
Eastern Europe (FAO),,2015,3.0931003
Eastern Europe (FAO),,2016,3.3220003
Eastern Europe (FAO),,2017,3.6446002
Eastern Europe (FAO),,2018,3.2553003
Eastern Europe (FAO),,2019,3.3471003
Eastern Europe (FAO),,2020,3.3876002
Eastern Europe (FAO),,2021,3.5127
Eastern Europe (FAO),,2022,3.8413002
Eastern Europe (FAO),,2023,3.7432
Ecuador,ECU,1961,0.99240005
Ecuador,ECU,1962,0.78970003
Ecuador,ECU,1963,0.79010004
Ecuador,ECU,1964,0.6681
Ecuador,ECU,1965,0.88970006
Ecuador,ECU,1966,0.96500003
Ecuador,ECU,1967,0.9869001
Ecuador,ECU,1968,1.0442
Ecuador,ECU,1969,0.93880004
Ecuador,ECU,1970,1.0626
Ecuador,ECU,1971,0.9017001
Ecuador,ECU,1972,0.90340006
Ecuador,ECU,1973,0.9717001
Ecuador,ECU,1974,0.97740006
Ecuador,ECU,1975,0.92050004
Ecuador,ECU,1976,0.85
Ecuador,ECU,1977,0.9731
Ecuador,ECU,1978,1.0754001
Ecuador,ECU,1979,1.029
Ecuador,ECU,1980,0.96930003
Ecuador,ECU,1981,1.1141
Ecuador,ECU,1982,1.1658001
Ecuador,ECU,1983,1.0450001
Ecuador,ECU,1984,1.0275
Ecuador,ECU,1985,1.0192001
Ecuador,ECU,1986,0.8031
Ecuador,ECU,1987,0.7961
Ecuador,ECU,1988,0.8671
Ecuador,ECU,1989,0.66650003
Ecuador,ECU,1990,0.79670006
Ecuador,ECU,1991,0.5696
Ecuador,ECU,1992,0.5911
Ecuador,ECU,1993,0.6711
Ecuador,ECU,1994,0.61620003
Ecuador,ECU,1995,0.6951
Ecuador,ECU,1996,0.6176
Ecuador,ECU,1997,0.5976
Ecuador,ECU,1998,0.64840007
Ecuador,ECU,1999,0.7001
Ecuador,ECU,2000,0.6208
Ecuador,ECU,2001,0.61
Ecuador,ECU,2002,0.5696
Ecuador,ECU,2003,0.79800004
Ecuador,ECU,2004,0.8053
Ecuador,ECU,2005,0.72200006
Ecuador,ECU,2006,0.7774001
Ecuador,ECU,2007,0.8186
Ecuador,ECU,2008,0.74660003
Ecuador,ECU,2009,0.86170006
Ecuador,ECU,2010,0.89120007
Ecuador,ECU,2011,0.92490005
Ecuador,ECU,2012,0.79950005
Ecuador,ECU,2013,0.70640004
Ecuador,ECU,2014,1.1204001
Ecuador,ECU,2015,0.71650004
Ecuador,ECU,2016,1.5250001
Ecuador,ECU,2017,1.2924001
Ecuador,ECU,2018,1.7142
Ecuador,ECU,2019,1.6446
Ecuador,ECU,2020,2.1868002
Ecuador,ECU,2021,1.8051001
Ecuador,ECU,2022,1.6908001
Ecuador,ECU,2023,0.9854001
Egypt,EGY,1961,2.4697
Egypt,EGY,1962,2.6064
Egypt,EGY,1963,2.6425002
Egypt,EGY,1964,2.7551003
Egypt,EGY,1965,2.6445
Egypt,EGY,1966,2.703
Egypt,EGY,1967,2.4509
Egypt,EGY,1968,2.5349
Egypt,EGY,1969,2.4049
Egypt,EGY,1970,2.7561002
Egypt,EGY,1971,3.0406003
Egypt,EGY,1972,3.0912
Egypt,EGY,1973,3.6926003
Egypt,EGY,1974,3.2686002
Egypt,EGY,1975,3.4722002
Egypt,EGY,1976,3.3447
Egypt,EGY,1977,3.3320003
Egypt,EGY,1978,3.3344002
Egypt,EGY,1979,3.1606002
Egypt,EGY,1980,3.1175
Egypt,EGY,1981,3.2974
Egypt,EGY,1982,3.4962
Egypt,EGY,1983,3.5996003
Egypt,EGY,1984,3.6668003
Egypt,EGY,1985,3.759
Egypt,EGY,1986,3.8028002
Egypt,EGY,1987,4.7158
Egypt,EGY,1988,4.7510004
Egypt,EGY,1989,4.9416003
Egypt,EGY,1990,5.1967006
Egypt,EGY,1991,4.8163
Egypt,EGY,1992,5.2546005
Egypt,EGY,1993,5.2970004
Egypt,EGY,1994,5.0026
Egypt,EGY,1995,5.4221005
Egypt,EGY,1996,5.6384
Egypt,EGY,1997,5.5994
Egypt,EGY,1998,5.9896
Egypt,EGY,1999,6.3467007
Egypt,EGY,2000,6.3422003
Egypt,EGY,2001,6.3580003
Egypt,EGY,2002,6.4345
Egypt,EGY,2003,6.5001006
Egypt,EGY,2004,6.5567007
Egypt,EGY,2005,6.4929004
Egypt,EGY,2006,6.4303
Egypt,EGY,2007,6.4673
Egypt,EGY,2008,6.5031004
Egypt,EGY,2009,6.3829
Egypt,EGY,2010,5.5741005
Egypt,EGY,2011,6.5428
Egypt,EGY,2012,6.5823
Egypt,EGY,2013,6.6682005
Egypt,EGY,2014,6.1752005
Egypt,EGY,2015,6.5919003
Egypt,EGY,2016,6.6311
Egypt,EGY,2017,6.8597007
Egypt,EGY,2018,6.2942004
Egypt,EGY,2019,6.5003
Egypt,EGY,2020,6.3663
Egypt,EGY,2021,6.8505
Egypt,EGY,2022,6.6989
Egypt,EGY,2023,7.1852007
Eritrea,ERI,1993,0.20380001
Eritrea,ERI,1994,0.74490005
Eritrea,ERI,1995,0.51240003
Eritrea,ERI,1996,0.36650002
Eritrea,ERI,1997,0.3434
Eritrea,ERI,1998,0.9552001
Eritrea,ERI,1999,0.77000004
Eritrea,ERI,2000,0.59430003
Eritrea,ERI,2001,1.1658001
Eritrea,ERI,2002,0.17060001
Eritrea,ERI,2003,0.19870001
Eritrea,ERI,2004,0.298
Eritrea,ERI,2005,1.1565001
Eritrea,ERI,2006,1.1604
Eritrea,ERI,2007,0.83950007
Eritrea,ERI,2008,0.33070004
Eritrea,ERI,2009,1.0706
Eritrea,ERI,2010,1.1786001
Eritrea,ERI,2011,1.1154001
Eritrea,ERI,2012,1.2692
Eritrea,ERI,2013,1.2
Eritrea,ERI,2014,1.2
Eritrea,ERI,2015,1
Eritrea,ERI,2016,1
Eritrea,ERI,2017,1
Eritrea,ERI,2018,1
Eritrea,ERI,2019,1
Eritrea,ERI,2020,1
Eritrea,ERI,2021,1
Eritrea,ERI,2022,1
Eritrea,ERI,2023,1
Estonia,EST,1992,2.0562
Estonia,EST,1993,2.0994
Estonia,EST,1994,1.6686001
Estonia,EST,1995,1.9974002
Estonia,EST,1996,2.2046
Estonia,EST,1997,2.1850002
Estonia,EST,1998,1.7666
Estonia,EST,1999,1.3377
Estonia,EST,2000,2.1285
Estonia,EST,2001,2.2302
Estonia,EST,2002,2.3025
Estonia,EST,2003,2.1574
Estonia,EST,2004,2.5083
Estonia,EST,2005,3.0818002
Estonia,EST,2006,2.4173002
Estonia,EST,2007,3.4746003
Estonia,EST,2008,3.1831002
Estonia,EST,2009,3.0146003
Estonia,EST,2010,2.7440002
Estonia,EST,2011,2.8065002
Estonia,EST,2012,3.8994
Estonia,EST,2013,3.2754002
Estonia,EST,2014,3.9864001
Estonia,EST,2015,4.7885003
Estonia,EST,2016,2.7685
Estonia,EST,2017,4.2018
Estonia,EST,2018,2.9129
Estonia,EST,2019,5.0699
Estonia,EST,2020,5.0019
Estonia,EST,2021,4.0904
Estonia,EST,2022,4.7197003
Estonia,EST,2023,3.9991002
Eswatini,SWZ,1970,2.7895002
Eswatini,SWZ,1971,4.5345
Eswatini,SWZ,1972,3.0833
Eswatini,SWZ,1973,2.9384
Eswatini,SWZ,1974,2.9378002
Eswatini,SWZ,1975,1.4684001
Eswatini,SWZ,1976,2.0421002
Eswatini,SWZ,1977,3.2500002
Eswatini,SWZ,1978,3.2500002
Eswatini,SWZ,1979,3.2500002
Eswatini,SWZ,1980,3.2500002
Eswatini,SWZ,1981,3.2500002
Eswatini,SWZ,1982,3.2500002
Eswatini,SWZ,1983,3.2500002
Eswatini,SWZ,1984,3.2500002
Eswatini,SWZ,1985,3.2500002
Eswatini,SWZ,1986,3.2500002
Eswatini,SWZ,1987,3.2500002
Eswatini,SWZ,1988,3.2500002
Eswatini,SWZ,1989,3.2500002
Eswatini,SWZ,1990,3.9641004
Eswatini,SWZ,1991,2
Eswatini,SWZ,1992,1.6781001
Eswatini,SWZ,1993,1.6051
Eswatini,SWZ,1994,1.4286001
Eswatini,SWZ,1995,1.5000001
Eswatini,SWZ,1996,1.5000001
Eswatini,SWZ,1997,1.5603001
Eswatini,SWZ,1998,1.5909001
Eswatini,SWZ,1999,1.5000001
Eswatini,SWZ,2000,1.5000001
Eswatini,SWZ,2001,1.5413002
Eswatini,SWZ,2002,1.5392001
Eswatini,SWZ,2003,1.5428001
Eswatini,SWZ,2004,1.5438001
Eswatini,SWZ,2005,1.5451001
Eswatini,SWZ,2006,1.552
Eswatini,SWZ,2007,1.4773002
Eswatini,SWZ,2008,1.5660001
Eswatini,SWZ,2009,1.5000001
Eswatini,SWZ,2010,1.5000001
Eswatini,SWZ,2011,1.6847
Eswatini,SWZ,2012,2
Eswatini,SWZ,2013,2
Eswatini,SWZ,2014,1.94
Eswatini,SWZ,2015,1.7507
Eswatini,SWZ,2016,1.8325001
Eswatini,SWZ,2017,1.8550001
Eswatini,SWZ,2018,1.8587
Eswatini,SWZ,2019,1.8698001
Eswatini,SWZ,2020,1.8612001
Eswatini,SWZ,2021,1.8632001
Eswatini,SWZ,2022,1.8648001
Eswatini,SWZ,2023,1.8631
Ethiopia,ETH,1993,1.5487
Ethiopia,ETH,1994,1.0749
Ethiopia,ETH,1995,1.3106
Ethiopia,ETH,1996,1.2114
Ethiopia,ETH,1997,1.2917
Ethiopia,ETH,1998,1.3738002
Ethiopia,ETH,1999,1.115
Ethiopia,ETH,2000,1.1631
Ethiopia,ETH,2001,1.3259001
Ethiopia,ETH,2002,1.4354001
Ethiopia,ETH,2003,1.3874
Ethiopia,ETH,2004,1.4691
Ethiopia,ETH,2005,1.5567
Ethiopia,ETH,2006,1.5204
Ethiopia,ETH,2007,1.6711
Ethiopia,ETH,2008,1.6245
Ethiopia,ETH,2009,1.8269001
Ethiopia,ETH,2010,1.8385001
Ethiopia,ETH,2011,2.0288002
Ethiopia,ETH,2012,2.1102002
Ethiopia,ETH,2013,2.4446
Ethiopia,ETH,2014,2.5433002
Ethiopia,ETH,2015,2.7941003
Ethiopia,ETH,2016,2.6755002
Ethiopia,ETH,2017,2.7361002
Ethiopia,ETH,2018,2.7679
Ethiopia,ETH,2019,2.9705002
Ethiopia,ETH,2020,2.9954
Ethiopia,ETH,2021,3.1107001
Ethiopia,ETH,2022,3.0526001
Ethiopia,ETH,2023,3.1183002
Ethiopia (former),OWID_ERE,1961,0.71270007
Ethiopia (former),OWID_ERE,1962,0.71270007
Ethiopia (former),OWID_ERE,1963,0.7123
Ethiopia (former),OWID_ERE,1964,0.71000004
Ethiopia (former),OWID_ERE,1965,0.72
Ethiopia (former),OWID_ERE,1966,0.73
Ethiopia (former),OWID_ERE,1967,0.73270005
Ethiopia (former),OWID_ERE,1968,0.73890007
Ethiopia (former),OWID_ERE,1969,0.7453
Ethiopia (former),OWID_ERE,1970,0.75490004
Ethiopia (former),OWID_ERE,1971,0.7691
Ethiopia (former),OWID_ERE,1972,0.7868
Ethiopia (former),OWID_ERE,1973,0.8
Ethiopia (former),OWID_ERE,1974,0.8
Ethiopia (former),OWID_ERE,1975,0.9135001
Ethiopia (former),OWID_ERE,1976,0.99200004
Ethiopia (former),OWID_ERE,1977,1.1036
Ethiopia (former),OWID_ERE,1978,0.8704001
Ethiopia (former),OWID_ERE,1979,0.96110004
Ethiopia (former),OWID_ERE,1980,1.0023
Ethiopia (former),OWID_ERE,1981,1.1105001
Ethiopia (former),OWID_ERE,1982,1.0317
Ethiopia (former),OWID_ERE,1983,1.2838001
Ethiopia (former),OWID_ERE,1984,1.0646
Ethiopia (former),OWID_ERE,1985,1.0233
Ethiopia (former),OWID_ERE,1986,0.99600005
Ethiopia (former),OWID_ERE,1987,1.1665001
Ethiopia (former),OWID_ERE,1988,1.1838001
Ethiopia (former),OWID_ERE,1989,1.2352
Ethiopia (former),OWID_ERE,1990,1.3201001
Ethiopia (former),OWID_ERE,1991,1.4115001
Ethiopia (former),OWID_ERE,1992,1.3497
Europe,,1961,1.2498529
Europe,,1962,1.3203229
Europe,,1963,1.0930641
Europe,,1964,1.3445983
Europe,,1965,1.2407058
Europe,,1966,1.6005969
Europe,,1967,1.5260799
Europe,,1968,1.6685135
Europe,,1969,1.5553811
Europe,,1970,1.7284906
Europe,,1971,1.8906685
Europe,,1972,1.8790692
Europe,,1973,2.0609195
Europe,,1974,1.939129
Europe,,1975,1.5901331
Europe,,1976,2.042305
Europe,,1977,1.938078
Europe,,1978,2.328557
Europe,,1979,2.0320654
Europe,,1980,2.1835756
Europe,,1981,1.9925497
Europe,,1982,2.1778579
Europe,,1983,2.2681713
Europe,,1984,2.4663749
Europe,,1985,2.4119337
Europe,,1986,2.647856
Europe,,1987,2.6099045
Europe,,1988,2.689263
Europe,,1989,2.8448126
Europe,,1990,3.077942
Europe,,1991,2.7896225
Europe,,1992,3.1959913
Europe,,1993,3.1963844
Europe,,1994,3.1156378
Europe,,1995,3.1456473
Europe,,1996,3.1850753
Europe,,1997,3.2994728
Europe,,1998,3.3863752
Europe,,1999,3.2866604
Europe,,2000,3.3201597
Europe,,2001,3.4589298
Europe,,2002,3.5122046
Europe,,2003,3.239937
Europe,,2004,3.8591022
Europe,,2005,3.4945297
Europe,,2006,3.466638
Europe,,2007,3.3776755
Europe,,2008,4.0243526
Europe,,2009,3.7415423
Europe,,2010,3.6079357
Europe,,2011,3.7790456
Europe,,2012,3.5531032
Europe,,2013,3.9069097
Europe,,2014,4.2445946
Europe,,2015,4.1877956
Europe,,2016,4.028582
Europe,,2017,4.401447
Europe,,2018,3.9952097
Europe,,2019,4.265476
Europe,,2020,4.1407094
Europe,,2021,4.282964
Europe,,2022,4.5139723
Europe,,2023,4.37906
Europe (FAO),,1961,1.2562
Europe (FAO),,1962,1.3269001
Europe (FAO),,1963,1.0997
Europe (FAO),,1964,1.3518001
Europe (FAO),,1965,1.2469001
Europe (FAO),,1966,1.6035001
Europe (FAO),,1967,1.5323001
Europe (FAO),,1968,1.6744001
Europe (FAO),,1969,1.5608001
Europe (FAO),,1970,1.7340001
Europe (FAO),,1971,1.8973001
Europe (FAO),,1972,1.8864001
Europe (FAO),,1973,2.0696
Europe (FAO),,1974,1.9479002
Europe (FAO),,1975,1.5951
Europe (FAO),,1976,2.0484
Europe (FAO),,1977,1.9432
Europe (FAO),,1978,2.3351002
Europe (FAO),,1979,2.0396001
Europe (FAO),,1980,2.1891003
Europe (FAO),,1981,1.9995
Europe (FAO),,1982,2.1859
Europe (FAO),,1983,2.276
Europe (FAO),,1984,2.4773002
Europe (FAO),,1985,2.4217
Europe (FAO),,1986,2.6585002
Europe (FAO),,1987,2.6182
Europe (FAO),,1988,2.6996002
Europe (FAO),,1989,2.8562
Europe (FAO),,1990,3.0867002
Europe (FAO),,1991,2.8012002
Europe (FAO),,1992,3.2087002
Europe (FAO),,1993,3.2110002
Europe (FAO),,1994,3.1324
Europe (FAO),,1995,3.1611001
Europe (FAO),,1996,3.2072
Europe (FAO),,1997,3.3165002
Europe (FAO),,1998,3.4066002
Europe (FAO),,1999,3.3041003
Europe (FAO),,2000,3.3203
Europe (FAO),,2001,3.4591002
Europe (FAO),,2002,3.5123003
Europe (FAO),,2003,3.2401001
Europe (FAO),,2004,3.8594
Europe (FAO),,2005,3.4947002
Europe (FAO),,2006,3.4668002
Europe (FAO),,2007,3.3778002
Europe (FAO),,2008,4.0246005
Europe (FAO),,2009,3.7417002
Europe (FAO),,2010,3.6081002
Europe (FAO),,2011,3.7793002
Europe (FAO),,2012,3.5532
Europe (FAO),,2013,3.9071002
Europe (FAO),,2014,4.2450004
Europe (FAO),,2015,4.188
Europe (FAO),,2016,4.0290003
Europe (FAO),,2017,4.4018
Europe (FAO),,2018,3.9956002
Europe (FAO),,2019,4.2657003
Europe (FAO),,2020,4.1410003
Europe (FAO),,2021,4.2834
Europe (FAO),,2022,4.5144
Europe (FAO),,2023,4.3795004
European Union (27),,1961,1.8074001
European Union (27),,1962,2.0533001
European Union (27),,1963,1.8971001
European Union (27),,1964,2.0443
European Union (27),,1965,2.2789
European Union (27),,1966,2.1414
European Union (27),,1967,2.5365002
European Union (27),,1968,2.4986002
European Union (27),,1969,2.4308002
European Union (27),,1970,2.3681002
European Union (27),,1971,2.8358002
European Union (27),,1972,2.8992002
European Union (27),,1973,3.0253003
European Union (27),,1974,3.1755002
European Union (27),,1975,2.969
European Union (27),,1976,3.1022
European Union (27),,1977,3.1536002
European Union (27),,1978,3.5088003
European Union (27),,1979,3.2572
European Union (27),,1980,3.6529
European Union (27),,1981,3.5086002
European Union (27),,1982,3.7683003
European Union (27),,1983,3.6073003
European Union (27),,1984,4.5206003
European Union (27),,1985,4.0834002
European Union (27),,1986,4.039
European Union (27),,1987,4.1146
European Union (27),,1988,4.4464
European Union (27),,1989,4.4672003
European Union (27),,1990,4.6161003
European Union (27),,1991,4.6927004
European Union (27),,1992,4.2829003
European Union (27),,1993,4.2676005
European Union (27),,1994,4.4193
European Union (27),,1995,4.4316
European Union (27),,1996,4.6613
European Union (27),,1997,4.5368
European Union (27),,1998,4.9144
European Union (27),,1999,4.7106004
European Union (27),,2000,4.7261004
European Union (27),,2001,4.6342006
European Union (27),,2002,4.7257004
European Union (27),,2003,4.322
European Union (27),,2004,5.4389
European Union (27),,2005,4.9004
European Union (27),,2006,4.8484
European Union (27),,2007,4.6552005
European Union (27),,2008,5.4385004
European Union (27),,2009,5.2110004
European Union (27),,2010,5.0678
European Union (27),,2011,5.1468
European Union (27),,2012,5.0559
European Union (27),,2013,5.4586005
European Union (27),,2014,5.6742005
European Union (27),,2015,5.8138
European Union (27),,2016,5.1684003
European Union (27),,2017,5.6776004
European Union (27),,2018,5.2422004
European Union (27),,2019,5.7587004
European Union (27),,2020,5.5505004
European Union (27),,2021,5.7393003
European Union (27),,2022,5.5467005
European Union (27),,2023,5.5086
Finland,FIN,1961,1.9436
Finland,FIN,1962,1.4753001
Finland,FIN,1963,1.6625
Finland,FIN,1964,1.7238002
Finland,FIN,1965,1.8746
Finland,FIN,1966,1.7615001
Finland,FIN,1967,2.0111
Finland,FIN,1968,2.1417
Finland,FIN,1969,2.3656
Finland,FIN,1970,2.3322
Finland,FIN,1971,2.5630002
Finland,FIN,1972,2.5862
Finland,FIN,1973,2.4614
Finland,FIN,1974,2.7307
Finland,FIN,1975,2.8405
Finland,FIN,1976,2.9772
Finland,FIN,1977,2.3148003
Finland,FIN,1978,2.0813003
Finland,FIN,1979,2.1029
Finland,FIN,1980,2.8697002
Finland,FIN,1981,2.184
Finland,FIN,1982,3.0469
Finland,FIN,1983,3.443
Finland,FIN,1984,3.1058002
Finland,FIN,1985,3.0070002
Finland,FIN,1986,3.1912
Finland,FIN,1987,2.0208
Finland,FIN,1988,2.6038
Finland,FIN,1989,3.3487
Finland,FIN,1990,3.4847002
Finland,FIN,1991,3.6391003
Finland,FIN,1992,2.4152
Finland,FIN,1993,3.6212
Finland,FIN,1994,3.7953002
Finland,FIN,1995,3.7686002
Finland,FIN,1996,4.0827003
Finland,FIN,1997,3.7188003
Finland,FIN,1998,2.8929
Finland,FIN,1999,2.1589
Finland,FIN,2000,3.6007001
Finland,FIN,2001,3.3811002
Finland,FIN,2002,3.2585
Finland,FIN,2003,3.5494
Finland,FIN,2004,3.4738002
Finland,FIN,2005,3.7304
Finland,FIN,2006,3.5575001
Finland,FIN,2007,3.9329002
Finland,FIN,2008,3.6408002
Finland,FIN,2009,4.1027
Finland,FIN,2010,3.4299002
Finland,FIN,2011,3.8469
Finland,FIN,2012,3.9028003
Finland,FIN,2013,3.8215
Finland,FIN,2014,4.0696
Finland,FIN,2015,4.103
Finland,FIN,2016,3.8303003
Finland,FIN,2017,4.1276
Finland,FIN,2018,2.8211002
Finland,FIN,2019,4.6264
Finland,FIN,2020,3.4538002
Finland,FIN,2021,3.2352002
Finland,FIN,2022,3.8437002
Finland,FIN,2023,3.2686002
France,FRA,1850,0.7
France,FRA,1911,1.3100001
France,FRA,1934,1.4100001
France,FRA,1950,1.8299999
France,FRA,1961,2.3950002
France,FRA,1962,3.0752
France,FRA,1963,2.6624
France,FRA,1964,3.1534
France,FRA,1965,3.2655
France,FRA,1966,2.8296003
France,FRA,1967,3.6365001
France,FRA,1968,3.6641002
France,FRA,1969,3.5809
France,FRA,1970,3.4223
France,FRA,1971,3.8614001
France,FRA,1972,4.5698
France,FRA,1973,4.5067005
France,FRA,1974,4.5844
France,FRA,1975,3.8734
France,FRA,1976,3.7722
France,FRA,1977,4.2303
France,FRA,1978,5.0323
France,FRA,1979,4.782
France,FRA,1980,5.181
France,FRA,1981,5.011
France,FRA,1982,5.236
France,FRA,1983,5.1274
France,FRA,1984,6.4597006
France,FRA,1985,5.9999003
France,FRA,1986,5.4487004
France,FRA,1987,5.5584
France,FRA,1988,6.1509004
France,FRA,1989,6.3480005
France,FRA,1990,6.4787006
France,FRA,1991,6.6764
France,FRA,1992,6.3992004
France,FRA,1993,6.4739003
France,FRA,1994,6.6685004
France,FRA,1995,6.5079
France,FRA,1996,7.1361003
France,FRA,1997,6.6288
France,FRA,1998,7.6063004
France,FRA,1999,7.2395005
France,FRA,2000,7.1175003
France,FRA,2001,6.6169004
France,FRA,2002,7.4455004
France,FRA,2003,6.2500005
France,FRA,2004,7.5788
France,FRA,2005,6.9887004
France,FRA,2006,6.7414002
France,FRA,2007,6.2542005
France,FRA,2008,7.1018
France,FRA,2009,7.4478
France,FRA,2010,7.0405
France,FRA,2011,6.6563
France,FRA,2012,7.151201
France,FRA,2013,7.2656
France,FRA,2014,7.353
France,FRA,2015,7.8008003
France,FRA,2016,5.2896004
France,FRA,2017,7.2538
France,FRA,2018,6.768
France,FRA,2019,7.7428
France,FRA,2020,6.6776004
France,FRA,2021,6.9284
France,FRA,2022,6.996701
France,FRA,2023,7.2016006
Georgia,GEO,1992,1.7674001
Georgia,GEO,1993,1.4250001
Georgia,GEO,1994,1.3244001
Georgia,GEO,1995,1.3032
Georgia,GEO,1996,1.4039001
Georgia,GEO,1997,1.7109001
Georgia,GEO,1998,1.0872
Georgia,GEO,1999,2.0325
Georgia,GEO,2000,1.0430001
Georgia,GEO,2001,2.6883001
Georgia,GEO,2002,1.6984001
Georgia,GEO,2003,1.9347
Georgia,GEO,2004,1.8165001
Georgia,GEO,2005,1.9889001
Georgia,GEO,2006,1.2469001
Georgia,GEO,2007,1.6682
Georgia,GEO,2008,1.6834002
Georgia,GEO,2009,1.0737
Georgia,GEO,2010,1.0189
Georgia,GEO,2011,2.0684
Georgia,GEO,2012,1.6989001
Georgia,GEO,2013,1.8367001
Georgia,GEO,2014,1.3533001
Georgia,GEO,2015,2.5791001
Georgia,GEO,2016,2.5732
Georgia,GEO,2017,2.2149
Georgia,GEO,2018,2.4734
Georgia,GEO,2019,2.3341002
Georgia,GEO,2020,2.2022002
Georgia,GEO,2021,2.7018
Georgia,GEO,2022,2.8509
Georgia,GEO,2023,2.6391003
Germany,DEU,1850,0.98999995
Germany,DEU,1911,2.42
Germany,DEU,1934,2
Germany,DEU,1950,2.6200001
Germany,DEU,1961,2.8607001
Germany,DEU,1962,3.3898003
Germany,DEU,1963,3.3934
Germany,DEU,1964,3.4845002
Germany,DEU,1965,3.2321002
Germany,DEU,1966,3.2325
Germany,DEU,1967,4.0216002
Germany,DEU,1968,4.2162004
Germany,DEU,1969,3.8877
Germany,DEU,1970,3.7264001
Germany,DEU,1971,4.4229
Germany,DEU,1972,4.038
Germany,DEU,1973,4.3477006
Germany,DEU,1974,4.6257005
Germany,DEU,1975,4.3188
Germany,DEU,1976,3.9344
Germany,DEU,1977,4.3553
Germany,DEU,1978,4.8869
Germany,DEU,1979,4.7776003
Germany,DEU,1980,4.7389
Germany,DEU,1981,4.8797007
Germany,DEU,1982,5.2433
Germany,DEU,1983,5.2084002
Germany,DEU,1984,5.9331
Germany,DEU,1985,5.8295
Germany,DEU,1986,6.0919003
Germany,DEU,1987,5.7757006
Germany,DEU,1988,6.2266
Germany,DEU,1989,5.6815004
Germany,DEU,1990,6.2734003
Germany,DEU,1991,6.7712007
Germany,DEU,1992,5.9811006
Germany,DEU,1993,6.5841002
Germany,DEU,1994,6.7684
Germany,DEU,1995,6.8882008
Germany,DEU,1996,7.2932005
Germany,DEU,1997,7.2902007
Germany,DEU,1998,7.2035003
Germany,DEU,1999,7.5411005
Germany,DEU,2000,7.2826004
Germany,DEU,2001,7.8827004
Germany,DEU,2002,6.9056005
Germany,DEU,2003,6.4985003
Germany,DEU,2004,8.1716
Germany,DEU,2005,7.4651003
Germany,DEU,2006,7.2007008
Germany,DEU,2007,6.9611006
Germany,DEU,2008,8.0873
Germany,DEU,2009,7.8091006
Germany,DEU,2010,7.2120004
Germany,DEU,2011,7.0139003
Germany,DEU,2012,7.3312006
Germany,DEU,2013,7.9979005
Germany,DEU,2014,8.6296
Germany,DEU,2015,8.087701
Germany,DEU,2016,7.6409
Germany,DEU,2017,7.6443
Germany,DEU,2018,6.6737003
Germany,DEU,2019,7.3964005
Germany,DEU,2020,7.8195004
Germany,DEU,2021,7.3015003
Germany,DEU,2022,7.5773
Germany,DEU,2023,7.4318004
Greece,GRC,1850,0.45999998
Greece,GRC,1911,0.98
Greece,GRC,1934,0.91999996
Greece,GRC,1950,1.02
Greece,GRC,1961,1.3026
Greece,GRC,1962,1.4433001
Greece,GRC,1963,1.3142
Greece,GRC,1964,1.6530001
Greece,GRC,1965,1.6469
Greece,GRC,1966,1.784
Greece,GRC,1967,1.8419001
Greece,GRC,1968,1.4284
Greece,GRC,1969,1.5986
Greece,GRC,1970,1.9806001
Greece,GRC,1971,1.9926001
Greece,GRC,1972,1.9977001
Greece,GRC,1973,1.9905001
Greece,GRC,1974,2.3504
Greece,GRC,1975,2.2919
Greece,GRC,1976,2.5521002
Greece,GRC,1977,1.8813001
Greece,GRC,1978,2.7213001
Greece,GRC,1979,2.4301002
Greece,GRC,1980,2.9348001
Greece,GRC,1981,2.7556002
Greece,GRC,1982,2.8778002
Greece,GRC,1983,2.0925002
Greece,GRC,1984,2.6713002
Greece,GRC,1985,2.0464
Greece,GRC,1986,2.6311002
Greece,GRC,1987,2.5971003
Greece,GRC,1988,2.8152
Greece,GRC,1989,3.0163002
Greece,GRC,1990,1.9332
Greece,GRC,1991,3.1183002
Greece,GRC,1992,2.4315002
Greece,GRC,1993,2.2952
Greece,GRC,1994,2.7510002
Greece,GRC,1995,2.6341002
Greece,GRC,1996,2.4149
Greece,GRC,1997,2.4172
Greece,GRC,1998,2.4379
Greece,GRC,1999,2.391
Greece,GRC,2000,2.6666002
Greece,GRC,2001,2.5096002
Greece,GRC,2002,2.3432
Greece,GRC,2003,2.0076
Greece,GRC,2004,2.4757001
Greece,GRC,2005,2.4058
Greece,GRC,2006,2.2859
Greece,GRC,2007,2.2353
Greece,GRC,2008,2.7769
Greece,GRC,2009,2.7436001
Greece,GRC,2010,2.6044
Greece,GRC,2011,2.7004
Greece,GRC,2012,2.6650002
Greece,GRC,2013,2.7777002
Greece,GRC,2014,2.7466002
Greece,GRC,2015,2.9050002
Greece,GRC,2016,2.8928
Greece,GRC,2017,2.9284
Greece,GRC,2018,2.6526003
Greece,GRC,2019,2.7939
Greece,GRC,2020,3.0773003
Greece,GRC,2021,2.8203
Greece,GRC,2022,2.9171002
Greece,GRC,2023,2.9193
Guatemala,GTM,1961,0.73190004
Guatemala,GTM,1962,0.82000005
Guatemala,GTM,1963,0.9371
Guatemala,GTM,1964,0.9304001
Guatemala,GTM,1965,0.99140006
Guatemala,GTM,1966,0.95800006
Guatemala,GTM,1967,0.8687
Guatemala,GTM,1968,1.0975001
Guatemala,GTM,1969,1.0313001
Guatemala,GTM,1970,1.1003001
Guatemala,GTM,1971,1.2242
Guatemala,GTM,1972,1.3695
Guatemala,GTM,1973,1.6853001
Guatemala,GTM,1974,1.1764001
Guatemala,GTM,1975,1.1757
Guatemala,GTM,1976,1.3055
Guatemala,GTM,1977,1.2445
Guatemala,GTM,1978,1.1377
Guatemala,GTM,1979,1.5715001
Guatemala,GTM,1980,1.4615
Guatemala,GTM,1981,1.7556001
Guatemala,GTM,1982,1.6413001
Guatemala,GTM,1983,2.0976002
Guatemala,GTM,1984,2.8168
Guatemala,GTM,1985,1.7079
Guatemala,GTM,1986,1.9986001
Guatemala,GTM,1987,2.0026
Guatemala,GTM,1988,1.9966
Guatemala,GTM,1989,1.9993001
Guatemala,GTM,1990,1.9983002
Guatemala,GTM,1991,2.0124002
Guatemala,GTM,1992,2
Guatemala,GTM,1993,1.9924002
Guatemala,GTM,1994,2.1025002
Guatemala,GTM,1995,2.0987
Guatemala,GTM,1996,2.102
Guatemala,GTM,1997,2.0408
Guatemala,GTM,1998,1.9721
Guatemala,GTM,1999,1.9633001
Guatemala,GTM,2000,2.0934
Guatemala,GTM,2001,2.9638002
Guatemala,GTM,2002,1.9146
Guatemala,GTM,2003,2.0249002
Guatemala,GTM,2004,2.0184002
Guatemala,GTM,2005,2.1288002
Guatemala,GTM,2006,2.2712
Guatemala,GTM,2007,2.2229
Guatemala,GTM,2008,2.4013002
Guatemala,GTM,2009,2.2131002
Guatemala,GTM,2010,2.0574
Guatemala,GTM,2011,2.0509
Guatemala,GTM,2012,2.1677
Guatemala,GTM,2013,2.0240002
Guatemala,GTM,2014,2.1771002
Guatemala,GTM,2015,2.1255002
Guatemala,GTM,2016,2.1288002
Guatemala,GTM,2017,2.1267002
Guatemala,GTM,2018,2.1091
Guatemala,GTM,2019,2.1451
Guatemala,GTM,2020,2.147
Guatemala,GTM,2021,2.1396003
High-income countries,,1961,1.5236635
High-income countries,,1962,1.7751534
High-income countries,,1963,1.7571474
High-income countries,,1964,1.775745
High-income countries,,1965,1.8771712
High-income countries,,1966,1.9163619
High-income countries,,1967,1.8534889
High-income countries,,1968,1.9762381
High-income countries,,1969,2.0343442
High-income countries,,1970,2.099639
High-income countries,,1971,2.3332992
High-income countries,,1972,2.2530801
High-income countries,,1973,2.2858167
High-income countries,,1974,2.2240052
High-income countries,,1975,2.2421112
High-income countries,,1976,2.2950194
High-income countries,,1977,2.2475407
High-income countries,,1978,2.5365303
High-income countries,,1979,2.3930085
High-income countries,,1980,2.447513
High-income countries,,1981,2.5005088
High-income countries,,1982,2.5615747
High-income countries,,1983,2.716882
High-income countries,,1984,2.9446533
High-income countries,,1985,2.7473958
High-income countries,,1986,2.8089051
High-income countries,,1987,2.879874
High-income countries,,1988,2.8243887
High-income countries,,1989,2.8976603
High-income countries,,1990,3.1613517
High-income countries,,1991,3.107636
High-income countries,,1992,2.7782798
High-income countries,,1993,2.755786
High-income countries,,1994,2.7504804
High-income countries,,1995,2.6823606
High-income countries,,1996,2.8272576
High-income countries,,1997,2.9150248
High-income countries,,1998,3.0159419
High-income countries,,1999,3.0044127
High-income countries,,2000,3.0291753
High-income countries,,2001,2.960092
High-income countries,,2002,3.0002158
High-income countries,,2003,2.8107386
High-income countries,,2004,3.327397
High-income countries,,2005,3.0835733
High-income countries,,2006,3.074067
High-income countries,,2007,2.9007201
High-income countries,,2008,3.3390617
High-income countries,,2009,3.2451022
High-income countries,,2010,3.2052495
High-income countries,,2011,3.325896
High-income countries,,2012,3.237627
High-income countries,,2013,3.4700663
High-income countries,,2014,3.5829315
High-income countries,,2015,3.542761
High-income countries,,2016,3.644762
High-income countries,,2017,3.8830078
High-income countries,,2018,3.5550492
High-income countries,,2019,3.7666237
High-income countries,,2020,3.678053
High-income countries,,2021,3.6266706
High-income countries,,2022,4.003362
High-income countries,,2023,3.8820415
Honduras,HND,1961,0.7824001
Honduras,HND,1962,0.80840003
Honduras,HND,1963,0.8295
Honduras,HND,1964,0.80340004
Honduras,HND,1965,0.8771
Honduras,HND,1966,0.8762001
Honduras,HND,1967,0.87420005
Honduras,HND,1968,0.87990004
Honduras,HND,1969,0.8295
Honduras,HND,1970,0.8295
Honduras,HND,1971,0.85260004
Honduras,HND,1972,0.87500006
Honduras,HND,1973,0.87500006
Honduras,HND,1974,0.83330005
Honduras,HND,1975,0.83330005
Honduras,HND,1976,0.83330005
Honduras,HND,1977,0.83330005
Honduras,HND,1978,1
Honduras,HND,1979,0.7778
Honduras,HND,1980,0.7778
Honduras,HND,1981,0.63640004
Honduras,HND,1982,0.63640004
Honduras,HND,1983,0.59090006
Honduras,HND,1984,0.59090006
Honduras,HND,1985,0.6
Honduras,HND,1986,0.6
Honduras,HND,1987,0.59090006
Honduras,HND,1988,0.56670004
Honduras,HND,1989,0.5833
Honduras,HND,1990,0.57690006
Honduras,HND,1991,0.58150005
Honduras,HND,1992,0.5926
Honduras,HND,1993,0.5821
Honduras,HND,1994,0.6071
Honduras,HND,1995,0.59470004
Honduras,HND,1996,0.60040003
Honduras,HND,1997,0.66670007
Honduras,HND,1998,0.5
Honduras,HND,1999,0.47500002
Honduras,HND,2000,0.52570003
Honduras,HND,2001,0.53020006
Honduras,HND,2002,0.53040004
Honduras,HND,2003,0.5
Honduras,HND,2004,0.5273
Honduras,HND,2005,0.53120005
Honduras,HND,2006,0.5353
Honduras,HND,2007,0.5395
Honduras,HND,2008,0.5438
Honduras,HND,2009,0.57500005
Honduras,HND,2010,0.5508
Honduras,HND,2011,0.5421
Honduras,HND,2012,0.5488
Honduras,HND,2013,0.55
Honduras,HND,2014,0.5421
Honduras,HND,2015,0.54080003
Honduras,HND,2016,0.53840005
Honduras,HND,2017,0.5371
Honduras,HND,2018,0.5366
Honduras,HND,2019,0.53620005
Honduras,HND,2020,0.53790003
Honduras,HND,2021,0.54080003
Honduras,HND,2022,0.5307
Honduras,HND,2023,0.5364
Hungary,HUN,1911,1.3199999
Hungary,HUN,1934,1.13
Hungary,HUN,1950,1.38
Hungary,HUN,1961,1.9095001
Hungary,HUN,1962,1.7888001
Hungary,HUN,1963,1.5708001
Hungary,HUN,1964,1.8557
Hungary,HUN,1965,2.1703002
Hungary,HUN,1966,2.1711001
Hungary,HUN,1967,2.5895002
Hungary,HUN,1968,2.5244
Hungary,HUN,1969,2.7141001
Hungary,HUN,1970,2.137
Hungary,HUN,1971,3.0809
Hungary,HUN,1972,3.1090002
Hungary,HUN,1973,3.4793003
Hungary,HUN,1974,3.752
Hungary,HUN,1975,3.2036002
Hungary,HUN,1976,3.8845003
Hungary,HUN,1977,4.0566
Hungary,HUN,1978,4.2871003
Hungary,HUN,1979,3.2667
Hungary,HUN,1980,4.7643
Hungary,HUN,1981,4.0098004
Hungary,HUN,1982,4.3999
Hungary,HUN,1983,4.4173
Hungary,HUN,1984,5.433
Hungary,HUN,1985,4.8449
Hungary,HUN,1986,4.3622003
Hungary,HUN,1987,4.4192004
Hungary,HUN,1988,5.4858003
Hungary,HUN,1989,5.2643
Hungary,HUN,1990,5.0771003
Hungary,HUN,1991,5.19
Hungary,HUN,1992,4.07
Hungary,HUN,1993,3.0649002
Hungary,HUN,1994,4.6033
Hungary,HUN,1995,4.1644
Hungary,HUN,1996,3.278
Hungary,HUN,1997,4.2153
Hungary,HUN,1998,4.1390004
Hungary,HUN,1999,3.5948002
Hungary,HUN,2000,3.6044002
Hungary,HUN,2001,4.3105
Hungary,HUN,2002,3.5212002
Hungary,HUN,2003,2.6408002
Hungary,HUN,2004,5.1174
Hungary,HUN,2005,4.5
Hungary,HUN,2006,4.0719
Hungary,HUN,2007,3.5875
Hungary,HUN,2008,5.0024
Hungary,HUN,2009,3.8546002
Hungary,HUN,2010,3.7038002
Hungary,HUN,2011,4.1994
Hungary,HUN,2012,3.7485
Hungary,HUN,2013,4.6386003
Hungary,HUN,2014,4.7288
Hungary,HUN,2015,5.1796002
Hungary,HUN,2016,5.3654003
Hungary,HUN,2017,5.4287004
Hungary,HUN,2018,5.1244
Hungary,HUN,2019,5.2949
Hungary,HUN,2020,5.4680004
Hungary,HUN,2021,5.9254003
Hungary,HUN,2022,4.4481
Hungary,HUN,2023,5.6423
India,IND,1961,0.8507001
India,IND,1962,0.88960004
India,IND,1963,0.7929001
India,IND,1964,0.72990006
India,IND,1965,0.9132001
India,IND,1966,0.82680005
India,IND,1967,0.8874001
India,IND,1968,1.1028001
India,IND,1969,1.1688001
India,IND,1970,1.2086
India,IND,1971,1.3066001
India,IND,1972,1.3799001
India,IND,1973,1.2708001
India,IND,1974,1.1719
India,IND,1975,1.3384001
India,IND,1976,1.4103001
India,IND,1977,1.3866
India,IND,1978,1.4798001
India,IND,1979,1.5683001
India,IND,1980,1.4356
India,IND,1981,1.6299001
India,IND,1982,1.6913002
India,IND,1983,1.8158002
India,IND,1984,1.8432001
India,IND,1985,1.8701
India,IND,1986,2.046
India,IND,1987,1.9162
India,IND,1988,2.0019002
India,IND,1989,2.2444
India,IND,1990,2.1211002
India,IND,1991,2.2814
India,IND,1992,2.394
India,IND,1993,2.3267
India,IND,1994,2.3796003
India,IND,1995,2.559
India,IND,1996,2.4828002
India,IND,1997,2.6789
India,IND,1998,2.4852002
India,IND,1999,2.5901003
India,IND,2000,2.7785
India,IND,2001,2.7081003
India,IND,2002,2.7621002
India,IND,2003,2.6100001
India,IND,2004,2.7132
India,IND,2005,2.6016002
India,IND,2006,2.6188002
India,IND,2007,2.7079
India,IND,2008,2.8022
India,IND,2009,2.9071002
India,IND,2010,2.8395002
India,IND,2011,2.9886003
India,IND,2012,3.1775002
India,IND,2013,3.1538002
India,IND,2014,3.1457002
India,IND,2015,2.7496002
India,IND,2016,3.0339
India,IND,2017,3.1999002
India,IND,2018,3.3682
India,IND,2019,3.5334
India,IND,2020,3.4398003
India,IND,2021,3.5208
India,IND,2022,3.5373
India,IND,2023,3.5207002
Iran,IRN,1961,0.79700005
Iran,IRN,1962,0.776
Iran,IRN,1963,0.72590005
Iran,IRN,1964,0.7088
Iran,IRN,1965,0.77610004
Iran,IRN,1966,0.8
Iran,IRN,1967,0.8
Iran,IRN,1968,0.8
Iran,IRN,1969,0.8
Iran,IRN,1970,0.8001
Iran,IRN,1971,0.726
Iran,IRN,1972,0.83120006
Iran,IRN,1973,0.80840003
Iran,IRN,1974,0.79770005
Iran,IRN,1975,0.9189001
Iran,IRN,1976,1.0494001
Iran,IRN,1977,1.0122001
Iran,IRN,1978,1.0401
Iran,IRN,1979,1.1258001
Iran,IRN,1980,0.9825001
Iran,IRN,1981,0.9017001
Iran,IRN,1982,1.0756
Iran,IRN,1983,0.9858
Iran,IRN,1984,1.082
Iran,IRN,1985,1.0704001
Iran,IRN,1986,1.1987
Iran,IRN,1987,1.1533
Iran,IRN,1988,1.108
Iran,IRN,1989,0.96050006
Iran,IRN,1990,1.2761
Iran,IRN,1991,1.4199001
Iran,IRN,1992,1.5330001
Iran,IRN,1993,1.5766001
Iran,IRN,1994,1.6028001
Iran,IRN,1995,1.7096001
Iran,IRN,1996,1.5827
Iran,IRN,1997,1.5947
Iran,IRN,1998,1.9346001
Iran,IRN,1999,1.8301
Iran,IRN,2000,1.5856
Iran,IRN,2001,1.7033001
Iran,IRN,2002,1.9950001
Iran,IRN,2003,2.0969
Iran,IRN,2004,2.2056003
Iran,IRN,2005,2.0585
Iran,IRN,2006,2.1317
Iran,IRN,2007,2.1997
Iran,IRN,2008,1.3343002
Iran,IRN,2009,1.8192
Iran,IRN,2010,1.8337001
Iran,IRN,2011,1.3608001
Iran,IRN,2012,1.3482
Iran,IRN,2013,1.4538001
Iran,IRN,2014,1.7453002
Iran,IRN,2015,2.0159001
Iran,IRN,2016,2.4612
Iran,IRN,2017,2.2803001
Iran,IRN,2018,2.4628003
Iran,IRN,2019,2.3387
Iran,IRN,2020,2.255
Iran,IRN,2021,2
Iran,IRN,2022,2.1290002
Iran,IRN,2023,2.2581003
Iraq,IRQ,1961,0.77940005
Iraq,IRQ,1962,0.77540004
Iraq,IRQ,1963,0.57440007
Iraq,IRQ,1964,0.6208
Iraq,IRQ,1965,0.7181
Iraq,IRQ,1966,0.63540006
Iraq,IRQ,1967,0.637
Iraq,IRQ,1968,1.0247
Iraq,IRQ,1969,0.91
Iraq,IRQ,1970,0.88290006
Iraq,IRQ,1971,0.8672001
Iraq,IRQ,1972,1.3743001
Iraq,IRQ,1973,0.82790005
Iraq,IRQ,1974,0.8198
Iraq,IRQ,1975,0.6006
Iraq,IRQ,1976,0.8687
Iraq,IRQ,1977,0.8112
Iraq,IRQ,1978,0.60830003
Iraq,IRQ,1979,0.63540006
Iraq,IRQ,1980,0.7101
Iraq,IRQ,1981,0.75640005
Iraq,IRQ,1982,0.82600003
Iraq,IRQ,1983,0.7059001
Iraq,IRQ,1984,0.95580006
Iraq,IRQ,1985,0.9125
Iraq,IRQ,1986,0.83550006
Iraq,IRQ,1987,0.84080005
Iraq,IRQ,1988,0.89250004
Iraq,IRQ,1989,0.8374001
Iraq,IRQ,1990,1.0129001
Iraq,IRQ,1991,0.8056
Iraq,IRQ,1992,0.59990007
Iraq,IRQ,1993,0.58970004
Iraq,IRQ,1994,0.7431
Iraq,IRQ,1995,0.80520004
Iraq,IRQ,1996,0.86670005
Iraq,IRQ,1997,0.7566
Iraq,IRQ,1998,0.8071
Iraq,IRQ,1999,0.6154001
Iraq,IRQ,2000,0.32000002
Iraq,IRQ,2001,0.74050003
Iraq,IRQ,2002,1.5703001
Iraq,IRQ,2003,1.3590001
Iraq,IRQ,2004,1.1898001
Iraq,IRQ,2005,0.87380004
Iraq,IRQ,2006,1.3783001
Iraq,IRQ,2007,1.4031
Iraq,IRQ,2008,1.3678001
Iraq,IRQ,2009,1.8756001
Iraq,IRQ,2010,1.9872
Iraq,IRQ,2011,1.9552001
Iraq,IRQ,2012,2.4181
Iraq,IRQ,2013,2.3068001
Iraq,IRQ,2014,2.3964
Iraq,IRQ,2015,2.8617
Iraq,IRQ,2016,3.3181002
Iraq,IRQ,2017,2.8392
Iraq,IRQ,2018,2.7789001
Iraq,IRQ,2019,2.8144
Iraq,IRQ,2020,2.9445002
Iraq,IRQ,2021,2.6597002
Iraq,IRQ,2022,2.7714
Iraq,IRQ,2023,2.5465002
Ireland,IRL,1961,3.3676002
Ireland,IRL,1962,3.4548001
Ireland,IRL,1963,3.1921003
Ireland,IRL,1964,3.1304
Ireland,IRL,1965,3.1560001
Ireland,IRL,1966,3.4877002
Ireland,IRL,1967,3.8797002
Ireland,IRL,1968,4.5563
Ireland,IRL,1969,4.3946004
Ireland,IRL,1970,4.0234003
Ireland,IRL,1971,4.1811004
Ireland,IRL,1972,3.9773002
Ireland,IRL,1973,3.9143002
Ireland,IRL,1974,4.2967005
Ireland,IRL,1975,4.3746004
Ireland,IRL,1976,3.9695003
Ireland,IRL,1977,5.1653
Ireland,IRL,1978,5.1202006
Ireland,IRL,1979,5.1591005
Ireland,IRL,1980,5.1321
Ireland,IRL,1981,5.8012004
Ireland,IRL,1982,7.0053
Ireland,IRL,1983,6.5593
Ireland,IRL,1984,7.7878003
Ireland,IRL,1985,6.3380003
Ireland,IRL,1986,5.5716004
Ireland,IRL,1987,7.0650005
Ireland,IRL,1988,7.7645
Ireland,IRL,1989,7.5618
Ireland,IRL,1990,8.530701
Ireland,IRL,1991,7.8646007
Ireland,IRL,1992,7.8808002
Ireland,IRL,1993,6.8056006
Ireland,IRL,1994,7.7193003
Ireland,IRL,1995,8.2461
Ireland,IRL,1996,8.9965
Ireland,IRL,1997,7.721
Ireland,IRL,1998,8.031
Ireland,IRL,1999,8.7665
Ireland,IRL,2000,9.4538
Ireland,IRL,2001,9.0601
Ireland,IRL,2002,8.444
Ireland,IRL,2003,8.2978
Ireland,IRL,2004,9.9241
Ireland,IRL,2005,8.431701
Ireland,IRL,2006,9.154301
Ireland,IRL,2007,8.4626
Ireland,IRL,2008,8.968401
Ireland,IRL,2009,8.166901
Ireland,IRL,2010,8.6015005
Ireland,IRL,2011,9.8641
Ireland,IRL,2012,7.2235003
Ireland,IRL,2013,8.998301
Ireland,IRL,2014,10.014001
Ireland,IRL,2015,10.667701
Ireland,IRL,2016,9.5390005
Ireland,IRL,2017,10.167201
Ireland,IRL,2018,8.3732
Ireland,IRL,2019,9.3787
Ireland,IRL,2020,7.7659
Ireland,IRL,2021,10.0767
Ireland,IRL,2022,10.4305
Ireland,IRL,2023,8.675301
Israel,ISR,1961,1.0477
Israel,ISR,1962,1.0864
Israel,ISR,1963,1.0449001
Israel,ISR,1964,2.2658002
Israel,ISR,1965,2.0838
Israel,ISR,1966,1.3164
Israel,ISR,1967,2.3656
Israel,ISR,1968,1.7148001
Israel,ISR,1969,1.3820001
Israel,ISR,1970,1.1637
Israel,ISR,1971,1.7663001
Israel,ISR,1972,2.7734
Israel,ISR,1973,2.4004
Israel,ISR,1974,2.4545002
Israel,ISR,1975,2.3285
Israel,ISR,1976,1.8989002
Israel,ISR,1977,2.1178002
Israel,ISR,1978,1.9209001
Israel,ISR,1979,1.5564001
Israel,ISR,1980,2.5935001
Israel,ISR,1981,2.0695002
Israel,ISR,1982,1.6408001
Israel,ISR,1983,3.2648003
Israel,ISR,1984,1.5052
Israel,ISR,1985,1.5522001
Israel,ISR,1986,1.866
Israel,ISR,1987,3.1401002
Israel,ISR,1988,2.3934
Israel,ISR,1989,2.1972
Israel,ISR,1990,3.2031002
Israel,ISR,1991,2.1327
Israel,ISR,1992,2.8923001
Israel,ISR,1993,2.7183
Israel,ISR,1994,1.3157
Israel,ISR,1995,3.0371003
Israel,ISR,1996,2.2848
Israel,ISR,1997,1.4055
Israel,ISR,1998,1.8077
Israel,ISR,1999,0.4564
Israel,ISR,2000,1.4653001
Israel,ISR,2001,1.9431001
Israel,ISR,2002,2.1162
Israel,ISR,2003,2.5312002
Israel,ISR,2004,2.1883001
Israel,ISR,2005,2.3458002
Israel,ISR,2006,1.5453001
Israel,ISR,2007,1.8501
Israel,ISR,2008,1.1457
Israel,ISR,2009,2.0646002
Israel,ISR,2010,1.7507
Israel,ISR,2011,2.3403
Israel,ISR,2012,3.2671003
Israel,ISR,2013,2.7839
Israel,ISR,2014,2.2695
Israel,ISR,2015,3.4055002
Israel,ISR,2016,3.8444002
Israel,ISR,2017,1.6116
Israel,ISR,2018,1.3327
Israel,ISR,2019,2.0521002
Israel,ISR,2020,2.3011003
Israel,ISR,2021,1.3346001
Israel,ISR,2022,1.2087001
Israel,ISR,2023,1.7262
Italy,ITA,1850,0.66999996
Italy,ITA,1911,1.05
Italy,ITA,1934,1.01
Italy,ITA,1950,1.52
Italy,ITA,1961,1.9103001
Italy,ITA,1962,2.0847
Italy,ITA,1963,1.8494002
Italy,ITA,1964,1.9477
Italy,ITA,1965,2.2796001
Italy,ITA,1966,2.1992002
Italy,ITA,1967,2.3918002
Italy,ITA,1968,2.2559
Italy,ITA,1969,2.2724
Italy,ITA,1970,2.3412
Italy,ITA,1971,2.5560002
Italy,ITA,1972,2.433
Italy,ITA,1973,2.4543002
Italy,ITA,1974,2.5797
Italy,ITA,1975,2.6746001
Italy,ITA,1976,2.5694
Italy,ITA,1977,2.2308002
Italy,ITA,1978,2.647
Italy,ITA,1979,2.6013002
Italy,ITA,1980,2.6865
Italy,ITA,1981,2.7098002
Italy,ITA,1982,2.6959
Italy,ITA,1983,2.6155002
Italy,ITA,1984,3.072
Italy,ITA,1985,2.7886002
Italy,ITA,1986,2.9028
Italy,ITA,1987,3.039
Italy,ITA,1988,2.765
Italy,ITA,1989,2.5184
Italy,ITA,1990,2.9243002
Italy,ITA,1991,3.5094001
Italy,ITA,1992,3.5506003
Italy,ITA,1993,3.5533001
Italy,ITA,1994,3.4796002
Italy,ITA,1995,3.2013001
Italy,ITA,1996,3.3170002
Italy,ITA,1997,2.8563
Italy,ITA,1998,3.5818002
Italy,ITA,1999,3.2434
Italy,ITA,2000,3.2133002
Italy,ITA,2001,2.8013003
Italy,ITA,2002,3.1247
Italy,ITA,2003,2.7482002
Italy,ITA,2004,3.6698003
Italy,ITA,2005,3.6352
Italy,ITA,2006,3.7295003
Italy,ITA,2007,3.4137
Italy,ITA,2008,3.8689
Italy,ITA,2009,3.5859
Italy,ITA,2010,3.7421002
Italy,ITA,2011,3.8335001
Italy,ITA,2012,4.1293
Italy,ITA,2013,3.8441002
Italy,ITA,2014,3.8107002
Italy,ITA,2015,3.9280002
Italy,ITA,2016,4.203
Italy,ITA,2017,3.8562002
Italy,ITA,2018,3.8999002
Italy,ITA,2019,3.8409002
Italy,ITA,2020,3.9248002
Italy,ITA,2021,4.2248
Italy,ITA,2022,3.7200003
Italy,ITA,2023,3.6917002
Japan,JPN,1961,2.7455
Japan,JPN,1962,2.5405002
Japan,JPN,1963,1.2258002
Japan,JPN,1964,2.4479
Japan,JPN,1965,2.7043002
Japan,JPN,1966,2.4311001
Japan,JPN,1967,2.7193003
Japan,JPN,1968,3.1390002
Japan,JPN,1969,2.6454
Japan,JPN,1970,2.0663002
Japan,JPN,1971,2.6476002
Japan,JPN,1972,2.4969
Japan,JPN,1973,2.7009
Japan,JPN,1974,2.7983003
Japan,JPN,1975,2.6864
Japan,JPN,1976,2.4961002
Japan,JPN,1977,2.7488003
Japan,JPN,1978,3.2741003
Japan,JPN,1979,3.6329
Japan,JPN,1980,3.0497
Japan,JPN,1981,2.6176002
Japan,JPN,1982,3.2564
Japan,JPN,1983,3.0310001
Japan,JPN,1984,3.1932
Japan,JPN,1985,3.7359002
Japan,JPN,1986,3.5670002
Japan,JPN,1987,3.1859
Japan,JPN,1988,3.6206002
Japan,JPN,1989,3.469
Japan,JPN,1990,3.6540003
Japan,JPN,1991,3.1797001
Japan,JPN,1992,3.5371003
Japan,JPN,1993,3.4739
Japan,JPN,1994,3.7182002
Japan,JPN,1995,2.9319
Japan,JPN,1996,3.0164
Japan,JPN,1997,3.6387
Japan,JPN,1998,3.5111003
Japan,JPN,1999,3.4544
Japan,JPN,2000,3.7607002
Japan,JPN,2001,3.5546002
Japan,JPN,2002,4.0010004
Japan,JPN,2003,4.0335
Japan,JPN,2004,4.0466003
Japan,JPN,2005,4.097
Japan,JPN,2006,3.8351002
Japan,JPN,2007,4.34
Japan,JPN,2008,4.2203
Japan,JPN,2009,3.2367
Japan,JPN,2010,2.7612002
Japan,JPN,2011,3.5286002
Japan,JPN,2012,4.1004
Japan,JPN,2013,3.8616004
Japan,JPN,2014,4.0094
Japan,JPN,2015,4.7114
Japan,JPN,2016,3.6884
Japan,JPN,2017,4.2708
Japan,JPN,2018,3.6097002
Japan,JPN,2019,4.9008
Japan,JPN,2020,4.4652004
Japan,JPN,2021,4.9864
Japan,JPN,2022,4.3709
Japan,JPN,2023,4.7216005
Jordan,JOR,1961,0.5058
Jordan,JOR,1962,0.39290002
Jordan,JOR,1963,0.36850002
Jordan,JOR,1964,0.9934001
Jordan,JOR,1965,0.99640006
Jordan,JOR,1966,0.4729
Jordan,JOR,1967,0.73990005
Jordan,JOR,1968,0.43530002
Jordan,JOR,1969,0.9713
Jordan,JOR,1970,0.24300002
Jordan,JOR,1971,0.689
Jordan,JOR,1972,0.9452001
Jordan,JOR,1973,0.44470003
Jordan,JOR,1974,0.99300003
Jordan,JOR,1975,0.42200002
Jordan,JOR,1976,0.48670003
Jordan,JOR,1977,0.49410003
Jordan,JOR,1978,0.39620003
Jordan,JOR,1979,0.1664
Jordan,JOR,1980,1.0027001
Jordan,JOR,1981,0.5105
Jordan,JOR,1982,0.51240003
Jordan,JOR,1983,0.91090006
Jordan,JOR,1984,0.77400005
Jordan,JOR,1985,0.66590005
Jordan,JOR,1986,0.66190004
Jordan,JOR,1987,0.99780005
Jordan,JOR,1988,1.1269001
Jordan,JOR,1989,1.008
Jordan,JOR,1990,1.4461
Jordan,JOR,1991,1.2022
Jordan,JOR,1992,1.4693002
Jordan,JOR,1993,1.5195
Jordan,JOR,1994,1.5767
Jordan,JOR,1995,1.4414
Jordan,JOR,1996,1.5054001
Jordan,JOR,1997,1.1018001
Jordan,JOR,1998,1.2476001
Jordan,JOR,1999,2.2633002
Jordan,JOR,2000,1.3971001
Jordan,JOR,2001,1.4345001
Jordan,JOR,2002,1.3367
Jordan,JOR,2003,1.4280001
Jordan,JOR,2004,1.2273
Jordan,JOR,2005,1.1731
Jordan,JOR,2006,0.85170007
Jordan,JOR,2007,1.0114001
Jordan,JOR,2008,0.629
Jordan,JOR,2009,0.78620005
Jordan,JOR,2010,1.0307
Jordan,JOR,2011,1.3818
Jordan,JOR,2012,1.2391
Jordan,JOR,2013,1.3339001
Jordan,JOR,2014,1.1926
Jordan,JOR,2015,0.98520005
Jordan,JOR,2016,1.2932
Jordan,JOR,2017,1.4837
Jordan,JOR,2018,1.5045
Jordan,JOR,2019,2.3925002
Jordan,JOR,2020,2.2375002
Jordan,JOR,2021,2.0973
Jordan,JOR,2022,1.8917
Jordan,JOR,2023,2.2046
Kazakhstan,KAZ,1992,1.3324001
Kazakhstan,KAZ,1993,0.9178
Kazakhstan,KAZ,1994,0.749
Kazakhstan,KAZ,1995,0.5748
Kazakhstan,KAZ,1996,0.68350005
Kazakhstan,KAZ,1997,0.8449001
Kazakhstan,KAZ,1998,0.52000004
Kazakhstan,KAZ,1999,1.2868001
Kazakhstan,KAZ,2000,0.9028
Kazakhstan,KAZ,2001,1.1803001
Kazakhstan,KAZ,2002,1.0895001
Kazakhstan,KAZ,2003,1.0250001
Kazakhstan,KAZ,2004,0.8432
Kazakhstan,KAZ,2005,0.9480001
Kazakhstan,KAZ,2006,1.1348001
Kazakhstan,KAZ,2007,1.2983001
Kazakhstan,KAZ,2008,0.97150004
Kazakhstan,KAZ,2009,1.1941
Kazakhstan,KAZ,2010,0.7336
Kazakhstan,KAZ,2011,1.6609001
Kazakhstan,KAZ,2012,0.7929001
Kazakhstan,KAZ,2013,1.0762
Kazakhstan,KAZ,2014,1.0901
Kazakhstan,KAZ,2015,1.1882
Kazakhstan,KAZ,2016,1.2111
Kazakhstan,KAZ,2017,1.2427
Kazakhstan,KAZ,2018,1.2281001
Kazakhstan,KAZ,2019,1.0137
Kazakhstan,KAZ,2020,1.1825
Kazakhstan,KAZ,2021,0.92880005
Kazakhstan,KAZ,2022,1.2727
Kazakhstan,KAZ,2023,0.92240006
Kenya,KEN,1961,1.0907
Kenya,KEN,1962,0.92120004
Kenya,KEN,1963,1.1197
Kenya,KEN,1964,1.1973001
Kenya,KEN,1965,1.5132
Kenya,KEN,1966,1.1834
Kenya,KEN,1967,1.3414001
Kenya,KEN,1968,1.6251
Kenya,KEN,1969,1.7282001
Kenya,KEN,1970,1.6132001
Kenya,KEN,1971,1.6947
Kenya,KEN,1972,1.4449
Kenya,KEN,1973,1.3628001
Kenya,KEN,1974,1.6413001
Kenya,KEN,1975,1.5198001
Kenya,KEN,1976,1.6731001
Kenya,KEN,1977,1.4847
Kenya,KEN,1978,1.4716
Kenya,KEN,1979,1.7715001
Kenya,KEN,1980,2.1567001
Kenya,KEN,1981,2.1461003
Kenya,KEN,1982,2.0833
Kenya,KEN,1983,2.1083002
Kenya,KEN,1984,1.3770001
Kenya,KEN,1985,1.8900001
Kenya,KEN,1986,1.8666
Kenya,KEN,1987,1.4824001
Kenya,KEN,1988,1.6330001
Kenya,KEN,1989,1.5839001
Kenya,KEN,1990,1.6551001
Kenya,KEN,1991,1.8484001
Kenya,KEN,1992,1.9359001
Kenya,KEN,1993,1.3795
Kenya,KEN,1994,2.2164
Kenya,KEN,1995,2.1064
Kenya,KEN,1996,2.0112
Kenya,KEN,1997,1.6132001
Kenya,KEN,1998,1.8951001
Kenya,KEN,1999,1.6534001
Kenya,KEN,2000,1.5492
Kenya,KEN,2001,1.9890001
Kenya,KEN,2002,2.1217
Kenya,KEN,2003,2.5055
Kenya,KEN,2004,2.4827
Kenya,KEN,2005,2.3131
Kenya,KEN,2006,2.1875
Kenya,KEN,2007,3.094
Kenya,KEN,2008,2.5845
Kenya,KEN,2009,1.6665001
Kenya,KEN,2010,3.1991003
Kenya,KEN,2011,2.0415
Kenya,KEN,2012,2.9720001
Kenya,KEN,2013,2.7602
Kenya,KEN,2014,1.5549
Kenya,KEN,2015,1.9841001
Kenya,KEN,2016,1.4022
Kenya,KEN,2017,1.2581
Kenya,KEN,2018,2.528
Kenya,KEN,2019,2.6287
Kenya,KEN,2020,3.0606003
Kenya,KEN,2021,2.7955
Kenya,KEN,2022,3.0839
Kenya,KEN,2023,2.9633002
Kuwait,KWT,1985,0.25
Kuwait,KWT,1986,0.3333
Kuwait,KWT,1987,0.4286
Kuwait,KWT,1988,2.8750002
Kuwait,KWT,1989,3.16
Kuwait,KWT,1990,3.1250002
Kuwait,KWT,1991,3.0000002
Kuwait,KWT,1992,3.0000002
Kuwait,KWT,1993,3.1304
Kuwait,KWT,1994,3.0714002
Kuwait,KWT,1995,3.3636003
Kuwait,KWT,1996,3.5000002
Kuwait,KWT,1997,3.1489
Kuwait,KWT,1998,2.3812
Kuwait,KWT,1999,2.3925002
Kuwait,KWT,2000,2.3856003
Kuwait,KWT,2001,2.3906002
Kuwait,KWT,2002,2.3914
Kuwait,KWT,2003,2.3897002
Kuwait,KWT,2004,2.375
Kuwait,KWT,2005,4.8019
Kuwait,KWT,2006,4.7222004
Kuwait,KWT,2007,2.39
Kuwait,KWT,2008,2.3412
Kuwait,KWT,2009,2.3333
Kuwait,KWT,2010,2.3478003
Kuwait,KWT,2011,4.1333
Kuwait,KWT,2012,4.1429
Kuwait,KWT,2013,4.1111
Kuwait,KWT,2014,4.3077006
Kuwait,KWT,2015,3.7500002
Kuwait,KWT,2016,3.0000002
Kuwait,KWT,2017,3.1429
Kuwait,KWT,2018,3.0000002
Kuwait,KWT,2019,10.3636
Kuwait,KWT,2020,7.0000005
Kuwait,KWT,2021,4
Kuwait,KWT,2022,4.3177004
Kuwait,KWT,2023,5.2017
Kyrgyzstan,KGZ,1992,2.7335002
Kyrgyzstan,KGZ,1993,2.4555001
Kyrgyzstan,KGZ,1994,1.8265
Kyrgyzstan,KGZ,1995,1.7175001
Kyrgyzstan,KGZ,1996,2.1353002
Kyrgyzstan,KGZ,1997,2.3174
Kyrgyzstan,KGZ,1998,2.3578002
Kyrgyzstan,KGZ,1999,2.2977002
Kyrgyzstan,KGZ,2000,2.342
Kyrgyzstan,KGZ,2001,2.4883
Kyrgyzstan,KGZ,2002,2.3017
Kyrgyzstan,KGZ,2003,2.3649
Kyrgyzstan,KGZ,2004,2.4344
Kyrgyzstan,KGZ,2005,2.2410002
Kyrgyzstan,KGZ,2006,2.0684
Kyrgyzstan,KGZ,2007,1.9985001
Kyrgyzstan,KGZ,2008,1.9402001
Kyrgyzstan,KGZ,2009,2.6285002
Kyrgyzstan,KGZ,2010,2.1674001
Kyrgyzstan,KGZ,2011,2.1445
Kyrgyzstan,KGZ,2012,1.6751001
Kyrgyzstan,KGZ,2013,2.3654
Kyrgyzstan,KGZ,2014,1.6893002
Kyrgyzstan,KGZ,2015,2.3701003
Kyrgyzstan,KGZ,2016,2.4461002
Kyrgyzstan,KGZ,2017,2.4053001
Kyrgyzstan,KGZ,2018,2.4268003
Kyrgyzstan,KGZ,2019,2.5093002
Kyrgyzstan,KGZ,2020,2.5465002
Kyrgyzstan,KGZ,2021,1.4531001
Kyrgyzstan,KGZ,2022,2.5423002
Kyrgyzstan,KGZ,2023,1.9107001
Land Locked Developing Countries (FAO),,1961,0.94890004
Land Locked Developing Countries (FAO),,1962,0.9574001
Land Locked Developing Countries (FAO),,1963,0.8364001
Land Locked Developing Countries (FAO),,1964,0.93970007
Land Locked Developing Countries (FAO),,1965,0.9538
Land Locked Developing Countries (FAO),,1966,0.85240006
Land Locked Developing Countries (FAO),,1967,1.0759001
Land Locked Developing Countries (FAO),,1968,1.0479001
Land Locked Developing Countries (FAO),,1969,1.0500001
Land Locked Developing Countries (FAO),,1970,0.9426
Land Locked Developing Countries (FAO),,1971,0.85340005
Land Locked Developing Countries (FAO),,1972,0.8245
Land Locked Developing Countries (FAO),,1973,1.1646
Land Locked Developing Countries (FAO),,1974,1.1631
Land Locked Developing Countries (FAO),,1975,1.2077
Land Locked Developing Countries (FAO),,1976,1.218
Land Locked Developing Countries (FAO),,1977,1.1256
Land Locked Developing Countries (FAO),,1978,1.1584
Land Locked Developing Countries (FAO),,1979,1.1538001
Land Locked Developing Countries (FAO),,1980,1.1884
Land Locked Developing Countries (FAO),,1981,1.1914
Land Locked Developing Countries (FAO),,1982,1.2422
Land Locked Developing Countries (FAO),,1983,1.3097
Land Locked Developing Countries (FAO),,1984,1.2202001
Land Locked Developing Countries (FAO),,1985,1.2981
Land Locked Developing Countries (FAO),,1986,1.3082
Land Locked Developing Countries (FAO),,1987,1.3419001
Land Locked Developing Countries (FAO),,1988,1.3294001
Land Locked Developing Countries (FAO),,1989,1.2919
Land Locked Developing Countries (FAO),,1990,1.2525
Land Locked Developing Countries (FAO),,1991,1.1892
Land Locked Developing Countries (FAO),,1992,1.3870001
Land Locked Developing Countries (FAO),,1993,1.1329001
Land Locked Developing Countries (FAO),,1994,0.98870003
Land Locked Developing Countries (FAO),,1995,0.957
Land Locked Developing Countries (FAO),,1996,1.0231
Land Locked Developing Countries (FAO),,1997,1.2278001
Land Locked Developing Countries (FAO),,1998,1.1228001
Land Locked Developing Countries (FAO),,1999,1.5174001
Land Locked Developing Countries (FAO),,2000,1.2565
Land Locked Developing Countries (FAO),,2001,1.5014001
Land Locked Developing Countries (FAO),,2002,1.5898001
Land Locked Developing Countries (FAO),,2003,1.5510001
Land Locked Developing Countries (FAO),,2004,1.4494001
Land Locked Developing Countries (FAO),,2005,1.6006
Land Locked Developing Countries (FAO),,2006,1.6461
Land Locked Developing Countries (FAO),,2007,1.6949002
Land Locked Developing Countries (FAO),,2008,1.4667001
Land Locked Developing Countries (FAO),,2009,1.7069001
Land Locked Developing Countries (FAO),,2010,1.4468001
Land Locked Developing Countries (FAO),,2011,1.9376
Land Locked Developing Countries (FAO),,2012,1.5392001
Land Locked Developing Countries (FAO),,2013,1.7482
Land Locked Developing Countries (FAO),,2014,1.7708001
Land Locked Developing Countries (FAO),,2015,1.8888001
Land Locked Developing Countries (FAO),,2016,1.8743001
Land Locked Developing Countries (FAO),,2017,1.8619001
Land Locked Developing Countries (FAO),,2018,1.8538002
Land Locked Developing Countries (FAO),,2019,1.8514001
Land Locked Developing Countries (FAO),,2020,1.8891001
Land Locked Developing Countries (FAO),,2021,1.7486
Land Locked Developing Countries (FAO),,2022,1.9224001
Land Locked Developing Countries (FAO),,2023,1.7773001
Latvia,LVA,1992,2.5848002
Latvia,LVA,1993,2.0006
Latvia,LVA,1994,2.1078002
Latvia,LVA,1995,2.2235
Latvia,LVA,1996,2.3961003
Latvia,LVA,1997,2.5909
Latvia,LVA,1998,2.5533001
Latvia,LVA,1999,2.4103003
Latvia,LVA,2000,2.7034001
Latvia,LVA,2001,2.7080002
Latvia,LVA,2002,3.3844001
Latvia,LVA,2003,2.7914
Latvia,LVA,2004,2.9423
Latvia,LVA,2005,3.6099
Latvia,LVA,2006,2.7815
Latvia,LVA,2007,3.5944002
Latvia,LVA,2008,3.8566003
Latvia,LVA,2009,3.6276002
Latvia,LVA,2010,3.2849
Latvia,LVA,2011,3.0613003
Latvia,LVA,2012,4.3695
Latvia,LVA,2013,3.8857002
Latvia,LVA,2014,3.7474
Latvia,LVA,2015,5.0304003
Latvia,LVA,2016,4.3045
Latvia,LVA,2017,4.7869
Latvia,LVA,2018,3.4314
Latvia,LVA,2019,4.8123
Latvia,LVA,2020,5.3384004
Latvia,LVA,2021,4.4811
Latvia,LVA,2022,4.7245
Latvia,LVA,2023,4.0701003
Least Developed Countries (FAO),,1961,0.9351
Least Developed Countries (FAO),,1962,0.9074001
Least Developed Countries (FAO),,1963,0.81500006
Least Developed Countries (FAO),,1964,0.8911
Least Developed Countries (FAO),,1965,0.9013
Least Developed Countries (FAO),,1966,0.8439001
Least Developed Countries (FAO),,1967,0.9829001
Least Developed Countries (FAO),,1968,0.99850005
Least Developed Countries (FAO),,1969,1.0192001
Least Developed Countries (FAO),,1970,0.8989001
Least Developed Countries (FAO),,1971,0.81930006
Least Developed Countries (FAO),,1972,0.83190006
Least Developed Countries (FAO),,1973,1.0741
Least Developed Countries (FAO),,1974,1.0986
Least Developed Countries (FAO),,1975,1.1195
Least Developed Countries (FAO),,1976,1.1688001
Least Developed Countries (FAO),,1977,1.1374
Least Developed Countries (FAO),,1978,1.1730001
Least Developed Countries (FAO),,1979,1.1782
Least Developed Countries (FAO),,1980,1.2751
Least Developed Countries (FAO),,1981,1.3031
Least Developed Countries (FAO),,1982,1.2720001
Least Developed Countries (FAO),,1983,1.3857
Least Developed Countries (FAO),,1984,1.3629001
Least Developed Countries (FAO),,1985,1.3653
Least Developed Countries (FAO),,1986,1.2889001
Least Developed Countries (FAO),,1987,1.3740001
Least Developed Countries (FAO),,1988,1.2968001
Least Developed Countries (FAO),,1989,1.3183001
Least Developed Countries (FAO),,1990,1.2805
Least Developed Countries (FAO),,1991,1.2817
Least Developed Countries (FAO),,1992,1.3702
Least Developed Countries (FAO),,1993,1.2905
Least Developed Countries (FAO),,1994,1.2409
Least Developed Countries (FAO),,1995,1.3419001
Least Developed Countries (FAO),,1996,1.3636
Least Developed Countries (FAO),,1997,1.4792
Least Developed Countries (FAO),,1998,1.5413002
Least Developed Countries (FAO),,1999,1.4412
Least Developed Countries (FAO),,2000,1.2693001
Least Developed Countries (FAO),,2001,1.4187
Least Developed Countries (FAO),,2002,1.6776
Least Developed Countries (FAO),,2003,1.6368002
Least Developed Countries (FAO),,2004,1.5694001
Least Developed Countries (FAO),,2005,1.7976
Least Developed Countries (FAO),,2006,1.6017001
Least Developed Countries (FAO),,2007,1.8492
Least Developed Countries (FAO),,2008,1.5991
Least Developed Countries (FAO),,2009,1.8784001
Least Developed Countries (FAO),,2010,1.9490001
Least Developed Countries (FAO),,2011,1.8665001
Least Developed Countries (FAO),,2012,2.117
Least Developed Countries (FAO),,2013,2.2277
Least Developed Countries (FAO),,2014,2.2918003
Least Developed Countries (FAO),,2015,2.5208
Least Developed Countries (FAO),,2016,2.3042002
Least Developed Countries (FAO),,2017,2.4245002
Least Developed Countries (FAO),,2018,2.5249
Least Developed Countries (FAO),,2019,2.5232
Least Developed Countries (FAO),,2020,2.4733002
Least Developed Countries (FAO),,2021,2.5777001
Least Developed Countries (FAO),,2022,2.5883002
Least Developed Countries (FAO),,2023,2.6153002
Lebanon,LBN,1961,0.99560004
Lebanon,LBN,1962,1.0963001
Lebanon,LBN,1963,1.0909001
Lebanon,LBN,1964,0.85
Lebanon,LBN,1965,0.7199001
Lebanon,LBN,1966,1.0281
Lebanon,LBN,1967,1.0176
Lebanon,LBN,1968,0.7005
Lebanon,LBN,1969,0.763
Lebanon,LBN,1970,0.9042001
Lebanon,LBN,1971,0.84840006
Lebanon,LBN,1972,1.261
Lebanon,LBN,1973,1.1
Lebanon,LBN,1974,1.4529
Lebanon,LBN,1975,1.25
Lebanon,LBN,1976,1.0811
Lebanon,LBN,1977,1.1111001
Lebanon,LBN,1978,1
Lebanon,LBN,1979,0.88890004
Lebanon,LBN,1980,1.3333001
Lebanon,LBN,1981,1.2941
Lebanon,LBN,1982,1.2778001
Lebanon,LBN,1983,1.1111001
Lebanon,LBN,1984,1.2
Lebanon,LBN,1985,1.3235
Lebanon,LBN,1986,1.5000001
Lebanon,LBN,1987,1.95
Lebanon,LBN,1988,2.0002
Lebanon,LBN,1989,2.15
Lebanon,LBN,1990,1.9704001
Lebanon,LBN,1991,2.2299001
Lebanon,LBN,1992,2.2807
Lebanon,LBN,1993,2.2917001
Lebanon,LBN,1994,2.2244
Lebanon,LBN,1995,2.4765
Lebanon,LBN,1996,2.4726002
Lebanon,LBN,1997,1.6263001
Lebanon,LBN,1998,2.0667
Lebanon,LBN,1999,1.8814001
Lebanon,LBN,2000,2.7025
Lebanon,LBN,2001,3.1995
Lebanon,LBN,2002,2.7356002
Lebanon,LBN,2003,2.5389001
Lebanon,LBN,2004,2.9344
Lebanon,LBN,2005,2.903
Lebanon,LBN,2006,2.8998003
Lebanon,LBN,2007,2.2008002
Lebanon,LBN,2008,2.8798
Lebanon,LBN,2009,2.799
Lebanon,LBN,2010,2.7815
Lebanon,LBN,2011,2.9683
Lebanon,LBN,2012,3.1245
Lebanon,LBN,2013,3.2567
Lebanon,LBN,2014,3.8043003
Lebanon,LBN,2015,3.4750001
Lebanon,LBN,2016,3.1490002
Lebanon,LBN,2017,3.0156002
Lebanon,LBN,2018,3.2500002
Lebanon,LBN,2019,3.1707
Lebanon,LBN,2020,3.4146004
Lebanon,LBN,2021,2.2222002
Lebanon,LBN,2022,2.5
Lebanon,LBN,2023,2.5
Lesotho,LSO,1961,0.86480004
Lesotho,LSO,1962,0.7857
Lesotho,LSO,1963,0.7857
Lesotho,LSO,1964,0.77140003
Lesotho,LSO,1965,0.7163
Lesotho,LSO,1966,0.8146
Lesotho,LSO,1967,0.6812
Lesotho,LSO,1968,0.6503
Lesotho,LSO,1969,0.6271
Lesotho,LSO,1970,0.65610003
Lesotho,LSO,1971,0.6093
Lesotho,LSO,1972,0.22560002
Lesotho,LSO,1973,0.48000002
Lesotho,LSO,1974,0.74420005
Lesotho,LSO,1975,0.82250005
Lesotho,LSO,1976,0.799
Lesotho,LSO,1977,1.4728001
Lesotho,LSO,1978,1.3590001
Lesotho,LSO,1979,0.95250005
Lesotho,LSO,1980,0.97380006
Lesotho,LSO,1981,0.8525
Lesotho,LSO,1982,0.6053
Lesotho,LSO,1983,0.51060003
Lesotho,LSO,1984,0.58030003
Lesotho,LSO,1985,0.50820005
Lesotho,LSO,1986,0.5786
Lesotho,LSO,1987,0.67190003
Lesotho,LSO,1988,0.6433
Lesotho,LSO,1989,0.6804001
Lesotho,LSO,1990,0.8118
Lesotho,LSO,1991,0.19590001
Lesotho,LSO,1992,0.85800004
Lesotho,LSO,1993,0.73300004
Lesotho,LSO,1994,0.4199
Lesotho,LSO,1995,0.6166
Lesotho,LSO,1996,1.4108001
Lesotho,LSO,1997,1.6291001
Lesotho,LSO,1998,1.4810001
Lesotho,LSO,1999,0.73880005
Lesotho,LSO,2000,0.65470004
Lesotho,LSO,2001,2.0515
Lesotho,LSO,2002,0.71720004
Lesotho,LSO,2003,0.58790004
Lesotho,LSO,2004,0.6401
Lesotho,LSO,2005,0.72340006
Lesotho,LSO,2006,0.36020002
Lesotho,LSO,2007,0.2002
Lesotho,LSO,2008,0.1314
Lesotho,LSO,2009,0.23020001
Lesotho,LSO,2010,1.4693002
Lesotho,LSO,2011,0.9965001
Lesotho,LSO,2012,0.86410004
Lesotho,LSO,2013,1.2345
Lesotho,LSO,2014,0.9104001
Lesotho,LSO,2015,0.84990007
Lesotho,LSO,2016,0.59370005
Lesotho,LSO,2017,1.2934
Lesotho,LSO,2018,0.9391
Lesotho,LSO,2019,0.6248
Lesotho,LSO,2020,0.697
Lesotho,LSO,2021,0.4614
Lesotho,LSO,2022,0.81070006
Lesotho,LSO,2023,0.59840006
Libya,LBY,1961,0.2829
Libya,LBY,1962,0.21000001
Libya,LBY,1963,0.22730002
Libya,LBY,1964,0.1867
Libya,LBY,1965,0.3163
Libya,LBY,1966,0.2964
Libya,LBY,1967,0.27100003
Libya,LBY,1968,0.22850001
Libya,LBY,1969,0.2913
Libya,LBY,1970,0.1735
Libya,LBY,1971,0.3314
Libya,LBY,1972,0.379
Libya,LBY,1973,0.45200002
Libya,LBY,1974,0.2915
Libya,LBY,1975,0.37470004
Libya,LBY,1976,0.4488
Libya,LBY,1977,0.23840001
Libya,LBY,1978,0.37300003
Libya,LBY,1979,0.41670004
Libya,LBY,1980,0.5165
Libya,LBY,1981,0.57070005
Libya,LBY,1982,0.77690005
Libya,LBY,1983,0.8457
Libya,LBY,1984,0.7145
Libya,LBY,1985,0.74500006
Libya,LBY,1986,0.8636
Libya,LBY,1987,0.89820004
Libya,LBY,1988,0.83390003
Libya,LBY,1989,0.8097001
Libya,LBY,1990,1.2317001
Libya,LBY,1991,1.2381
Libya,LBY,1992,1.0202
Libya,LBY,1993,0.84000003
Libya,LBY,1994,0.7742
Libya,LBY,1995,0.7313
Libya,LBY,1996,0.72940004
Libya,LBY,1997,1.0090001
Libya,LBY,1998,0.87500006
Libya,LBY,1999,0.7879001
Libya,LBY,2000,0.77840006
Libya,LBY,2001,0.7569001
Libya,LBY,2002,0.7823
Libya,LBY,2003,0.76220006
Libya,LBY,2004,0.76850003
Libya,LBY,2005,0.7576
Libya,LBY,2006,0.7879001
Libya,LBY,2007,0.7879001
Libya,LBY,2008,0.7879001
Libya,LBY,2009,0.78950006
Libya,LBY,2010,0.77720004
Libya,LBY,2011,0.77300006
Libya,LBY,2012,0.7856
Libya,LBY,2013,0.785
Libya,LBY,2014,0.77250004
Libya,LBY,2015,0.76620007
Libya,LBY,2016,0.7587001
Libya,LBY,2017,0.753
Libya,LBY,2018,0.74920005
Libya,LBY,2019,0.77370006
Libya,LBY,2020,0.77150005
Libya,LBY,2021,0.77030003
Libya,LBY,2022,0.7656
Libya,LBY,2023,0.75850004
Lithuania,LTU,1992,2.9411001
Lithuania,LTU,1993,2.3718002
Lithuania,LTU,1994,2.0348
Lithuania,LTU,1995,2.4455001
Lithuania,LTU,1996,2.6926003
Lithuania,LTU,1997,3.0016003
Lithuania,LTU,1998,2.8671002
Lithuania,LTU,1999,2.6098
Lithuania,LTU,2000,3.3413002
Lithuania,LTU,2001,3.0559
Lithuania,LTU,2002,3.6335
Lithuania,LTU,2003,3.5783002
Lithuania,LTU,2004,4.0276003
Lithuania,LTU,2005,3.7332
Lithuania,LTU,2006,2.3554
Lithuania,LTU,2007,3.9219
Lithuania,LTU,2008,4.2689
Lithuania,LTU,2009,4.2004
Lithuania,LTU,2010,3.3045
Lithuania,LTU,2011,3.3919
Lithuania,LTU,2012,4.7829003
Lithuania,LTU,2013,4.3022003
Lithuania,LTU,2014,4.563
Lithuania,LTU,2015,5.2384
Lithuania,LTU,2016,4.3661003
Lithuania,LTU,2017,4.8247004
Lithuania,LTU,2018,3.6731002
Lithuania,LTU,2019,4.2912
Lithuania,LTU,2020,5.3931003
Lithuania,LTU,2021,4.5001
Lithuania,LTU,2022,4.735
Lithuania,LTU,2023,4.7383
Low Income Food Deficit Countries (FAO),,1961,0.8353
Low Income Food Deficit Countries (FAO),,1962,0.9179001
Low Income Food Deficit Countries (FAO),,1963,0.8028
Low Income Food Deficit Countries (FAO),,1964,0.855
Low Income Food Deficit Countries (FAO),,1965,0.90150005
Low Income Food Deficit Countries (FAO),,1966,0.81880003
Low Income Food Deficit Countries (FAO),,1967,0.96760005
Low Income Food Deficit Countries (FAO),,1968,0.9549001
Low Income Food Deficit Countries (FAO),,1969,0.9954001
Low Income Food Deficit Countries (FAO),,1970,0.8146
Low Income Food Deficit Countries (FAO),,1971,0.8155
Low Income Food Deficit Countries (FAO),,1972,0.95930004
Low Income Food Deficit Countries (FAO),,1973,0.915
Low Income Food Deficit Countries (FAO),,1974,1.1181
Low Income Food Deficit Countries (FAO),,1975,1.0916001
Low Income Food Deficit Countries (FAO),,1976,1.1864
Low Income Food Deficit Countries (FAO),,1977,1.0644001
Low Income Food Deficit Countries (FAO),,1978,1.1575
Low Income Food Deficit Countries (FAO),,1979,1.1198001
Low Income Food Deficit Countries (FAO),,1980,1.3437
Low Income Food Deficit Countries (FAO),,1981,1.3805001
Low Income Food Deficit Countries (FAO),,1982,1.2631
Low Income Food Deficit Countries (FAO),,1983,1.3127
Low Income Food Deficit Countries (FAO),,1984,1.1688001
Low Income Food Deficit Countries (FAO),,1985,1.2846
Low Income Food Deficit Countries (FAO),,1986,1.3875
Low Income Food Deficit Countries (FAO),,1987,1.3485
Low Income Food Deficit Countries (FAO),,1988,1.4269001
Low Income Food Deficit Countries (FAO),,1989,1.1894001
Low Income Food Deficit Countries (FAO),,1990,1.3898001
Low Income Food Deficit Countries (FAO),,1991,1.3931
Low Income Food Deficit Countries (FAO),,1992,1.6129001
Low Income Food Deficit Countries (FAO),,1993,1.6059
Low Income Food Deficit Countries (FAO),,1994,1.5397
Low Income Food Deficit Countries (FAO),,1995,1.7101
Low Income Food Deficit Countries (FAO),,1996,1.7171
Low Income Food Deficit Countries (FAO),,1997,1.6697
Low Income Food Deficit Countries (FAO),,1998,1.8965001
Low Income Food Deficit Countries (FAO),,1999,1.6874001
Low Income Food Deficit Countries (FAO),,2000,1.6049001
Low Income Food Deficit Countries (FAO),,2001,1.9991001
Low Income Food Deficit Countries (FAO),,2002,2.344
Low Income Food Deficit Countries (FAO),,2003,2.2410002
Low Income Food Deficit Countries (FAO),,2004,2.2132
Low Income Food Deficit Countries (FAO),,2005,2.3605
Low Income Food Deficit Countries (FAO),,2006,2.2944
Low Income Food Deficit Countries (FAO),,2007,2.3894
Low Income Food Deficit Countries (FAO),,2008,2.0447001
Low Income Food Deficit Countries (FAO),,2009,2.4674
Low Income Food Deficit Countries (FAO),,2010,2.4117
Low Income Food Deficit Countries (FAO),,2011,2.403
Low Income Food Deficit Countries (FAO),,2012,2.5046003
Low Income Food Deficit Countries (FAO),,2013,2.6249
Low Income Food Deficit Countries (FAO),,2014,2.5256002
Low Income Food Deficit Countries (FAO),,2015,2.8514001
Low Income Food Deficit Countries (FAO),,2016,2.5819001
Low Income Food Deficit Countries (FAO),,2017,2.5798001
Low Income Food Deficit Countries (FAO),,2018,2.5753002
Low Income Food Deficit Countries (FAO),,2019,2.7947001
Low Income Food Deficit Countries (FAO),,2020,2.7257001
Low Income Food Deficit Countries (FAO),,2021,2.6178002
Low Income Food Deficit Countries (FAO),,2022,2.7541003
Low Income Food Deficit Countries (FAO),,2023,2.9213002
Low-income countries,,1961,0.84300435
Low-income countries,,1962,0.9551936
Low-income countries,,1963,0.79941225
Low-income countries,,1964,0.8634038
Low-income countries,,1965,0.9205652
Low-income countries,,1966,0.8072861
Low-income countries,,1967,1.0119551
Low-income countries,,1968,0.9891258
Low-income countries,,1969,1.031339
Low-income countries,,1970,0.7669338
Low-income countries,,1971,0.77024746
Low-income countries,,1972,0.99353355
Low-income countries,,1973,0.877422
Low-income countries,,1974,1.1416304
Low-income countries,,1975,1.0918047
Low-income countries,,1976,1.1976638
Low-income countries,,1977,1.0083805
Low-income countries,,1978,1.1391602
Low-income countries,,1979,1.1075824
Low-income countries,,1980,1.3569525
Low-income countries,,1981,1.3881909
Low-income countries,,1982,1.2462564
Low-income countries,,1983,1.2429291
Low-income countries,,1984,1.1313701
Low-income countries,,1985,1.2765305
Low-income countries,,1986,1.4319255
Low-income countries,,1987,1.3358684
Low-income countries,,1988,1.4581772
Low-income countries,,1989,1.030279
Low-income countries,,1990,1.2876269
Low-income countries,,1991,1.3005667
Low-income countries,,1992,1.5624241
Low-income countries,,1993,1.6517173
Low-income countries,,1994,1.5222343
Low-income countries,,1995,1.6630027
Low-income countries,,1996,1.6110808
Low-income countries,,1997,1.4299545
Low-income countries,,1998,1.7029519
Low-income countries,,1999,1.3670069
Low-income countries,,2000,1.2182367
Low-income countries,,2001,1.6969703
Low-income countries,,2002,1.9849899
Low-income countries,,2003,1.8735873
Low-income countries,,2004,1.7577153
Low-income countries,,2005,1.9537716
Low-income countries,,2006,1.8370955
Low-income countries,,2007,1.9405602
Low-income countries,,2008,1.4119141
Low-income countries,,2009,2.0662193
Low-income countries,,2010,1.8924987
Low-income countries,,2011,1.94711
Low-income countries,,2012,2.0723772
Low-income countries,,2013,2.1811066
Low-income countries,,2014,2.056962
Low-income countries,,2015,2.4351227
Low-income countries,,2016,2.0748525
Low-income countries,,2017,2.1528537
Low-income countries,,2018,2.1436076
Low-income countries,,2019,2.3876474
Low-income countries,,2020,2.2812245
Low-income countries,,2021,2.1315324
Low-income countries,,2022,2.1943502
Low-income countries,,2023,2.436069
Lower-middle-income countries,,1961,0.8442565
Lower-middle-income countries,,1962,0.92048496
Lower-middle-income countries,,1963,0.8524647
Lower-middle-income countries,,1964,0.82560647
Lower-middle-income countries,,1965,0.9389516
Lower-middle-income countries,,1966,0.8381684
Lower-middle-income countries,,1967,0.888928
Lower-middle-income countries,,1968,1.1285056
Lower-middle-income countries,,1969,1.1226826
Lower-middle-income countries,,1970,1.1807523
Lower-middle-income countries,,1971,1.24952
Lower-middle-income countries,,1972,1.3255459
Lower-middle-income countries,,1973,1.2561183
Lower-middle-income countries,,1974,1.2062155
Lower-middle-income countries,,1975,1.3335745
Lower-middle-income countries,,1976,1.4055209
Lower-middle-income countries,,1977,1.3550833
Lower-middle-income countries,,1978,1.4310893
Lower-middle-income countries,,1979,1.5197386
Lower-middle-income countries,,1980,1.4649223
Lower-middle-income countries,,1981,1.5957407
Lower-middle-income countries,,1982,1.6605071
Lower-middle-income countries,,1983,1.7327875
Lower-middle-income countries,,1984,1.724268
Lower-middle-income countries,,1985,1.7883743
Lower-middle-income countries,,1986,1.9847984
Lower-middle-income countries,,1987,1.8034734
Lower-middle-income countries,,1988,1.9460845
Lower-middle-income countries,,1989,2.1065857
Lower-middle-income countries,,1990,2.020339
Lower-middle-income countries,,1991,2.1737902
Lower-middle-income countries,,1992,2.219863
Lower-middle-income countries,,1993,2.1673927
Lower-middle-income countries,,1994,2.2513242
Lower-middle-income countries,,1995,2.382128
Lower-middle-income countries,,1996,2.337168
Lower-middle-income countries,,1997,2.4479618
Lower-middle-income countries,,1998,2.4066682
Lower-middle-income countries,,1999,2.4293466
Lower-middle-income countries,,2000,2.5779953
Lower-middle-income countries,,2001,2.598048
Lower-middle-income countries,,2002,2.6528072
Lower-middle-income countries,,2003,2.5915368
Lower-middle-income countries,,2004,2.6774724
Lower-middle-income countries,,2005,2.6128852
Lower-middle-income countries,,2006,2.660273
Lower-middle-income countries,,2007,2.6879141
Lower-middle-income countries,,2008,2.7409859
Lower-middle-income countries,,2009,2.9095418
Lower-middle-income countries,,2010,2.8068302
Lower-middle-income countries,,2011,2.9734454
Lower-middle-income countries,,2012,3.0389972
Lower-middle-income countries,,2013,3.109517
Lower-middle-income countries,,2014,3.0775616
Lower-middle-income countries,,2015,2.8690405
Lower-middle-income countries,,2016,2.999204
Lower-middle-income countries,,2017,3.151148
Lower-middle-income countries,,2018,3.2692227
Lower-middle-income countries,,2019,3.3498352
Lower-middle-income countries,,2020,3.2554533
Lower-middle-income countries,,2021,3.4456675
Lower-middle-income countries,,2022,3.3793323
Lower-middle-income countries,,2023,3.4505808
Luxembourg,LUX,2000,5.5769
Luxembourg,LUX,2001,5.4984
Luxembourg,LUX,2002,5.9669003
Luxembourg,LUX,2003,6.1364
Luxembourg,LUX,2004,6.8241005
Luxembourg,LUX,2005,6.0153003
Luxembourg,LUX,2006,5.9694004
Luxembourg,LUX,2007,5.5990005
Luxembourg,LUX,2008,6.6617007
Luxembourg,LUX,2009,6.5677004
Luxembourg,LUX,2010,5.9586005
Luxembourg,LUX,2011,5.5290003
Luxembourg,LUX,2012,5.8665004
Luxembourg,LUX,2013,6.3676004
Luxembourg,LUX,2014,6.1541004
Luxembourg,LUX,2015,6.2825003
Luxembourg,LUX,2016,5.0744
Luxembourg,LUX,2017,5.4834003
Luxembourg,LUX,2018,6.1888003
Luxembourg,LUX,2019,6.1572003
Luxembourg,LUX,2020,6.0687003
Luxembourg,LUX,2021,5.9161005
Luxembourg,LUX,2022,6.3294
Luxembourg,LUX,2023,5.8027005
Madagascar,MDG,1976,1.4943001
Madagascar,MDG,1977,1.4907
Madagascar,MDG,1978,1.6154001
Madagascar,MDG,1979,1.7927
Madagascar,MDG,1980,1.6150001
Madagascar,MDG,1981,1.6484001
Madagascar,MDG,1982,1.5000001
Madagascar,MDG,1983,1.5000001
Madagascar,MDG,1984,1.5000001
Madagascar,MDG,1985,1.5000001
Madagascar,MDG,1986,1.5425
Madagascar,MDG,1987,1.7831
Madagascar,MDG,1988,1.6667
Madagascar,MDG,1989,1.6667
Madagascar,MDG,1990,2
Madagascar,MDG,1991,2.25
Madagascar,MDG,1992,2.5
Madagascar,MDG,1993,2.6667001
Madagascar,MDG,1994,2
Madagascar,MDG,1995,2
Madagascar,MDG,1996,2
Madagascar,MDG,1997,2.5
Madagascar,MDG,1998,2.5
Madagascar,MDG,1999,2.3672001
Madagascar,MDG,2000,2.3574
Madagascar,MDG,2001,2.381
Madagascar,MDG,2002,2.3521001
Madagascar,MDG,2003,2.3479
Madagascar,MDG,2004,2.3449001
Madagascar,MDG,2005,2.3394
Madagascar,MDG,2006,2.3256001
Madagascar,MDG,2007,2.4444
Madagascar,MDG,2008,2.381
Madagascar,MDG,2009,2.3814
Madagascar,MDG,2010,2.3923001
Madagascar,MDG,2011,2.3889
Madagascar,MDG,2012,2.3955002
Madagascar,MDG,2013,2.4022
Madagascar,MDG,2014,2.3955002
Madagascar,MDG,2015,2.3939
Madagascar,MDG,2016,2.3958
Madagascar,MDG,2017,2.3994
Madagascar,MDG,2018,2.4025002
Madagascar,MDG,2019,2.404
Madagascar,MDG,2020,2.404
Madagascar,MDG,2021,2.4007
Madagascar,MDG,2022,2.4032001
Madagascar,MDG,2023,2.4057
Malawi,MWI,1961,1.5000001
Malawi,MWI,1962,1.5000001
Malawi,MWI,1963,1.6182001
Malawi,MWI,1964,1.5000001
Malawi,MWI,1965,2
Malawi,MWI,1966,2.0367
Malawi,MWI,1967,2.5467
Malawi,MWI,1968,2.1000001
Malawi,MWI,1969,2.2167
Malawi,MWI,1970,2.5914
Malawi,MWI,1971,2.2167
Malawi,MWI,1972,2.1375
Malawi,MWI,1973,2.0167
Malawi,MWI,1974,2.0923002
Malawi,MWI,1975,2.1167
Malawi,MWI,1976,2.0886002
Malawi,MWI,1977,2.035
Malawi,MWI,1978,2.5
Malawi,MWI,1979,1.25
Malawi,MWI,1980,1.25
Malawi,MWI,1981,0.9556
Malawi,MWI,1982,1
Malawi,MWI,1983,0.33290002
Malawi,MWI,1984,0.83030003
Malawi,MWI,1985,0.69890004
Malawi,MWI,1986,0.8506
Malawi,MWI,1987,0.661
Malawi,MWI,1988,0.72080004
Malawi,MWI,1989,0.66980004
Malawi,MWI,1990,0.7735
Malawi,MWI,1991,0.587
Malawi,MWI,1992,0.4239
Malawi,MWI,1993,0.63060004
Malawi,MWI,1994,0.2244
Malawi,MWI,1995,0.6865
Malawi,MWI,1996,0.8619001
Malawi,MWI,1997,0.5896
Malawi,MWI,1998,0.7418
Malawi,MWI,1999,0.78770006
Malawi,MWI,2000,0.7968
Malawi,MWI,2001,0.8989001
Malawi,MWI,2002,0.55880004
Malawi,MWI,2003,0.75100005
Malawi,MWI,2004,0.7537001
Malawi,MWI,2005,0.87070006
Malawi,MWI,2006,1.2071
Malawi,MWI,2007,2.2968001
Malawi,MWI,2008,1.6133001
Malawi,MWI,2009,1.5006001
Malawi,MWI,2010,1.5123001
Malawi,MWI,2011,1.5214001
Malawi,MWI,2012,1.5104
Malawi,MWI,2013,1.4058001
Malawi,MWI,2014,1.2262
Malawi,MWI,2015,1.279
Malawi,MWI,2016,1.1116
Malawi,MWI,2017,1.2273
Malawi,MWI,2018,1.2314001
Malawi,MWI,2019,0.79050004
Malawi,MWI,2020,1.2650001
Malawi,MWI,2021,1
Malawi,MWI,2022,1
Malawi,MWI,2023,1
Mali,MLI,1961,1.5000001
Mali,MLI,1962,1.4000001
Mali,MLI,1963,1.3043001
Mali,MLI,1964,1.1111001
Mali,MLI,1965,1.1111001
Mali,MLI,1966,1.3333001
Mali,MLI,1967,1.3333001
Mali,MLI,1968,1.3333001
Mali,MLI,1969,1.3333001
Mali,MLI,1970,1.3333001
Mali,MLI,1971,1.3333001
Mali,MLI,1972,1.3333001
Mali,MLI,1973,1.3333001
Mali,MLI,1974,1.3333001
Mali,MLI,1975,1.3333001
Mali,MLI,1976,1.3333001
Mali,MLI,1977,1.3333001
Mali,MLI,1978,1.3333001
Mali,MLI,1979,1.3333001
Mali,MLI,1980,1.3333001
Mali,MLI,1981,1.3333001
Mali,MLI,1982,1
Mali,MLI,1983,1
Mali,MLI,1984,1
Mali,MLI,1985,1.8095001
Mali,MLI,1986,0.67620003
Mali,MLI,1987,1.2370001
Mali,MLI,1988,1.5108001
Mali,MLI,1989,1.3053001
Mali,MLI,1990,1.1991
Mali,MLI,1991,2
Mali,MLI,1992,1.3987
Mali,MLI,1993,3.0909
Mali,MLI,1994,1.6278001
Mali,MLI,1995,2.104
Mali,MLI,1996,1.9658002
Mali,MLI,1997,1.2752
Mali,MLI,1998,2.4925
Mali,MLI,1999,2.1696002
Mali,MLI,2000,2.3515
Mali,MLI,2001,2.5237
Mali,MLI,2002,2.5687
Mali,MLI,2003,2.4489
Mali,MLI,2004,2.5296001
Mali,MLI,2005,2.2001002
Mali,MLI,2006,2.4025002
Mali,MLI,2007,2.5029001
Mali,MLI,2008,2.4409
Mali,MLI,2009,2.9665
Mali,MLI,2010,2.5543
Mali,MLI,2011,3.4378002
Mali,MLI,2012,4.0285
Mali,MLI,2013,3.9754002
Mali,MLI,2014,4.4420004
Mali,MLI,2015,3.9401002
Mali,MLI,2016,8.9273
Mali,MLI,2017,6.2311006
Mali,MLI,2018,3.5419002
Mali,MLI,2019,1.9301001
Mali,MLI,2020,5.3034
Mali,MLI,2021,3.0000002
Mali,MLI,2022,4.6017003
Mali,MLI,2023,5.6344004
Malta,MLT,1961,1.3746
Malta,MLT,1962,1.3746
Malta,MLT,1963,1.6005001
Malta,MLT,1964,1.4789001
Malta,MLT,1965,1.6015
Malta,MLT,1966,1.5029001
Malta,MLT,1967,1.4322001
Malta,MLT,1968,1.006
Malta,MLT,1969,1.3801
Malta,MLT,1970,1.4859
Malta,MLT,1971,2.1088002
Malta,MLT,1972,2.2893002
Malta,MLT,1973,2.3004
Malta,MLT,1974,1.8388002
Malta,MLT,1975,2.2026002
Malta,MLT,1976,2.7782001
Malta,MLT,1977,3.4437
Malta,MLT,1978,2.8062
Malta,MLT,1979,2.7262
Malta,MLT,1980,3.4872
Malta,MLT,1981,3.9104002
Malta,MLT,1982,4.3315
Malta,MLT,1983,3.9702
Malta,MLT,1984,3.6496003
Malta,MLT,1985,3.7707002
Malta,MLT,1986,3.8462002
Malta,MLT,1987,3.6923003
Malta,MLT,1988,3.6154
Malta,MLT,1989,3.7500002
Malta,MLT,1990,3.8341002
Malta,MLT,1991,3.6429
Malta,MLT,1992,3.4375002
Malta,MLT,1993,2.9
Malta,MLT,1994,2.7273002
Malta,MLT,1995,2.6250002
Malta,MLT,1996,3.8182
Malta,MLT,1997,4.1073
Malta,MLT,1998,3.9161003
Malta,MLT,1999,3.9576004
Malta,MLT,2000,4.0134
Malta,MLT,2001,4
Malta,MLT,2002,5
Malta,MLT,2003,4
Malta,MLT,2004,4.1048
Malta,MLT,2005,4.1579003
Malta,MLT,2006,4.0385003
Malta,MLT,2007,4.2857003
Malta,MLT,2008,4.8333
Malta,MLT,2009,4.9286003
Malta,MLT,2010,4.8011003
Malta,MLT,2011,4.7687006
Malta,MLT,2012,4.7439003
Malta,MLT,2013,4.7780004
Malta,MLT,2014,4.8777003
Malta,MLT,2015,4.992
Malta,MLT,2016,4.9826
Malta,MLT,2017,5.0311003
Mauritania,MRT,1961,0.2222
Mauritania,MRT,1962,0.2222
Mauritania,MRT,1963,0.21110001
Mauritania,MRT,1964,0.2
Mauritania,MRT,1965,0.2222
Mauritania,MRT,1966,0.6061
Mauritania,MRT,1967,0.6053
Mauritania,MRT,1968,0.6053
Mauritania,MRT,1969,0.6316
Mauritania,MRT,1970,0.6316
Mauritania,MRT,1971,0.6452
Mauritania,MRT,1972,0.5556
Mauritania,MRT,1973,0.5
Mauritania,MRT,1974,0.5
Mauritania,MRT,1975,0.4839
Mauritania,MRT,1976,0.59520006
Mauritania,MRT,1977,0.75000006
Mauritania,MRT,1978,0.52940005
Mauritania,MRT,1979,0.5
Mauritania,MRT,1980,0.52500004
Mauritania,MRT,1981,0.66670007
Mauritania,MRT,1982,0.68890005
Mauritania,MRT,1983,0.69570005
Mauritania,MRT,1984,1
Mauritania,MRT,1985,1
Mauritania,MRT,1986,1
Mauritania,MRT,1987,1.0196
Mauritania,MRT,1988,1.0352
Mauritania,MRT,1989,1.0547
Mauritania,MRT,1990,1.0769001
Mauritania,MRT,1991,1.2
Mauritania,MRT,1992,1.2340001
Mauritania,MRT,1993,1
Mauritania,MRT,1994,1.2169001
Mauritania,MRT,1995,1.2893001
Mauritania,MRT,1996,1.3188001
Mauritania,MRT,1997,1
Mauritania,MRT,1998,1.4165001
Mauritania,MRT,1999,1.5088001
Mauritania,MRT,2000,1.5464001
Mauritania,MRT,2001,1.6005001
Mauritania,MRT,2002,1.6731001
Mauritania,MRT,2003,1.6667
Mauritania,MRT,2004,2.4906
Mauritania,MRT,2005,2
Mauritania,MRT,2006,2.1026
Mauritania,MRT,2007,2
Mauritania,MRT,2008,2
Mauritania,MRT,2009,1.978
Mauritania,MRT,2010,2.082
Mauritania,MRT,2011,1.6018001
Mauritania,MRT,2012,2.1278002
Mauritania,MRT,2013,2.1172001
Mauritania,MRT,2014,2.0203001
Mauritania,MRT,2015,2.0143
Mauritania,MRT,2016,2.1504
Mauritania,MRT,2017,2.1288002
Mauritania,MRT,2018,2.1327
Mauritania,MRT,2019,2.1486
Mauritania,MRT,2020,2.1919
Mauritania,MRT,2021,2.1629
Mauritania,MRT,2022,2.1745
Mauritania,MRT,2023,2.186
Melanesia,OWID_MNS,1961,2.5
Melanesia,OWID_MNS,1962,2.5
Melanesia,OWID_MNS,1963,2.5
Melanesia,OWID_MNS,1964,2.5
Melanesia,OWID_MNS,1965,2.5
Melanesia,OWID_MNS,1966,2.5
Melanesia,OWID_MNS,1967,3.0000002
Melanesia,OWID_MNS,1968,2.6875002
Melanesia,OWID_MNS,1969,2.9
Melanesia,OWID_MNS,1970,2.8571002
Melanesia,OWID_MNS,1971,1.3333001
Melanesia,OWID_MNS,1972,2.5
Melanesia,OWID_MNS,1973,3.3500001
Melanesia,OWID_MNS,1974,3.2500002
Melanesia,OWID_MNS,1975,3.0000002
Melanesia,OWID_MNS,1976,2
Melanesia,OWID_MNS,1977,2
Melanesia,OWID_MNS,1978,2.2222002
Melanesia,OWID_MNS,1979,1.2069001
Melanesia,OWID_MNS,1980,1.0638001
Melanesia,OWID_MNS,1981,1.3978001
Melanesia,OWID_MNS,1982,1.6246
Melanesia,OWID_MNS,1983,0.82470006
Melanesia,OWID_MNS,1984,0.73270005
Melanesia,OWID_MNS,1985,1.835
Melanesia,OWID_MNS,1986,1.8392
Melanesia,OWID_MNS,1987,1.5000001
Melanesia,OWID_MNS,1988,1.32
Melanesia,OWID_MNS,1989,1.13
Melanesia,OWID_MNS,1990,0.73170006
Melanesia,OWID_MNS,1991,1.3812001
Melanesia,OWID_MNS,1992,2.0273001
Melanesia,OWID_MNS,1993,1.8519001
Melanesia,OWID_MNS,1994,1.9571
Melanesia,OWID_MNS,1995,1.94
Melanesia,OWID_MNS,1996,1.8730001
Melanesia,OWID_MNS,1997,1.8889002
Melanesia,OWID_MNS,1998,1.9750001
Melanesia,OWID_MNS,1999,1.7500001
Melanesia,OWID_MNS,2001,1.8500001
Melanesia,OWID_MNS,2003,1.9000001
Melanesia,OWID_MNS,2004,1.8945001
Melanesia,OWID_MNS,2005,1.8932
Melanesia,OWID_MNS,2012,1.9150001
Melanesia,OWID_MNS,2013,1.9194001
Melanesia,OWID_MNS,2015,0.70220006
Melanesia,OWID_MNS,2016,0.65430003
Melanesia,OWID_MNS,2017,0.60170007
Melanesia,OWID_MNS,2018,0.5224
Melanesia,OWID_MNS,2019,0.5928
Melanesia,OWID_MNS,2020,0.5094
Melanesia,OWID_MNS,2021,0.5618
Melanesia,OWID_MNS,2022,0.5503
Melanesia,OWID_MNS,2023,0.53770006
Mexico,MEX,1961,1.6758001
Mexico,MEX,1962,1.9462
Mexico,MEX,1963,2.0788002
Mexico,MEX,1964,2.6922002
Mexico,MEX,1965,2.5055
Mexico,MEX,1966,2.2542
Mexico,MEX,1967,2.7267
Mexico,MEX,1968,2.6317
Mexico,MEX,1969,2.7649
Mexico,MEX,1970,3.0202
Mexico,MEX,1971,2.9810002
Mexico,MEX,1972,2.6345
Mexico,MEX,1973,3.2646003
Mexico,MEX,1974,3.6022
Mexico,MEX,1975,3.5956004
Mexico,MEX,1976,3.7615001
Mexico,MEX,1977,3.4644
Mexico,MEX,1978,3.6663003
Mexico,MEX,1979,3.9138002
Mexico,MEX,1980,3.8476002
Mexico,MEX,1981,3.7141004
Mexico,MEX,1982,4.3563
Mexico,MEX,1983,4.0410004
Mexico,MEX,1984,4.3577003
Mexico,MEX,1985,4.2843
Mexico,MEX,1986,3.9671004
Mexico,MEX,1987,4.4686003
Mexico,MEX,1988,4.0154
Mexico,MEX,1989,3.8235002
Mexico,MEX,1990,4.2143
Mexico,MEX,1991,4.1272006
Mexico,MEX,1992,3.953
Mexico,MEX,1993,4.0821004
Mexico,MEX,1994,4.3034
Mexico,MEX,1995,3.732
Mexico,MEX,1996,4.1706004
Mexico,MEX,1997,4.7347
Mexico,MEX,1998,4.2077003
Mexico,MEX,1999,4.631
Mexico,MEX,2000,4.9355
Mexico,MEX,2001,4.7661004
Mexico,MEX,2002,5.0999002
Mexico,MEX,2003,4.4912004
Mexico,MEX,2004,4.4871
Mexico,MEX,2005,4.7517004
Mexico,MEX,2006,5.2274003
Mexico,MEX,2007,5.0824003
Mexico,MEX,2008,5.0134
Mexico,MEX,2009,4.9688
Mexico,MEX,2010,5.4185004
Mexico,MEX,2011,5.4778
Mexico,MEX,2012,5.6568003
Mexico,MEX,2013,5.2934003
Mexico,MEX,2014,5.1935
Mexico,MEX,2015,4.5256004
Mexico,MEX,2016,5.3388
Mexico,MEX,2017,5.2967005
Mexico,MEX,2018,5.4373
Mexico,MEX,2019,5.5308
Mexico,MEX,2020,5.3212004
Mexico,MEX,2021,5.9944
Mexico,MEX,2022,6.0603
Mexico,MEX,2023,6.2031
Middle Africa (FAO),,1961,1.0571
Middle Africa (FAO),,1962,1.1027
Middle Africa (FAO),,1963,1.1225001
Middle Africa (FAO),,1964,0.9965001
Middle Africa (FAO),,1965,1.1546
Middle Africa (FAO),,1966,1.171
Middle Africa (FAO),,1967,1.3995
Middle Africa (FAO),,1968,1.2789
Middle Africa (FAO),,1969,1.1033001
Middle Africa (FAO),,1970,0.9013
Middle Africa (FAO),,1971,0.95680004
Middle Africa (FAO),,1972,1.1570001
Middle Africa (FAO),,1973,1.0633001
Middle Africa (FAO),,1974,1.3522
Middle Africa (FAO),,1975,1.0859001
Middle Africa (FAO),,1976,1.0300001
Middle Africa (FAO),,1977,0.76180005
Middle Africa (FAO),,1978,0.7153
Middle Africa (FAO),,1979,0.7473
Middle Africa (FAO),,1980,0.8003
Middle Africa (FAO),,1981,0.82690006
Middle Africa (FAO),,1982,0.82290006
Middle Africa (FAO),,1983,0.76640004
Middle Africa (FAO),,1984,0.61620003
Middle Africa (FAO),,1985,0.7881
Middle Africa (FAO),,1986,1.039
Middle Africa (FAO),,1987,0.9129001
Middle Africa (FAO),,1988,0.9250001
Middle Africa (FAO),,1989,0.91850007
Middle Africa (FAO),,1990,0.9718
Middle Africa (FAO),,1991,0.99160004
Middle Africa (FAO),,1992,1.1963001
Middle Africa (FAO),,1993,1.2384001
Middle Africa (FAO),,1994,1.3138001
Middle Africa (FAO),,1995,1.2155001
Middle Africa (FAO),,1996,1.4011
Middle Africa (FAO),,1997,1.5173001
Middle Africa (FAO),,1998,1.5145
Middle Africa (FAO),,1999,1.3962001
Middle Africa (FAO),,2000,1.3920001
Middle Africa (FAO),,2001,1.399
Middle Africa (FAO),,2002,1.47
Middle Africa (FAO),,2003,1.2959001
Middle Africa (FAO),,2004,1.2738001
Middle Africa (FAO),,2005,1.2709001
Middle Africa (FAO),,2006,1.1601
Middle Africa (FAO),,2007,1.3800001
Middle Africa (FAO),,2008,1.3613001
Middle Africa (FAO),,2009,1.3341
Middle Africa (FAO),,2010,1.2858001
Middle Africa (FAO),,2011,1.0599
Middle Africa (FAO),,2012,1.5270001
Middle Africa (FAO),,2013,1.2907
Middle Africa (FAO),,2014,1.1893001
Middle Africa (FAO),,2015,1.1886001
Middle Africa (FAO),,2016,1.2103001
Middle Africa (FAO),,2017,1.1825
Middle Africa (FAO),,2018,1.1854001
Middle Africa (FAO),,2019,1.1075001
Middle Africa (FAO),,2020,0.97480005
Middle Africa (FAO),,2021,1.0622
Middle Africa (FAO),,2022,1.0625
Middle Africa (FAO),,2023,1.0087
Moldova,MDA,1992,3.2868001
Moldova,MDA,1993,4.026
Moldova,MDA,1994,2.193
Moldova,MDA,1995,3.2427
Moldova,MDA,1996,2.0592
Moldova,MDA,1997,3.2794
Moldova,MDA,1998,2.6714
Moldova,MDA,1999,2.3423002
Moldova,MDA,2000,1.9512
Moldova,MDA,2001,2.7133002
Moldova,MDA,2002,2.5068002
Moldova,MDA,2003,2.5261002
Moldova,MDA,2004,2.7386003
Moldova,MDA,2005,2.5989
Moldova,MDA,2006,2.3196
Moldova,MDA,2007,1.2925
Moldova,MDA,2008,3.1244001
Moldova,MDA,2009,2.0988002
Moldova,MDA,2010,2.2872
Moldova,MDA,2011,2.6376002
Moldova,MDA,2012,1.5760001
Moldova,MDA,2013,2.7551003
Moldova,MDA,2014,3.1667001
Moldova,MDA,2015,2.6729
Moldova,MDA,2016,3.4869
Moldova,MDA,2017,3.7309
Moldova,MDA,2018,3.1251001
Moldova,MDA,2019,3.2596002
Moldova,MDA,2020,1.8970001
Moldova,MDA,2021,4.6014
Moldova,MDA,2022,2.5802
Moldova,MDA,2023,4.1330004
Mongolia,MNG,1961,0.36850002
Mongolia,MNG,1962,0.9013
Mongolia,MNG,1963,0.83620006
Mongolia,MNG,1964,0.9416
Mongolia,MNG,1965,0.80390006
Mongolia,MNG,1966,0.6618
Mongolia,MNG,1967,0.8401
Mongolia,MNG,1968,0.54340005
Mongolia,MNG,1969,0.3285
Mongolia,MNG,1970,0.71900004
Mongolia,MNG,1971,0.9502001
Mongolia,MNG,1972,0.5404
Mongolia,MNG,1973,1.1062
Mongolia,MNG,1974,0.82030004
Mongolia,MNG,1975,1.1573001
Mongolia,MNG,1976,0.86420006
Mongolia,MNG,1977,0.906
Mongolia,MNG,1978,0.67230004
Mongolia,MNG,1979,0.56740004
Mongolia,MNG,1980,0.56320006
Mongolia,MNG,1981,0.7213
Mongolia,MNG,1982,1.0211
Mongolia,MNG,1983,1.4579
Mongolia,MNG,1984,0.99920005
Mongolia,MNG,1985,1.4282
Mongolia,MNG,1986,1.4203001
Mongolia,MNG,1987,1.1615001
Mongolia,MNG,1988,1.3709
Mongolia,MNG,1989,1.3009001
Mongolia,MNG,1990,1.1187
Mongolia,MNG,1991,1.0145
Mongolia,MNG,1992,0.8611
Mongolia,MNG,1993,0.9038
Mongolia,MNG,1994,0.74950004
Mongolia,MNG,1995,0.7366
Mongolia,MNG,1996,0.6628
Mongolia,MNG,1997,0.76140004
Mongolia,MNG,1998,0.6371
Mongolia,MNG,1999,0.6104001
Mongolia,MNG,2000,0.77680004
Mongolia,MNG,2001,0.72
Mongolia,MNG,2002,0.5898
Mongolia,MNG,2003,0.7914001
Mongolia,MNG,2004,0.8072001
Mongolia,MNG,2005,0.47750002
Mongolia,MNG,2006,1.0830001
Mongolia,MNG,2007,0.93920004
Mongolia,MNG,2008,1.3987
Mongolia,MNG,2009,1.5593001
Mongolia,MNG,2010,1.3805001
Mongolia,MNG,2011,1.4961001
Mongolia,MNG,2012,1.565
Mongolia,MNG,2013,1.3369001
Mongolia,MNG,2014,1.6980001
Mongolia,MNG,2015,0.57170004
Mongolia,MNG,2016,1.3154001
Mongolia,MNG,2017,0.8538
Mongolia,MNG,2018,1.4164001
Mongolia,MNG,2019,1.2815001
Mongolia,MNG,2020,1.2351
Mongolia,MNG,2021,1.4427
Mongolia,MNG,2022,1.1228001
Mongolia,MNG,2023,1.3204001
Montenegro,MNE,2006,3.0903
Montenegro,MNE,2007,2.4026003
Montenegro,MNE,2008,3.5016003
Montenegro,MNE,2009,3.5981002
Montenegro,MNE,2010,3.4029
Montenegro,MNE,2011,3.2024
Montenegro,MNE,2012,2.7984
Montenegro,MNE,2013,3.4357002
Montenegro,MNE,2014,2.9215002
Montenegro,MNE,2015,2.8682
Montenegro,MNE,2016,3.1506002
Montenegro,MNE,2017,3.2135003
Montenegro,MNE,2018,3.2088003
Montenegro,MNE,2019,2.7883003
Montenegro,MNE,2020,3.0463002
Montenegro,MNE,2021,2.8463001
Montenegro,MNE,2022,2.7067
Montenegro,MNE,2023,2.9473002
Morocco,MAR,1961,0.4528
Morocco,MAR,1962,1.0274
Morocco,MAR,1963,0.87270004
Morocco,MAR,1964,0.9412001
Morocco,MAR,1965,0.95180005
Morocco,MAR,1966,0.61010003
Morocco,MAR,1967,0.73990005
Morocco,MAR,1968,1.3214
Morocco,MAR,1969,0.74990004
Morocco,MAR,1970,0.9516
Morocco,MAR,1971,1.0908
Morocco,MAR,1972,1.0813001
Morocco,MAR,1973,0.77180004
Morocco,MAR,1974,0.9666
Morocco,MAR,1975,0.9312
Morocco,MAR,1976,1.1391001
Morocco,MAR,1977,0.6345
Morocco,MAR,1978,1.0701001
Morocco,MAR,1979,1.0843
Morocco,MAR,1980,1.0562
Morocco,MAR,1981,0.5416
Morocco,MAR,1982,1.2952
Morocco,MAR,1983,0.9971
Morocco,MAR,1984,1.072
Morocco,MAR,1985,1.245
Morocco,MAR,1986,1.7138001
Morocco,MAR,1987,1.0608001
Morocco,MAR,1988,1.7352
Morocco,MAR,1989,1.4934001
Morocco,MAR,1990,1.3290001
Morocco,MAR,1991,1.8699001
Morocco,MAR,1992,0.7011
Morocco,MAR,1993,0.6808
Morocco,MAR,1994,1.8111
Morocco,MAR,1995,0.5543
Morocco,MAR,1996,1.8415
Morocco,MAR,1997,0.92920005
Morocco,MAR,1998,1.4184
Morocco,MAR,1999,0.8004001
Morocco,MAR,2000,0.4758
Morocco,MAR,2001,1.228
Morocco,MAR,2002,1.2793001
Morocco,MAR,2003,1.7220001
Morocco,MAR,2004,1.8082
Morocco,MAR,2005,1.0261
Morocco,MAR,2006,2.0365002
Morocco,MAR,2007,0.6154001
Morocco,MAR,2008,1.3189001
Morocco,MAR,2009,2.1398
Morocco,MAR,2010,1.7095001
Morocco,MAR,2011,1.9488001
Morocco,MAR,2012,1.2342
Morocco,MAR,2013,2.164
Morocco,MAR,2014,1.7132
Morocco,MAR,2015,2.4664
Morocco,MAR,2016,1.1315
Morocco,MAR,2017,2.0953002
Morocco,MAR,2018,2.5752
Morocco,MAR,2019,1.6063001
Morocco,MAR,2020,0.90040004
Morocco,MAR,2021,2.6335
Morocco,MAR,2022,1.1114001
Morocco,MAR,2023,1.7083001
Mozambique,MOZ,1961,0.7652
Mozambique,MOZ,1962,0.78950006
Mozambique,MOZ,1963,0.9524001
Mozambique,MOZ,1964,0.70180005
Mozambique,MOZ,1965,1
Mozambique,MOZ,1966,1.1
Mozambique,MOZ,1967,0.86240005
Mozambique,MOZ,1968,0.92020005
Mozambique,MOZ,1969,0.86670005
Mozambique,MOZ,1970,0.92020005
Mozambique,MOZ,1971,1.0462
Mozambique,MOZ,1972,1
Mozambique,MOZ,1973,1.3333001
Mozambique,MOZ,1974,1
Mozambique,MOZ,1975,1
Mozambique,MOZ,1976,0.6
Mozambique,MOZ,1977,0.4
Mozambique,MOZ,1978,0.6
Mozambique,MOZ,1979,0.6308
Mozambique,MOZ,1980,1
Mozambique,MOZ,1981,1.8182
Mozambique,MOZ,1982,1.6
Mozambique,MOZ,1983,1.5000001
Mozambique,MOZ,1984,1.5000001
Mozambique,MOZ,1985,1.25
Mozambique,MOZ,1986,1.25
Mozambique,MOZ,1987,0.75000006
Mozambique,MOZ,1988,1.25
Mozambique,MOZ,1989,1.25
Mozambique,MOZ,1990,1.8001001
Mozambique,MOZ,1991,1.5000001
Mozambique,MOZ,1992,1.1111001
Mozambique,MOZ,1993,1.1613001
Mozambique,MOZ,1994,1.1464001
Mozambique,MOZ,1995,1.1401
Mozambique,MOZ,1996,1.1356
Mozambique,MOZ,1997,1.1328001
Mozambique,MOZ,1998,1.1337
Mozambique,MOZ,1999,1.1372
Mozambique,MOZ,2000,1
Mozambique,MOZ,2001,1
Mozambique,MOZ,2002,1.0385001
Mozambique,MOZ,2003,1.1875
Mozambique,MOZ,2004,1.087
Mozambique,MOZ,2005,1.1071
Mozambique,MOZ,2006,1.2353001
Mozambique,MOZ,2007,1.1765001
Mozambique,MOZ,2008,1.25
Mozambique,MOZ,2009,1.25
Mozambique,MOZ,2010,1.3367
Mozambique,MOZ,2011,1.7042
Mozambique,MOZ,2012,0.9958
Mozambique,MOZ,2013,1.0951
Mozambique,MOZ,2014,1.09
Mozambique,MOZ,2015,1.0787
Mozambique,MOZ,2016,1.0938001
Mozambique,MOZ,2017,1.1032
Mozambique,MOZ,2018,1.1327
Mozambique,MOZ,2019,1.125
Mozambique,MOZ,2020,1.1538001
Mozambique,MOZ,2021,1.1538001
Mozambique,MOZ,2022,1
Mozambique,MOZ,2023,1
Myanmar,MMR,1961,0.3078
Myanmar,MMR,1962,0.4124
Myanmar,MMR,1963,0.55820006
Myanmar,MMR,1964,0.67620003
Myanmar,MMR,1965,0.6445
Myanmar,MMR,1966,0.63440007
Myanmar,MMR,1967,0.4979
Myanmar,MMR,1968,0.5763
Myanmar,MMR,1969,0.4684
Myanmar,MMR,1970,0.555
Myanmar,MMR,1971,0.6243
Myanmar,MMR,1972,0.54990005
Myanmar,MMR,1973,0.5479
Myanmar,MMR,1974,0.45550004
Myanmar,MMR,1975,0.74520004
Myanmar,MMR,1976,0.6526
Myanmar,MMR,1977,0.8783
Myanmar,MMR,1978,1.0256001
Myanmar,MMR,1979,0.5037
Myanmar,MMR,1980,1.1064001
Myanmar,MMR,1981,1.11
Myanmar,MMR,1982,1.3341
Myanmar,MMR,1983,1.263
Myanmar,MMR,1984,1.5942
Myanmar,MMR,1985,1.7431
Myanmar,MMR,1986,1.713
Myanmar,MMR,1987,1.7300001
Myanmar,MMR,1988,1.3097
Myanmar,MMR,1989,1.0737
Myanmar,MMR,1990,0.95440006
Myanmar,MMR,1991,0.95790005
Myanmar,MMR,1992,0.93890005
Myanmar,MMR,1993,0.9334001
Myanmar,MMR,1994,0.8209001
Myanmar,MMR,1995,0.8424001
Myanmar,MMR,1996,0.9463
Myanmar,MMR,1997,1.0328001
Myanmar,MMR,1998,0.9592001
Myanmar,MMR,1999,1.0959
Myanmar,MMR,2000,1.1494001
Myanmar,MMR,2001,1.1902
Myanmar,MMR,2002,1.2679001
Myanmar,MMR,2003,1.2870001
Myanmar,MMR,2004,1.3935001
Myanmar,MMR,2005,1.3934001
Myanmar,MMR,2006,1.5262
Myanmar,MMR,2007,1.5792
Myanmar,MMR,2008,1.7117001
Myanmar,MMR,2009,1.7297001
Myanmar,MMR,2010,1.7819002
Myanmar,MMR,2011,1.7779001
Myanmar,MMR,2012,1.784
Myanmar,MMR,2013,1.8078002
Myanmar,MMR,2014,1.8472
Myanmar,MMR,2015,1.8616
Myanmar,MMR,2016,1.1859001
Myanmar,MMR,2017,1.8832
Myanmar,MMR,2018,1.8727001
Myanmar,MMR,2019,1.8799001
Myanmar,MMR,2020,1.8634001
Myanmar,MMR,2021,1.8618002
Myanmar,MMR,2022,1.8459
Myanmar,MMR,2023,1.3793001
Namibia,NAM,1961,0.98670006
Namibia,NAM,1962,1.205
Namibia,NAM,1963,1.3333001
Namibia,NAM,1964,1.3333001
Namibia,NAM,1965,1.5556
Namibia,NAM,1966,1.5000001
Namibia,NAM,1967,1.5000001
Namibia,NAM,1968,1.5000001
Namibia,NAM,1969,1.7500001
Namibia,NAM,1970,1.7500001
Namibia,NAM,1971,1.7500001
Namibia,NAM,1972,1.7500001
Namibia,NAM,1973,1.7500001
Namibia,NAM,1974,2
Namibia,NAM,1975,2
Namibia,NAM,1976,2
Namibia,NAM,1977,2
Namibia,NAM,1978,2
Namibia,NAM,1979,2.5
Namibia,NAM,1980,2.5
Namibia,NAM,1981,2.8571002
Namibia,NAM,1982,3.1250002
Namibia,NAM,1983,3.0000002
Namibia,NAM,1984,2.9167001
Namibia,NAM,1985,2.6667001
Namibia,NAM,1986,2.9610002
Namibia,NAM,1987,2.7556002
Namibia,NAM,1988,2.6337001
Namibia,NAM,1989,4.8667006
Namibia,NAM,1990,4.425
Namibia,NAM,1991,5.9
Namibia,NAM,1992,5.1933002
Namibia,NAM,1993,4.3846
Namibia,NAM,1994,5.2500005
Namibia,NAM,1995,5.5172005
Namibia,NAM,1996,4.3846
Namibia,NAM,1997,4.6361003
Namibia,NAM,1998,4.9336004
Namibia,NAM,1999,3.6440003
Namibia,NAM,2000,5.0983
Namibia,NAM,2001,6.0464
Namibia,NAM,2002,6.3724003
Namibia,NAM,2003,6.2509003
Namibia,NAM,2004,4.1622005
Namibia,NAM,2005,4.5255003
Namibia,NAM,2006,5.9308
Namibia,NAM,2007,5.1342006
Namibia,NAM,2008,6.142
Namibia,NAM,2009,6.7214003
Namibia,NAM,2010,6.0942006
Namibia,NAM,2011,6.1219
Namibia,NAM,2012,6.1697006
Namibia,NAM,2013,6.2155004
Namibia,NAM,2014,6.6667004
Namibia,NAM,2015,5.6395
Namibia,NAM,2016,4.7289
Namibia,NAM,2017,5.3061004
Namibia,NAM,2018,5.3061004
Namibia,NAM,2019,5.5058002
Namibia,NAM,2020,5.5600004
Namibia,NAM,2021,5.5600004
Namibia,NAM,2022,5.4125004
Namibia,NAM,2023,5.8054004
Nepal,NPL,1961,1.2273
Nepal,NPL,1962,1.2321
Nepal,NPL,1963,1.2284001
Nepal,NPL,1964,1.2257
Nepal,NPL,1965,1.2600001
Nepal,NPL,1966,1.2458001
Nepal,NPL,1967,1.2619001
Nepal,NPL,1968,1.0661
Nepal,NPL,1969,1.1196
Nepal,NPL,1970,1.1733001
Nepal,NPL,1971,0.8466
Nepal,NPL,1972,0.93320006
Nepal,NPL,1973,1.2045001
Nepal,NPL,1974,1.1258001
Nepal,NPL,1975,1.1375
Nepal,NPL,1976,1.1778
Nepal,NPL,1977,1.039
Nepal,NPL,1978,1.1199001
Nepal,NPL,1979,1.1658001
Nepal,NPL,1980,1.1993
Nepal,NPL,1981,1.218
Nepal,NPL,1982,1.3152
Nepal,NPL,1983,1.3572
Nepal,NPL,1984,1.3433001
Nepal,NPL,1985,1.1811
Nepal,NPL,1986,1.2386
Nepal,NPL,1987,1.3091
Nepal,NPL,1988,1.2478001
Nepal,NPL,1989,1.3851
Nepal,NPL,1990,1.4149001
Nepal,NPL,1991,1.4103001
Nepal,NPL,1992,1.3338001
Nepal,NPL,1993,1.246
Nepal,NPL,1994,1.4704001
Nepal,NPL,1995,1.4416001
Nepal,NPL,1996,1.5500001
Nepal,NPL,1997,1.6072
Nepal,NPL,1998,1.5463002
Nepal,NPL,1999,1.6955001
Nepal,NPL,2000,1.7931001
Nepal,NPL,2001,1.8063002
Nepal,NPL,2002,1.8859001
Nepal,NPL,2003,2.0092
Nepal,NPL,2004,2.0873
Nepal,NPL,2005,2.1344
Nepal,NPL,2006,2.0745
Nepal,NPL,2007,2.1563
Nepal,NPL,2008,2.2252
Nepal,NPL,2009,1.9338001
Nepal,NPL,2010,2.1289
Nepal,NPL,2011,2.2747002
Nepal,NPL,2012,2.4123
Nepal,NPL,2013,2.2902
Nepal,NPL,2014,2.496
Nepal,NPL,2015,2.5914
Nepal,NPL,2016,2.3288002
Nepal,NPL,2017,2.5538
Nepal,NPL,2018,2.7573001
Nepal,NPL,2019,2.8490002
Nepal,NPL,2020,3.0887
Nepal,NPL,2021,2.9917002
Nepal,NPL,2022,2.9911003
Nepal,NPL,2023,3.0074
Net Food Importing Developing Countries (FAO),,1961,0.8539001
Net Food Importing Developing Countries (FAO),,1962,0.9524001
Net Food Importing Developing Countries (FAO),,1963,0.90650004
Net Food Importing Developing Countries (FAO),,1964,0.95150006
Net Food Importing Developing Countries (FAO),,1965,0.9534001
Net Food Importing Developing Countries (FAO),,1966,0.84510005
Net Food Importing Developing Countries (FAO),,1967,0.9153
Net Food Importing Developing Countries (FAO),,1968,1.1158001
Net Food Importing Developing Countries (FAO),,1969,1.0301
Net Food Importing Developing Countries (FAO),,1970,1.0665001
Net Food Importing Developing Countries (FAO),,1971,1.0593001
Net Food Importing Developing Countries (FAO),,1972,1.0961
Net Food Importing Developing Countries (FAO),,1973,1.1882
Net Food Importing Developing Countries (FAO),,1974,1.2134001
Net Food Importing Developing Countries (FAO),,1975,1.2674
Net Food Importing Developing Countries (FAO),,1976,1.3257
Net Food Importing Developing Countries (FAO),,1977,1.2405001
Net Food Importing Developing Countries (FAO),,1978,1.2651
Net Food Importing Developing Countries (FAO),,1979,1.3331001
Net Food Importing Developing Countries (FAO),,1980,1.4248002
Net Food Importing Developing Countries (FAO),,1981,1.4365001
Net Food Importing Developing Countries (FAO),,1982,1.4952
Net Food Importing Developing Countries (FAO),,1983,1.5126001
Net Food Importing Developing Countries (FAO),,1984,1.4106001
Net Food Importing Developing Countries (FAO),,1985,1.5438001
Net Food Importing Developing Countries (FAO),,1986,1.7228001
Net Food Importing Developing Countries (FAO),,1987,1.5291001
Net Food Importing Developing Countries (FAO),,1988,1.7108002
Net Food Importing Developing Countries (FAO),,1989,1.7288002
Net Food Importing Developing Countries (FAO),,1990,1.7231001
Net Food Importing Developing Countries (FAO),,1991,1.8251001
Net Food Importing Developing Countries (FAO),,1992,1.7831
Net Food Importing Developing Countries (FAO),,1993,1.7199001
Net Food Importing Developing Countries (FAO),,1994,1.8113002
Net Food Importing Developing Countries (FAO),,1995,1.8546001
Net Food Importing Developing Countries (FAO),,1996,1.9556
Net Food Importing Developing Countries (FAO),,1997,1.8677
Net Food Importing Developing Countries (FAO),,1998,2.0407
Net Food Importing Developing Countries (FAO),,1999,1.9233001
Net Food Importing Developing Countries (FAO),,2000,1.9761001
Net Food Importing Developing Countries (FAO),,2001,2.0936003
Net Food Importing Developing Countries (FAO),,2002,2.1594
Net Food Importing Developing Countries (FAO),,2003,2.2604
Net Food Importing Developing Countries (FAO),,2004,2.2579
Net Food Importing Developing Countries (FAO),,2005,2.3034
Net Food Importing Developing Countries (FAO),,2006,2.3711002
Net Food Importing Developing Countries (FAO),,2007,2.341
Net Food Importing Developing Countries (FAO),,2008,2.2648
Net Food Importing Developing Countries (FAO),,2009,2.5370002
Net Food Importing Developing Countries (FAO),,2010,2.4212
Net Food Importing Developing Countries (FAO),,2011,2.6064
Net Food Importing Developing Countries (FAO),,2012,2.5149
Net Food Importing Developing Countries (FAO),,2013,2.7253
Net Food Importing Developing Countries (FAO),,2014,2.6776001
Net Food Importing Developing Countries (FAO),,2015,2.8070002
Net Food Importing Developing Countries (FAO),,2016,2.6444001
Net Food Importing Developing Countries (FAO),,2017,2.8202
Net Food Importing Developing Countries (FAO),,2018,2.8909001
Net Food Importing Developing Countries (FAO),,2019,2.7653003
Net Food Importing Developing Countries (FAO),,2020,2.6531003
Net Food Importing Developing Countries (FAO),,2021,3.0323002
Net Food Importing Developing Countries (FAO),,2022,2.8119001
Net Food Importing Developing Countries (FAO),,2023,3.0077002
Netherlands,NLD,1850,1.05
Netherlands,NLD,1911,2.35
Netherlands,NLD,1934,3.09
Netherlands,NLD,1950,3.65
Netherlands,NLD,1961,3.9251003
Netherlands,NLD,1962,4.5475
Netherlands,NLD,1963,4.1962004
Netherlands,NLD,1964,4.7064
Netherlands,NLD,1965,4.4429
Netherlands,NLD,1966,4.0447
Netherlands,NLD,1967,4.7906003
Netherlands,NLD,1968,4.4234
Netherlands,NLD,1969,4.3578
Netherlands,NLD,1970,4.5457006
Netherlands,NLD,1971,4.9687004
Netherlands,NLD,1972,4.3111005
Netherlands,NLD,1973,5.2552004
Netherlands,NLD,1974,5.7334003
Netherlands,NLD,1975,4.9358
Netherlands,NLD,1976,5.4374003
Netherlands,NLD,1977,5.2304
Netherlands,NLD,1978,6.5665
Netherlands,NLD,1979,5.9382005
Netherlands,NLD,1980,6.2021003
Netherlands,NLD,1981,6.7008
Netherlands,NLD,1982,7.3896003
Netherlands,NLD,1983,7.0368
Netherlands,NLD,1984,7.8854003
Netherlands,NLD,1985,6.6451006
Netherlands,NLD,1986,7.998
Netherlands,NLD,1987,6.9359
Netherlands,NLD,1988,7.2273
Netherlands,NLD,1989,7.5977006
Netherlands,NLD,1990,7.6528
Netherlands,NLD,1991,7.6608
Netherlands,NLD,1992,8.0154
Netherlands,NLD,1993,8.7712
Netherlands,NLD,1994,8.0674
Netherlands,NLD,1995,8.618901
Netherlands,NLD,1996,8.961201
Netherlands,NLD,1997,7.7309003
Netherlands,NLD,1998,7.6956005
Netherlands,NLD,1999,8.3311
Netherlands,NLD,2000,8.3592005
Netherlands,NLD,2001,7.9447007
Netherlands,NLD,2002,7.8145003
Netherlands,NLD,2003,8.743901
Netherlands,NLD,2004,8.914901
Netherlands,NLD,2005,8.593201
Netherlands,NLD,2006,8.394
Netherlands,NLD,2007,7.2714005
Netherlands,NLD,2008,8.729501
Netherlands,NLD,2009,9.291901
Netherlands,NLD,2010,8.909201
Netherlands,NLD,2011,7.7812004
Netherlands,NLD,2012,8.587001
Netherlands,NLD,2013,8.7412
Netherlands,NLD,2014,9.1698
Netherlands,NLD,2015,9.125501
Netherlands,NLD,2016,7.9832006
Netherlands,NLD,2017,9.0935
Netherlands,NLD,2018,8.6147
Netherlands,NLD,2019,9.3781
Netherlands,NLD,2020,8.556001
Netherlands,NLD,2021,8.018001
Netherlands,NLD,2022,9.3931
Netherlands,NLD,2023,8.467
New Caledonia,NCL,1961,2.5
New Caledonia,NCL,1962,2.5
New Caledonia,NCL,1963,2.5
New Caledonia,NCL,1964,2.5
New Caledonia,NCL,1965,2.5
New Caledonia,NCL,1966,2.5
New Caledonia,NCL,1967,3.0000002
New Caledonia,NCL,1968,2.6875002
New Caledonia,NCL,1969,2.9
New Caledonia,NCL,1970,2.8571002
New Caledonia,NCL,1971,1.3333001
New Caledonia,NCL,1972,2.5
New Caledonia,NCL,1973,3.3500001
New Caledonia,NCL,1974,3.2500002
New Caledonia,NCL,1975,3.0000002
New Caledonia,NCL,1976,2
New Caledonia,NCL,1977,2
New Caledonia,NCL,1978,2.2222002
New Caledonia,NCL,1979,1.2069001
New Caledonia,NCL,1980,1.0638001
New Caledonia,NCL,1981,1.3978001
New Caledonia,NCL,1982,1.6246
New Caledonia,NCL,1983,0.82470006
New Caledonia,NCL,1984,0.73270005
New Caledonia,NCL,1985,1.835
New Caledonia,NCL,1986,1.8392
New Caledonia,NCL,1987,1.5000001
New Caledonia,NCL,1988,1.32
New Caledonia,NCL,1989,1.13
New Caledonia,NCL,1990,0.73170006
New Caledonia,NCL,1991,1.3812001
New Caledonia,NCL,1992,2.0273001
New Caledonia,NCL,1993,1.8519001
New Caledonia,NCL,1994,1.9571
New Caledonia,NCL,1995,1.94
New Caledonia,NCL,1996,1.8730001
New Caledonia,NCL,1997,1.8889002
New Caledonia,NCL,1998,1.9750001
New Caledonia,NCL,1999,1.7500001
New Caledonia,NCL,2001,1.8500001
New Caledonia,NCL,2003,1.9000001
New Caledonia,NCL,2004,1.8945001
New Caledonia,NCL,2005,1.8932
New Caledonia,NCL,2012,1.9150001
New Caledonia,NCL,2013,1.9194001
New Caledonia,NCL,2015,0.70220006
New Caledonia,NCL,2016,0.65430003
New Caledonia,NCL,2017,0.60170007
New Caledonia,NCL,2018,0.5224
New Caledonia,NCL,2019,0.5928
New Caledonia,NCL,2020,0.5094
New Caledonia,NCL,2021,0.5618
New Caledonia,NCL,2022,0.5503
New Caledonia,NCL,2023,0.53770006
New Zealand,NZL,1961,3.3517
New Zealand,NZL,1962,2.8285
New Zealand,NZL,1963,2.7277
New Zealand,NZL,1964,3.3195002
New Zealand,NZL,1965,3.3618002
New Zealand,NZL,1966,3.6138003
New Zealand,NZL,1967,3.7272
New Zealand,NZL,1968,3.4926002
New Zealand,NZL,1969,3.5352
New Zealand,NZL,1970,2.6482
New Zealand,NZL,1971,3.3390002
New Zealand,NZL,1972,3.6461003
New Zealand,NZL,1973,3.4922001
New Zealand,NZL,1974,3.183
New Zealand,NZL,1975,3.1198
New Zealand,NZL,1976,3.7418003
New Zealand,NZL,1977,3.6788
New Zealand,NZL,1978,3.6134
New Zealand,NZL,1979,3.3851004
New Zealand,NZL,1980,3.5574
New Zealand,NZL,1981,4.0092
New Zealand,NZL,1982,4.0843
New Zealand,NZL,1983,4.2431
New Zealand,NZL,1984,4.5800004
New Zealand,NZL,1985,4.3093
New Zealand,NZL,1986,4.1564
New Zealand,NZL,1987,4.0599003
New Zealand,NZL,1988,4.0701003
New Zealand,NZL,1989,3.5679002
New Zealand,NZL,1990,4.8842006
New Zealand,NZL,1991,4.8149
New Zealand,NZL,1992,5.0543
New Zealand,NZL,1993,5.3698
New Zealand,NZL,1994,5.4145
New Zealand,NZL,1995,4.6823
New Zealand,NZL,1996,5.4738
New Zealand,NZL,1997,5.6607003
New Zealand,NZL,1998,6.216
New Zealand,NZL,1999,6.0610003
New Zealand,NZL,2000,6.2095003
New Zealand,NZL,2001,7.4286003
New Zealand,NZL,2002,7.1467004
New Zealand,NZL,2003,7.4863
New Zealand,NZL,2004,6.5501003
New Zealand,NZL,2005,8.092
New Zealand,NZL,2006,6.8963003
New Zealand,NZL,2007,8.4966
New Zealand,NZL,2008,8.112
New Zealand,NZL,2009,7.4918003
New Zealand,NZL,2010,8.124101
New Zealand,NZL,2011,7.2858
New Zealand,NZL,2012,8.9245
New Zealand,NZL,2013,9.1053
New Zealand,NZL,2014,8.6267
New Zealand,NZL,2015,8.6722
New Zealand,NZL,2016,9.1971
New Zealand,NZL,2017,9.864401
New Zealand,NZL,2018,8.9596
New Zealand,NZL,2019,8.8522005
New Zealand,NZL,2020,9.933201
New Zealand,NZL,2021,9.712201
New Zealand,NZL,2022,9.39
New Zealand,NZL,2023,9.6681
Niger,NER,1961,1.2270001
Niger,NER,1962,1.2004001
Niger,NER,1963,1.2766
Niger,NER,1964,1.1698002
Niger,NER,1965,0.8564001
Niger,NER,1966,1.2248001
Niger,NER,1967,1.24
Niger,NER,1968,0.66670007
Niger,NER,1969,0.98160005
Niger,NER,1970,0.90700006
Niger,NER,1971,0.9063
Niger,NER,1972,1.2847
Niger,NER,1973,0.9358
Niger,NER,1974,1.0185001
Niger,NER,1975,1.2857
Niger,NER,1976,1.1111001
Niger,NER,1977,1.5833001
Niger,NER,1978,2.3039
Niger,NER,1979,1.0889001
Niger,NER,1980,1
Niger,NER,1981,1
Niger,NER,1982,1.0476
Niger,NER,1983,1.1905
Niger,NER,1984,1.9106001
Niger,NER,1985,1.9799001
Niger,NER,1986,1.9802
Niger,NER,1987,1.5000001
Niger,NER,1988,1
Niger,NER,1989,1.1429001
Niger,NER,1990,2.8889
Niger,NER,1991,2.6000001
Niger,NER,1992,2.8000002
Niger,NER,1993,2.2
Niger,NER,1994,2.88
Niger,NER,1995,3.4444
Niger,NER,1996,2.125
Niger,NER,1997,2
Niger,NER,1998,2.2051003
Niger,NER,1999,2.1115
Niger,NER,2000,2.0049002
Niger,NER,2001,1.8783002
Niger,NER,2002,1.0606
Niger,NER,2003,1.71
Niger,NER,2004,1.7188002
Niger,NER,2005,1.7443001
Niger,NER,2006,1.4992
Niger,NER,2007,1.4894001
Niger,NER,2008,1.8251001
Niger,NER,2009,1.8917
Niger,NER,2010,1.9909002
Niger,NER,2011,1.9770001
Niger,NER,2012,1.6537
Niger,NER,2013,3.009
Niger,NER,2014,2.5132
Niger,NER,2015,2.0664
Niger,NER,2016,2.0085
Niger,NER,2017,2.7536001
Niger,NER,2018,2.9615002
Niger,NER,2019,2.8368
Niger,NER,2020,2.8911002
Niger,NER,2021,2.8643003
Niger,NER,2022,2.8260002
Niger,NER,2023,2.8614001
Nigeria,NGA,1961,1.7778001
Nigeria,NGA,1962,1.7778001
Nigeria,NGA,1963,1.7778001
Nigeria,NGA,1964,1.8182
Nigeria,NGA,1965,1.8182
Nigeria,NGA,1966,1.8182
Nigeria,NGA,1967,1.9091
Nigeria,NGA,1968,1.8182
Nigeria,NGA,1969,1.8182
Nigeria,NGA,1970,1.7273002
Nigeria,NGA,1971,1.7391001
Nigeria,NGA,1972,1.7391001
Nigeria,NGA,1973,1.4286001
Nigeria,NGA,1974,1.5000001
Nigeria,NGA,1975,1.6364001
Nigeria,NGA,1976,1.8000001
Nigeria,NGA,1977,2
Nigeria,NGA,1978,2
Nigeria,NGA,1979,2.2
Nigeria,NGA,1980,2.4
Nigeria,NGA,1981,2.6000001
Nigeria,NGA,1982,2.6000001
Nigeria,NGA,1983,1.8571
Nigeria,NGA,1984,1.6875001
Nigeria,NGA,1985,2.0545
Nigeria,NGA,1986,1.9701
Nigeria,NGA,1987,1.9306
Nigeria,NGA,1988,1.25
Nigeria,NGA,1989,1.2
Nigeria,NGA,1990,0.83330005
Nigeria,NGA,1991,1.2
Nigeria,NGA,1992,1.3333001
Nigeria,NGA,1993,2.3286002
Nigeria,NGA,1994,2.3467
Nigeria,NGA,1995,2.18
Nigeria,NGA,1996,2.0435002
Nigeria,NGA,1997,2.64
Nigeria,NGA,1998,2
Nigeria,NGA,1999,2.012
Nigeria,NGA,2000,1.4038001
Nigeria,NGA,2001,0.98080003
Nigeria,NGA,2002,0.9818
Nigeria,NGA,2003,1.0357
Nigeria,NGA,2004,1.069
Nigeria,NGA,2005,1.1
Nigeria,NGA,2006,1.1270001
Nigeria,NGA,2007,1.6923001
Nigeria,NGA,2008,1.6563001
Nigeria,NGA,2009,1.6667
Nigeria,NGA,2010,1.4844002
Nigeria,NGA,2011,1.2791001
Nigeria,NGA,2012,1.0189
Nigeria,NGA,2013,1
Nigeria,NGA,2014,1.3043001
Nigeria,NGA,2015,1
Nigeria,NGA,2016,1
Nigeria,NGA,2017,1.6779001
Nigeria,NGA,2018,1.7142
Nigeria,NGA,2019,1.6826
Nigeria,NGA,2020,1.1
Nigeria,NGA,2021,3.1255002
Nigeria,NGA,2022,2.1891003
Nigeria,NGA,2023,1.5868001
North America,,1961,1.3343039
North America,,1962,1.5892854
North America,,1963,1.7299976
North America,,1964,1.62104
North America,,1965,1.7180616
North America,,1966,1.817287
North America,,1967,1.6199882
North America,,1968,1.781766
North America,,1969,1.9928114
North America,,1970,2.0559049
North America,,1971,2.1705663
North America,,1972,2.0506644
North America,,1973,2.0169466
North America,,1974,1.7851893
North America,,1975,2.0252233
North America,,1976,2.0907009
North America,,1977,2.0615215
North America,,1978,2.1110263
North America,,1979,2.1313288
North America,,1980,2.1330411
North America,,1981,2.260034
North America,,1982,2.3593538
North America,,1983,2.4319718
North America,,1984,2.333463
North America,,1985,2.3199644
North America,,1986,2.3263955
North America,,1987,2.3647287
North America,,1988,1.947249
North America,,1989,2.1133492
North America,,1990,2.5656607
North America,,1991,2.3325856
North America,,1992,2.5065494
North America,,1993,2.4864182
North America,,1994,2.4563088
North America,,1995,2.3914638
North America,,1996,2.4724112
North America,,1997,2.5393012
North America,,1998,2.7354572
North America,,1999,2.8201215
North America,,2000,2.7442472
North America,,2001,2.488012
North America,,2002,2.2552342
North America,,2003,2.7733972
North America,,2004,2.8480785
North America,,2005,2.8368733
North America,,2006,2.660115
North America,,2007,2.6521068
North America,,2008,3.0172362
North America,,2009,2.9800038
North America,,2010,3.0812879
North America,,2011,3.0070603
North America,,2012,3.0879202
North America,,2013,3.3657665
North America,,2014,3.0398836
North America,,2015,2.9620163
North America,,2016,3.600943
North America,,2017,3.2707133
North America,,2018,3.2735488
North America,,2019,3.4871569
North America,,2020,3.4620218
North America,,2021,2.8453214
North America,,2022,3.3084242
North America,,2023,3.2187243
North Korea,PRK,1961,0.50600004
North Korea,PRK,1962,0.5273
North Korea,PRK,1963,0.56970006
North Korea,PRK,1964,0.60120004
North Korea,PRK,1965,0.53990006
North Korea,PRK,1966,0.6
North Korea,PRK,1967,0.56880003
North Korea,PRK,1968,0.56130004
North Korea,PRK,1969,0.5867
North Korea,PRK,1970,0.60690004
North Korea,PRK,1971,0.6741
North Korea,PRK,1972,0.69600004
North Korea,PRK,1973,0.85220003
North Korea,PRK,1974,0.9714001
North Korea,PRK,1975,1.1158001
North Korea,PRK,1976,1.2
North Korea,PRK,1977,1.3529001
North Korea,PRK,1978,1.3059001
North Korea,PRK,1979,1.3529001
North Korea,PRK,1980,1.1647
North Korea,PRK,1981,1.3412
North Korea,PRK,1982,1.4235001
North Korea,PRK,1983,1.4588001
North Korea,PRK,1984,1.5529001
North Korea,PRK,1985,1.4941001
North Korea,PRK,1986,1.5889001
North Korea,PRK,1987,1.4778001
North Korea,PRK,1988,1.4222
North Korea,PRK,1989,1.6125001
North Korea,PRK,1990,1.2889001
North Korea,PRK,1991,1.3116001
North Korea,PRK,1992,1.3452001
North Korea,PRK,1993,1.3987
North Korea,PRK,1994,1.4505
North Korea,PRK,1995,1.4849001
North Korea,PRK,1996,1.3333001
North Korea,PRK,1997,1.3333001
North Korea,PRK,1998,2.3571002
North Korea,PRK,1999,2.0208
North Korea,PRK,2000,0.8475
North Korea,PRK,2001,2.1628
North Korea,PRK,2002,2.3016002
North Korea,PRK,2003,2.3333
North Korea,PRK,2004,2.5
North Korea,PRK,2005,2.5065
North Korea,PRK,2006,2.4875002
North Korea,PRK,2007,2.4375
North Korea,PRK,2008,2.3973002
North Korea,PRK,2009,2.2624
North Korea,PRK,2010,2.1918
North Korea,PRK,2011,2.0159001
North Korea,PRK,2012,1.48
North Korea,PRK,2013,1.5000001
North Korea,PRK,2014,1.5000001
North Korea,PRK,2015,1.3750001
North Korea,PRK,2016,1.2381
North Korea,PRK,2017,1.2038001
North Korea,PRK,2018,1.2506
North Korea,PRK,2019,1.2264001
North Korea,PRK,2020,1.2308002
North Korea,PRK,2021,1.2308002
North Korea,PRK,2022,1.2308002
North Korea,PRK,2023,1.2308002
North Macedonia,MKD,1992,2.6752
North Macedonia,MKD,1993,2.1352
North Macedonia,MKD,1994,2.7545002
North Macedonia,MKD,1995,2.9304001
North Macedonia,MKD,1996,2.2922
North Macedonia,MKD,1997,2.5485
North Macedonia,MKD,1998,2.9615002
North Macedonia,MKD,1999,2.8026001
North Macedonia,MKD,2000,2.4719
North Macedonia,MKD,2001,2.1298
North Macedonia,MKD,2002,2.6473002
North Macedonia,MKD,2003,2.1761003
North Macedonia,MKD,2004,3.5217001
North Macedonia,MKD,2005,3.0811002
North Macedonia,MKD,2006,3.0098002
North Macedonia,MKD,2007,2.4020002
North Macedonia,MKD,2008,3.4101002
North Macedonia,MKD,2009,3.0756001
North Macedonia,MKD,2010,3.0443
North Macedonia,MKD,2011,3.3458002
North Macedonia,MKD,2012,2.6956003
North Macedonia,MKD,2013,3.1978002
North Macedonia,MKD,2014,3.755
North Macedonia,MKD,2015,2.7541003
North Macedonia,MKD,2016,3.8385003
North Macedonia,MKD,2017,2.7464
North Macedonia,MKD,2018,3.3965
North Macedonia,MKD,2019,3.4848
North Macedonia,MKD,2020,3.5266004
North Macedonia,MKD,2021,3.463
North Macedonia,MKD,2022,3.2041001
North Macedonia,MKD,2023,3.0949001
Northern Africa (FAO),,1961,0.6959001
Northern Africa (FAO),,1962,1.0773001
Northern Africa (FAO),,1963,1.0171
Northern Africa (FAO),,1964,0.9106
Northern Africa (FAO),,1965,0.91450006
Northern Africa (FAO),,1966,0.81070006
Northern Africa (FAO),,1967,0.8478
Northern Africa (FAO),,1968,1.0905
Northern Africa (FAO),,1969,0.82430005
Northern Africa (FAO),,1970,0.915
Northern Africa (FAO),,1971,1.0573001
Northern Africa (FAO),,1972,1.0634
Northern Africa (FAO),,1973,0.94530004
Northern Africa (FAO),,1974,1.0012001
Northern Africa (FAO),,1975,1.1419001
Northern Africa (FAO),,1976,1.0929
Northern Africa (FAO),,1977,0.83500004
Northern Africa (FAO),,1978,1.0701001
Northern Africa (FAO),,1979,0.9946
Northern Africa (FAO),,1980,1.1132
Northern Africa (FAO),,1981,1.0234001
Northern Africa (FAO),,1982,1.286
Northern Africa (FAO),,1983,1.1067001
Northern Africa (FAO),,1984,1.1054001
Northern Africa (FAO),,1985,1.3697001
Northern Africa (FAO),,1986,1.5472001
Northern Africa (FAO),,1987,1.4164001
Northern Africa (FAO),,1988,1.7914001
Northern Africa (FAO),,1989,1.5997
Northern Africa (FAO),,1990,1.7231001
Northern Africa (FAO),,1991,2.0077
Northern Africa (FAO),,1992,1.654
Northern Africa (FAO),,1993,1.5722001
Northern Africa (FAO),,1994,2.0255
Northern Africa (FAO),,1995,1.6930001
Northern Africa (FAO),,1996,2.1036003
Northern Africa (FAO),,1997,1.8612001
Northern Africa (FAO),,1998,1.8431001
Northern Africa (FAO),,1999,1.8366001
Northern Africa (FAO),,2000,1.7241001
Northern Africa (FAO),,2001,2.0670002
Northern Africa (FAO),,2002,2.1822
Northern Africa (FAO),,2003,2.3673003
Northern Africa (FAO),,2004,2.3494
Northern Africa (FAO),,2005,2.2147
Northern Africa (FAO),,2006,2.638
Northern Africa (FAO),,2007,2.029
Northern Africa (FAO),,2008,2.3873003
Northern Africa (FAO),,2009,2.7068002
Northern Africa (FAO),,2010,2.3816001
Northern Africa (FAO),,2011,2.6887
Northern Africa (FAO),,2012,2.3823001
Northern Africa (FAO),,2013,2.8528001
Northern Africa (FAO),,2014,2.5509
Northern Africa (FAO),,2015,2.9068003
Northern Africa (FAO),,2016,2.3506002
Northern Africa (FAO),,2017,2.5318003
Northern Africa (FAO),,2018,2.9662
Northern Africa (FAO),,2019,2.7121003
Northern Africa (FAO),,2020,2.3078
Northern Africa (FAO),,2021,3.2012
Northern Africa (FAO),,2022,2.5474
Northern Africa (FAO),,2023,2.7129
Northern America (FAO),,1961,1.3258001
Northern America (FAO),,1962,1.5810001
Northern America (FAO),,1963,1.7214001
Northern America (FAO),,1964,1.5946001
Northern America (FAO),,1965,1.6973001
Northern America (FAO),,1966,1.8082
Northern America (FAO),,1967,1.5967001
Northern America (FAO),,1968,1.7627001
Northern America (FAO),,1969,1.9716
Northern America (FAO),,1970,2.0197
Northern America (FAO),,1971,2.1534
Northern America (FAO),,1972,2.0371
Northern America (FAO),,1973,1.9919001
Northern America (FAO),,1974,1.7462001
Northern America (FAO),,1975,1.9936
Northern America (FAO),,1976,2.0540001
Northern America (FAO),,1977,2.0357
Northern America (FAO),,1978,2.0773
Northern America (FAO),,1979,2.1028001
Northern America (FAO),,1980,2.1027
Northern America (FAO),,1981,2.2327
Northern America (FAO),,1982,2.3142002
Northern America (FAO),,1983,2.3965
Northern America (FAO),,1984,2.2811003
Northern America (FAO),,1985,2.2606
Northern America (FAO),,1986,2.2758002
Northern America (FAO),,1987,2.3074
Northern America (FAO),,1988,1.8925
Northern America (FAO),,1989,2.0631
Northern America (FAO),,1990,2.5294
Northern America (FAO),,1991,2.2857
Northern America (FAO),,1992,2.473
Northern America (FAO),,1993,2.4496002
Northern America (FAO),,1994,2.4067001
Northern America (FAO),,1995,2.3569
Northern America (FAO),,1996,2.4361002
Northern America (FAO),,1997,2.4935002
Northern America (FAO),,1998,2.703
Northern America (FAO),,1999,2.7836003
Northern America (FAO),,2000,2.6965
Northern America (FAO),,2001,2.4363003
Northern America (FAO),,2002,2.1891003
Northern America (FAO),,2003,2.7408001
Northern America (FAO),,2004,2.8197
Northern America (FAO),,2005,2.7961001
Northern America (FAO),,2006,2.6023002
Northern America (FAO),,2007,2.5948002
Northern America (FAO),,2008,2.9682002
Northern America (FAO),,2009,2.9250002
Northern America (FAO),,2010,3.0240002
Northern America (FAO),,2011,2.9468002
Northern America (FAO),,2012,3.0373
Northern America (FAO),,2013,3.3236003
Northern America (FAO),,2014,2.9864001
Northern America (FAO),,2015,2.9174001
Northern America (FAO),,2016,3.5542002
Northern America (FAO),,2017,3.2156003
Northern America (FAO),,2018,3.2286003
Northern America (FAO),,2019,3.4391003
Northern America (FAO),,2020,3.4204001
Northern America (FAO),,2021,2.7744
Northern America (FAO),,2022,3.2416003
Northern America (FAO),,2023,3.1541002
Northern Europe (FAO),,1961,3.2566001
Northern Europe (FAO),,1962,3.5870001
Northern Europe (FAO),,1963,3.3338003
Northern Europe (FAO),,1964,3.7458003
Northern Europe (FAO),,1965,3.6734002
Northern Europe (FAO),,1966,3.4458003
Northern Europe (FAO),,1967,3.8945003
Northern Europe (FAO),,1968,3.5882
Northern Europe (FAO),,1969,3.7433002
Northern Europe (FAO),,1970,3.9160001
Northern Europe (FAO),,1971,4.1790004
Northern Europe (FAO),,1972,4.0711
Northern Europe (FAO),,1973,4.1796002
Northern Europe (FAO),,1974,4.7788
Northern Europe (FAO),,1975,4.2684
Northern Europe (FAO),,1976,3.9243002
Northern Europe (FAO),,1977,4.5518003
Northern Europe (FAO),,1978,4.919
Northern Europe (FAO),,1979,4.9072003
Northern Europe (FAO),,1980,5.3421
Northern Europe (FAO),,1981,5.5007005
Northern Europe (FAO),,1982,5.9425
Northern Europe (FAO),,1983,6.0075
Northern Europe (FAO),,1984,7.1655
Northern Europe (FAO),,1985,5.9081006
Northern Europe (FAO),,1986,6.4337006
Northern Europe (FAO),,1987,5.6266003
Northern Europe (FAO),,1988,6.0182004
Northern Europe (FAO),,1989,6.5720005
Northern Europe (FAO),,1990,6.7920003
Northern Europe (FAO),,1991,6.9341006
Northern Europe (FAO),,1992,5.9572005
Northern Europe (FAO),,1993,6.1265
Northern Europe (FAO),,1994,6.2121005
Northern Europe (FAO),,1995,6.7264004
Northern Europe (FAO),,1996,6.7902007
Northern Europe (FAO),,1997,6.3983
Northern Europe (FAO),,1998,6.4038
Northern Europe (FAO),,1999,6.6004004
Northern Europe (FAO),,2000,6.7787004
Northern Europe (FAO),,2001,6.1565003
Northern Europe (FAO),,2002,6.7522006
Northern Europe (FAO),,2003,6.4695005
Northern Europe (FAO),,2004,6.6182003
Northern Europe (FAO),,2005,6.695
Northern Europe (FAO),,2006,6.4122005
Northern Europe (FAO),,2007,6.2118
Northern Europe (FAO),,2008,6.9692006
Northern Europe (FAO),,2009,6.6241
Northern Europe (FAO),,2010,6.1005
Northern Europe (FAO),,2011,6.0968003
Northern Europe (FAO),,2012,6.0345
Northern Europe (FAO),,2013,6.0545
Northern Europe (FAO),,2014,6.8496003
Northern Europe (FAO),,2015,7.2149
Northern Europe (FAO),,2016,6.2521005
Northern Europe (FAO),,2017,6.8506002
Northern Europe (FAO),,2018,5.6493
Northern Europe (FAO),,2019,7.0157003
Northern Europe (FAO),,2020,6.3238
Northern Europe (FAO),,2021,6.2488003
Northern Europe (FAO),,2022,6.8277006
Northern Europe (FAO),,2023,6.163
Norway,NOR,1850,0.57
Norway,NOR,1911,1.6600001
Norway,NOR,1934,1.95
Norway,NOR,1950,2.06
Norway,NOR,1961,2.8300002
Norway,NOR,1962,2.0525
Norway,NOR,1963,2.5652
Norway,NOR,1964,2.7962
Norway,NOR,1965,2.7811003
Norway,NOR,1966,2.3538
Norway,NOR,1967,3.2138002
Norway,NOR,1968,3.4051003
Norway,NOR,1969,2.9026003
Norway,NOR,1970,3.0070002
Norway,NOR,1971,3.6068003
Norway,NOR,1972,3.3524
Norway,NOR,1973,3.8221002
Norway,NOR,1974,4.3806005
Norway,NOR,1975,3.3124
Norway,NOR,1976,3.2410002
Norway,NOR,1977,3.7165003
Norway,NOR,1978,3.8915002
Norway,NOR,1979,4.0140004
Norway,NOR,1980,4.1879
Norway,NOR,1981,4.5652003
Norway,NOR,1982,4.5288
Norway,NOR,1983,4.2345004
Norway,NOR,1984,5.1033
Norway,NOR,1985,4.3564
Norway,NOR,1986,4.0025
Norway,NOR,1987,4.2946005
Norway,NOR,1988,3.4006002
Norway,NOR,1989,3.6538002
Norway,NOR,1990,4.6634
Norway,NOR,1991,4.6547003
Norway,NOR,1992,3.5295002
Norway,NOR,1993,5.1096005
Norway,NOR,1994,2.8362
Norway,NOR,1995,4.7468
Norway,NOR,1996,4.5258
Norway,NOR,1997,4.3101
Norway,NOR,1998,4.6878
Norway,NOR,1999,4.4533
Norway,NOR,2000,4.6025004
Norway,NOR,2001,4.0738
Norway,NOR,2002,4.0994
Norway,NOR,2003,4.6135
Norway,NOR,2004,4.7668
Norway,NOR,2005,4.8925004
Norway,NOR,2006,4.1634
Norway,NOR,2007,4.3973002
Norway,NOR,2008,4.8653
Norway,NOR,2009,3.4069002
Norway,NOR,2010,4.5975003
Norway,NOR,2011,3.8517
Norway,NOR,2012,4.1011004
Norway,NOR,2013,3.8841002
Norway,NOR,2014,4.9211
Norway,NOR,2015,5.7745004
Norway,NOR,2016,4.6339
Norway,NOR,2017,5.2868
Norway,NOR,2018,2.3477
Norway,NOR,2019,5.6017003
Norway,NOR,2020,4.7658
Norway,NOR,2021,4.1656003
Norway,NOR,2022,5.1034
Norway,NOR,2023,2.6684
Oceania,,1961,1.1569345
Oceania,,1962,1.2709363
Oceania,,1963,1.3574505
Oceania,,1964,1.4059093
Oceania,,1965,1.021641
Oceania,,1966,1.5270143
Oceania,,1967,0.8604475
Oceania,,1968,1.389585
Oceania,,1969,1.1444721
Oceania,,1970,1.2414365
Oceania,,1971,1.2344407
Oceania,,1972,0.90506893
Oceania,,1973,1.3651954
Oceania,,1974,1.3816934
Oceania,,1975,1.4120647
Oceania,,1976,1.3452752
Oceania,,1977,0.96749586
Oceania,,1978,1.7813333
Oceania,,1979,1.4664772
Oceania,,1980,0.9817736
Oceania,,1981,1.3943995
Oceania,,1982,0.79094017
Oceania,,1983,1.7164446
Oceania,,1984,1.5625925
Oceania,,1985,1.387519
Oceania,,1986,1.4696505
Oceania,,1987,1.3890727
Oceania,,1988,1.5929124
Oceania,,1989,1.5870229
Oceania,,1990,1.6479019
Oceania,,1991,1.6472948
Oceania,,1992,1.4885473
Oceania,,1993,1.7988262
Oceania,,1994,1.9840424
Oceania,,1995,1.1590271
Oceania,,1996,1.8099715
Oceania,,1997,2.185134
Oceania,,1998,1.8614727
Oceania,,1999,1.8786807
Oceania,,2000,2.0243735
Oceania,,2001,1.8434783
Oceania,,2002,2.126014
Oceania,,2003,0.93203974
Oceania,,2004,2.0133867
Oceania,,2005,1.6537223
Oceania,,2006,2.0361183
Oceania,,2007,0.94320494
Oceania,,2008,1.1023794
Oceania,,2009,1.6065634
Oceania,,2010,1.598682
Oceania,,2011,2.0505054
Oceania,,2012,2.1776786
Oceania,,2013,1.7886378
Oceania,,2014,2.031136
Oceania,,2015,1.9431572
Oceania,,2016,2.0061376
Oceania,,2017,2.6343424
Oceania,,2018,1.9444344
Oceania,,2019,1.7225066
Oceania,,2020,1.5071214
Oceania,,2021,2.5495167
Oceania,,2022,2.8689735
Oceania,,2023,3.2077518
Oceania (FAO),,1961,1.1569
Oceania (FAO),,1962,1.2709001
Oceania (FAO),,1963,1.3575001
Oceania (FAO),,1964,1.4059001
Oceania (FAO),,1965,1.0216
Oceania (FAO),,1966,1.5270001
Oceania (FAO),,1967,0.8604001
Oceania (FAO),,1968,1.3896
Oceania (FAO),,1969,1.1445
Oceania (FAO),,1970,1.2414001
Oceania (FAO),,1971,1.2344
Oceania (FAO),,1972,0.90510005
Oceania (FAO),,1973,1.3652
Oceania (FAO),,1974,1.3817
Oceania (FAO),,1975,1.4121001
Oceania (FAO),,1976,1.3453001
Oceania (FAO),,1977,0.96750003
Oceania (FAO),,1978,1.7813002
Oceania (FAO),,1979,1.4665
Oceania (FAO),,1980,0.9818
Oceania (FAO),,1981,1.3944001
Oceania (FAO),,1982,0.79090005
Oceania (FAO),,1983,1.7164001
Oceania (FAO),,1984,1.5626
Oceania (FAO),,1985,1.3875
Oceania (FAO),,1986,1.4697
Oceania (FAO),,1987,1.3891001
Oceania (FAO),,1988,1.5929002
Oceania (FAO),,1989,1.5870001
Oceania (FAO),,1990,1.6479001
Oceania (FAO),,1991,1.6473001
Oceania (FAO),,1992,1.4885001
Oceania (FAO),,1993,1.7988001
Oceania (FAO),,1994,1.9840001
Oceania (FAO),,1995,1.159
Oceania (FAO),,1996,1.8100001
Oceania (FAO),,1997,2.1851003
Oceania (FAO),,1998,1.8615001
Oceania (FAO),,1999,1.8787
Oceania (FAO),,2000,2.0244002
Oceania (FAO),,2001,1.8435001
Oceania (FAO),,2002,2.1260002
Oceania (FAO),,2003,0.93200004
Oceania (FAO),,2004,2.0134
Oceania (FAO),,2005,1.6537
Oceania (FAO),,2006,2.0361001
Oceania (FAO),,2007,0.94320005
Oceania (FAO),,2008,1.1024001
Oceania (FAO),,2009,1.6066
Oceania (FAO),,2010,1.5987
Oceania (FAO),,2011,2.0505002
Oceania (FAO),,2012,2.1777
Oceania (FAO),,2013,1.7886001
Oceania (FAO),,2014,2.0311
Oceania (FAO),,2015,1.9432
Oceania (FAO),,2016,2.0061002
Oceania (FAO),,2017,2.6343002
Oceania (FAO),,2018,1.9444001
Oceania (FAO),,2019,1.7225001
Oceania (FAO),,2020,1.5071001
Oceania (FAO),,2021,2.5495002
Oceania (FAO),,2022,2.8690002
Oceania (FAO),,2023,3.2078001
Oman,OMN,1961,1.4000001
Oman,OMN,1962,1.4000001
Oman,OMN,1963,1.3636
Oman,OMN,1964,1.3636
Oman,OMN,1965,1.3636
Oman,OMN,1966,1.4167
Oman,OMN,1967,1.4167
Oman,OMN,1968,1.5417
Oman,OMN,1969,1.5417
Oman,OMN,1970,1.6667
Oman,OMN,1971,1.6667
Oman,OMN,1972,1.6667
Oman,OMN,1973,1.6667
Oman,OMN,1974,1.6667
Oman,OMN,1975,1.6667
Oman,OMN,1976,1.6667
Oman,OMN,1977,0.83330005
Oman,OMN,1978,0.45830002
Oman,OMN,1979,0.49670005
Oman,OMN,1980,0.5
Oman,OMN,1981,1.1887
Oman,OMN,1982,3.7781003
Oman,OMN,1983,3.7781003
Oman,OMN,1984,3.7781003
Oman,OMN,1985,1.1009
Oman,OMN,1986,1.0989001
Oman,OMN,1987,1.1015
Oman,OMN,1988,1.4957
Oman,OMN,1989,1.9149001
Oman,OMN,1990,2.38
Oman,OMN,1991,2.3077002
Oman,OMN,1992,2.3148003
Oman,OMN,1993,2.3636003
Oman,OMN,1994,2.3661003
Oman,OMN,1995,2.3684
Oman,OMN,1996,2.3793
Oman,OMN,1997,2.5
Oman,OMN,1998,2.5667
Oman,OMN,1999,3.0000002
Oman,OMN,2000,3.1896002
Oman,OMN,2001,3.1826003
Oman,OMN,2002,3.1648002
Oman,OMN,2003,3.2703001
Oman,OMN,2004,3.0888002
Oman,OMN,2005,3.1919
Oman,OMN,2006,2.808
Oman,OMN,2007,3.0509
Oman,OMN,2008,3.0571003
Oman,OMN,2009,3.0975
Oman,OMN,2010,4.1264
Oman,OMN,2011,3.3064
Oman,OMN,2012,4.6512003
Oman,OMN,2013,3.6745002
Oman,OMN,2014,3.6631002
Oman,OMN,2015,2.9882002
Oman,OMN,2016,4.2842
Oman,OMN,2017,4.2842
Oman,OMN,2018,3.8525002
Oman,OMN,2019,3.8498003
Oman,OMN,2020,2.5332
Oman,OMN,2021,3.2312002
Oman,OMN,2022,2.0085
Oman,OMN,2023,2.628
Pakistan,PAK,1961,0.82220006
Pakistan,PAK,1962,0.81780005
Pakistan,PAK,1963,0.83030003
Pakistan,PAK,1964,0.8292
Pakistan,PAK,1965,0.8631
Pakistan,PAK,1966,0.75970006
Pakistan,PAK,1967,0.81100005
Pakistan,PAK,1968,1.0727
Pakistan,PAK,1969,1.0744001
Pakistan,PAK,1970,1.171
Pakistan,PAK,1971,1.0833001
Pakistan,PAK,1972,1.1887
Pakistan,PAK,1973,1.2465
Pakistan,PAK,1974,1.248
Pakistan,PAK,1975,1.3202
Pakistan,PAK,1976,1.4222
Pakistan,PAK,1977,1.4310001
Pakistan,PAK,1978,1.3156
Pakistan,PAK,1979,1.4879001
Pakistan,PAK,1980,1.5680001
Pakistan,PAK,1981,1.6431
Pakistan,PAK,1982,1.5651001
Pakistan,PAK,1983,1.6781001
Pakistan,PAK,1984,1.4819001
Pakistan,PAK,1985,1.6123002
Pakistan,PAK,1986,1.8806001
Pakistan,PAK,1987,1.5593001
Pakistan,PAK,1988,1.7343001
Pakistan,PAK,1989,1.8655001
Pakistan,PAK,1990,1.8249002
Pakistan,PAK,1991,1.8410001
Pakistan,PAK,1992,1.991
Pakistan,PAK,1993,1.9466001
Pakistan,PAK,1994,1.8935001
Pakistan,PAK,1995,2.0811002
Pakistan,PAK,1996,2.0184002
Pakistan,PAK,1997,2.0533001
Pakistan,PAK,1998,2.2376
Pakistan,PAK,1999,2.1698
Pakistan,PAK,2000,2.4907
Pakistan,PAK,2001,2.3254
Pakistan,PAK,2002,2.2621002
Pakistan,PAK,2003,2.3878002
Pakistan,PAK,2004,2.3733
Pakistan,PAK,2005,2.5858002
Pakistan,PAK,2006,2.5186002
Pakistan,PAK,2007,2.7156003
Pakistan,PAK,2008,2.4514
Pakistan,PAK,2009,2.6568003
Pakistan,PAK,2010,2.5528002
Pakistan,PAK,2011,2.8328001
Pakistan,PAK,2012,2.7138002
Pakistan,PAK,2013,2.7957
Pakistan,PAK,2014,2.8241003
Pakistan,PAK,2015,2.7256002
Pakistan,PAK,2016,2.779
Pakistan,PAK,2017,2.9729002
Pakistan,PAK,2018,2.8505
Pakistan,PAK,2019,2.8059
Pakistan,PAK,2020,2.8675
Pakistan,PAK,2021,2.9956002
Pakistan,PAK,2022,2.9196002
Pakistan,PAK,2023,3.1176002
Palestine,PSE,1994,1.1192
Palestine,PSE,1995,1.9150001
Palestine,PSE,1996,1.8359001
Palestine,PSE,1997,1.5150001
Palestine,PSE,1998,1.7438002
Palestine,PSE,1999,0.77790004
Palestine,PSE,2000,2.4656003
Palestine,PSE,2001,1.2122
Palestine,PSE,2002,2.4193
Palestine,PSE,2003,2.0749
Palestine,PSE,2004,2.1164
Palestine,PSE,2005,2.0898001
Palestine,PSE,2006,1.8683001
Palestine,PSE,2007,1.9670001
Palestine,PSE,2008,1.3871001
Palestine,PSE,2009,1.3636
Palestine,PSE,2010,1.7892001
Palestine,PSE,2011,1.6218002
Palestine,PSE,2012,1.9993001
Palestine,PSE,2013,2.4032001
Palestine,PSE,2014,2.4032001
Palestine,PSE,2015,1.9834001
Palestine,PSE,2016,2.5715
Palestine,PSE,2017,2.2355
Palestine,PSE,2018,2.3666003
Palestine,PSE,2019,2.2464
Palestine,PSE,2020,2.2686002
Palestine,PSE,2021,3.0552
Palestine,PSE,2022,2.5802
Palestine,PSE,2023,2.5251002
Paraguay,PRY,1961,0.90000004
Paraguay,PRY,1962,0.70000005
Paraguay,PRY,1963,0.90720004
Paraguay,PRY,1964,0.6481
Paraguay,PRY,1965,1
Paraguay,PRY,1966,1.1
Paraguay,PRY,1967,1.2010001
Paraguay,PRY,1968,1.0133001
Paraguay,PRY,1969,0.9141
Paraguay,PRY,1970,0.73330003
Paraguay,PRY,1971,1.0641
Paraguay,PRY,1972,0.5466
Paraguay,PRY,1973,1.133
Paraguay,PRY,1974,1.1632
Paraguay,PRY,1975,0.7092
Paraguay,PRY,1976,1.2087001
Paraguay,PRY,1977,0.98130006
Paraguay,PRY,1978,1.2
Paraguay,PRY,1979,1.2394
Paraguay,PRY,1980,1.7008002
Paraguay,PRY,1981,1.2377
Paraguay,PRY,1982,1.3157
Paraguay,PRY,1983,1.2016001
Paraguay,PRY,1984,1.2004001
Paraguay,PRY,1985,1.5998001
Paraguay,PRY,1986,1.5996001
Paraguay,PRY,1987,2.0971003
Paraguay,PRY,1988,1.8992001
Paraguay,PRY,1989,1.4977
Paraguay,PRY,1990,1.6571001
Paraguay,PRY,1991,1.5636001
Paraguay,PRY,1992,1.6571001
Paraguay,PRY,1993,2.2131002
Paraguay,PRY,1994,2.1494
Paraguay,PRY,1995,1.2094
Paraguay,PRY,1996,2.4544
Paraguay,PRY,1997,1.7862
Paraguay,PRY,1998,1.1419001
Paraguay,PRY,1999,0.9584001
Paraguay,PRY,2000,1.8101001
Paraguay,PRY,2001,1.8334001
Paraguay,PRY,2002,1.7263001
Paraguay,PRY,2003,2.2
Paraguay,PRY,2004,2.2
Paraguay,PRY,2005,2.1918
Paraguay,PRY,2006,1.6986
Paraguay,PRY,2007,2.5
Paraguay,PRY,2008,2.0986001
Paraguay,PRY,2009,2.1000001
Paraguay,PRY,2010,2.5
Paraguay,PRY,2011,2.5049
Paraguay,PRY,2012,2.601
Paraguay,PRY,2013,2.6000001
Paraguay,PRY,2014,1.5000001
Paraguay,PRY,2015,1.8986001
Paraguay,PRY,2016,2.2
Paraguay,PRY,2017,2
Paraguay,PRY,2018,1.6800001
Paraguay,PRY,2019,2.8000002
Paraguay,PRY,2020,2.7098002
Paraguay,PRY,2021,2.0617
Paraguay,PRY,2022,2.2461002
Paraguay,PRY,2023,2.877
Peru,PER,1961,1.0012001
Peru,PER,1962,0.9926
Peru,PER,1963,1.0157001
Peru,PER,1964,0.9588
Peru,PER,1965,0.95800006
Peru,PER,1966,0.9253
Peru,PER,1967,0.952
Peru,PER,1968,0.83000004
Peru,PER,1969,0.93270004
Peru,PER,1970,0.9203
Peru,PER,1971,0.8823
Peru,PER,1972,0.8901
Peru,PER,1973,0.90110004
Peru,PER,1974,0.92410004
Peru,PER,1975,0.94530004
Peru,PER,1976,0.952
Peru,PER,1977,1.0023
Peru,PER,1978,1.0076001
Peru,PER,1979,1.0606
Peru,PER,1980,0.9394001
Peru,PER,1981,1.0225
Peru,PER,1982,1.0597
Peru,PER,1983,0.9474001
Peru,PER,1984,1.0300001
Peru,PER,1985,1.1388001
Peru,PER,1986,1.2362
Peru,PER,1987,1.2758001
Peru,PER,1988,1.3228002
Peru,PER,1989,1.3551
Peru,PER,1990,1.0847
Peru,PER,1991,0.8553
Peru,PER,1992,1.3304001
Peru,PER,1993,1.4812
Peru,PER,1994,1.2420001
Peru,PER,1995,1.2643001
Peru,PER,1996,1.2499001
Peru,PER,1997,1.115
Peru,PER,1998,1.1648
Peru,PER,1999,1.2877
Peru,PER,2000,1.2797
Peru,PER,2001,1.2465
Peru,PER,2002,1.3456
Peru,PER,2003,1.3779001
Peru,PER,2004,1.3872
Peru,PER,2005,1.3440001
Peru,PER,2006,1.3360001
Peru,PER,2007,1.2562
Peru,PER,2008,1.3839
Peru,PER,2009,1.4315001
Peru,PER,2010,1.4224001
Peru,PER,2011,1.4719001
Peru,PER,2012,1.4891001
Peru,PER,2013,1.4976001
Peru,PER,2014,1.5554001
Peru,PER,2015,1.5529001
Peru,PER,2016,1.5623001
Peru,PER,2017,1.5050001
Peru,PER,2018,1.5403001
Peru,PER,2019,1.5623001
Peru,PER,2020,1.6334001
Peru,PER,2021,1.7131001
Peru,PER,2022,1.7671001
Peru,PER,2023,1.7447001
Poland,POL,1961,1.9929001
Poland,POL,1962,1.9383001
Poland,POL,1963,1.9890001
Poland,POL,1964,1.8720001
Poland,POL,1965,2.0639
Poland,POL,1966,2.1501002
Poland,POL,1967,2.2404
Poland,POL,1968,2.4768002
Poland,POL,1969,2.3969
Poland,POL,1970,2.3211002
Poland,POL,1971,2.6478002
Poland,POL,1972,2.5135002
Poland,POL,1973,2.9599001
Poland,POL,1974,3.2007
Poland,POL,1975,2.8264
Poland,POL,1976,3.1355002
Poland,POL,1977,2.8946002
Poland,POL,1978,3.2551003
Poland,POL,1979,2.7032
Poland,POL,1980,2.5957
Poland,POL,1981,2.9648001
Poland,POL,1982,3.0734
Poland,POL,1983,3.3598
Poland,POL,1984,3.522
Poland,POL,1985,3.4283001
Poland,POL,1986,3.7045002
Poland,POL,1987,3.7239
Poland,POL,1988,3.4802
Poland,POL,1989,3.8542001
Poland,POL,1990,3.9575002
Poland,POL,1991,3.8032002
Poland,POL,1992,3.0635002
Poland,POL,1993,3.3279002
Poland,POL,1994,3.1817
Poland,POL,1995,3.6015003
Poland,POL,1996,3.4574
Poland,POL,1997,3.2064002
Poland,POL,1998,3.6243002
Poland,POL,1999,3.5042002
Poland,POL,2000,3.2268002
Poland,POL,2001,3.5336003
Poland,POL,2002,3.8539002
Poland,POL,2003,3.4047
Poland,POL,2004,4.2811003
Poland,POL,2005,3.9545002
Poland,POL,2006,3.2447002
Poland,POL,2007,3.9381003
Poland,POL,2008,4.0716004
Poland,POL,2009,4.1725
Poland,POL,2010,4.4290004
Poland,POL,2011,4.1348
Poland,POL,2012,4.1438
Poland,POL,2013,4.4367003
Poland,POL,2014,4.9721003
Poland,POL,2015,4.5744
Poland,POL,2016,4.5802
Poland,POL,2017,4.8773003
Poland,POL,2018,3.9871004
Poland,POL,2019,4.3035
Poland,POL,2020,5.2342005
Poland,POL,2021,4.9753
Poland,POL,2022,5.2394004
Poland,POL,2023,5.28
Portugal,PRT,1961,0.65150005
Portugal,PRT,1962,0.88570005
Portugal,PRT,1963,0.80020005
Portugal,PRT,1964,0.6887
Portugal,PRT,1965,0.975
Portugal,PRT,1966,0.60870004
Portugal,PRT,1967,1.1112
Portugal,PRT,1968,1.2425001
Portugal,PRT,1969,0.8281
Portugal,PRT,1970,0.93750006
Portugal,PRT,1971,1.5705
Portugal,PRT,1972,1.2145001
Portugal,PRT,1973,1.2061
Portugal,PRT,1974,1.1763
Portugal,PRT,1975,1.3037
Portugal,PRT,1976,1.2921001
Portugal,PRT,1977,0.87350005
Portugal,PRT,1978,0.7084001
Portugal,PRT,1979,0.88290006
Portugal,PRT,1980,1.2205001
Portugal,PRT,1981,0.9276
Portugal,PRT,1982,1.2004001
Portugal,PRT,1983,0.9868
Portugal,PRT,1984,1.5952001
Portugal,PRT,1985,1.3953001
Portugal,PRT,1986,1.5814002
Portugal,PRT,1987,1.6473001
Portugal,PRT,1988,1.3768001
Portugal,PRT,1989,1.9133002
Portugal,PRT,1990,1.4269001
Portugal,PRT,1991,2.0982
Portugal,PRT,1992,1.2914001
Portugal,PRT,1993,1.6861
Portugal,PRT,1994,1.9667001
Portugal,PRT,1995,1.3872
Portugal,PRT,1996,1.7139001
Portugal,PRT,1997,1.1905
Portugal,PRT,1998,1.0151
Portugal,PRT,1999,1.5986
Portugal,PRT,2000,1.5678002
Portugal,PRT,2001,0.8371
Portugal,PRT,2002,1.7904001
Portugal,PRT,2003,0.8581
Portugal,PRT,2004,1.5625001
Portugal,PRT,2005,0.66440004
Portugal,PRT,2006,2.3847
Portugal,PRT,2007,1.863
Portugal,PRT,2008,2.3028002
Portugal,PRT,2009,1.7008002
Portugal,PRT,2010,1.4305
Portugal,PRT,2011,1.2002
Portugal,PRT,2012,1.0766001
Portugal,PRT,2013,1.7635001
Portugal,PRT,2014,2.0657
Portugal,PRT,2015,2.0232
Portugal,PRT,2016,2.3565001
Portugal,PRT,2017,2.0542
Portugal,PRT,2018,2.5938
Portugal,PRT,2019,2.7014
Portugal,PRT,2020,2.7704
Portugal,PRT,2021,2.4229
Portugal,PRT,2022,1.9942
Portugal,PRT,2023,1.4014001
Qatar,QAT,1971,1.4000001
Qatar,QAT,1972,1.5000001
Qatar,QAT,1973,1.7
Qatar,QAT,1974,1.3333001
Qatar,QAT,1975,0.8
Qatar,QAT,1976,0.9333
Qatar,QAT,1977,1.2857
Qatar,QAT,1978,2.1875
Qatar,QAT,1979,2.1818001
Qatar,QAT,1980,2.3519
Qatar,QAT,1981,2.3214
Qatar,QAT,1982,3.2278001
Qatar,QAT,1983,2.6780002
Qatar,QAT,1984,2.7031002
Qatar,QAT,1985,2.3333
Qatar,QAT,1986,2.3636003
Qatar,QAT,1987,2.3409
Qatar,QAT,1988,2.2958002
Qatar,QAT,1989,2.3333
Qatar,QAT,1990,2.2996001
Qatar,QAT,1991,2.3048003
Qatar,QAT,1992,2.3088002
Qatar,QAT,1993,2.3103
Qatar,QAT,1994,2.3065002
Qatar,QAT,1995,2.2969
Qatar,QAT,1996,2.2881002
Qatar,QAT,1997,2.3077002
Qatar,QAT,1998,2.2951002
Qatar,QAT,1999,2.3056002
Qatar,QAT,2000,2.3056002
Qatar,QAT,2001,2.3333
Qatar,QAT,2002,2.2727
Qatar,QAT,2003,2.3333
Qatar,QAT,2004,2.4444
Qatar,QAT,2005,2.3333
Qatar,QAT,2006,2
Qatar,QAT,2007,2.3188002
Qatar,QAT,2008,3.0000002
Qatar,QAT,2009,2.3333
Qatar,QAT,2010,2.25
Qatar,QAT,2011,2.3636003
Qatar,QAT,2012,2.2857
Qatar,QAT,2013,2.2632
Qatar,QAT,2014,2.5
Qatar,QAT,2016,2.2963002
Qatar,QAT,2017,2.2857
Qatar,QAT,2018,2.5
Qatar,QAT,2019,2.3333
Qatar,QAT,2020,2.3000002
Qatar,QAT,2021,2.3119
Qatar,QAT,2022,1.8000001
Qatar,QAT,2023,3.0000002
Romania,ROU,1911,1.29
Romania,ROU,1934,0.8
Romania,ROU,1950,1.02
Romania,ROU,1961,1.3438001
Romania,ROU,1962,1.3323001
Romania,ROU,1963,1.3216001
Romania,ROU,1964,1.2923001
Romania,ROU,1965,1.9900001
Romania,ROU,1966,1.6691
Romania,ROU,1967,1.9976001
Romania,ROU,1968,1.7209
Romania,ROU,1969,1.5760001
Romania,ROU,1970,1.4459001
Romania,ROU,1971,2.2374
Romania,ROU,1972,2.3939
Romania,ROU,1973,2.3269
Romania,ROU,1974,2.089
Romania,ROU,1975,2.0729
Romania,ROU,1976,2.8087
Romania,ROU,1977,2.8356001
Romania,ROU,1978,2.6712
Romania,ROU,1979,2.1701002
Romania,ROU,1980,2.7909
Romania,ROU,1981,2.5014
Romania,ROU,1982,2.8399
Romania,ROU,1983,2.216
Romania,ROU,1984,3.1305
Romania,ROU,1985,2.3381002
Romania,ROU,1986,2.5112002
Romania,ROU,1987,2.8134
Romania,ROU,1988,3.5942001
Romania,ROU,1989,3.3808002
Romania,ROU,1990,3.2351003
Romania,ROU,1991,2.5406003
Romania,ROU,1992,2.1950002
Romania,ROU,1993,2.3291001
Romania,ROU,1994,2.5435002
Romania,ROU,1995,3.0903
Romania,ROU,1996,1.7645001
Romania,ROU,1997,3.0103002
Romania,ROU,1998,2.5963001
Romania,ROU,1999,2.7993002
Romania,ROU,2000,2.2996001
Romania,ROU,2001,3.0449
Romania,ROU,2002,2.058
Romania,ROU,2003,1.7570001
Romania,ROU,2004,3.4775002
Romania,ROU,2005,2.9985
Romania,ROU,2006,2.7737
Romania,ROU,2007,1.6100001
Romania,ROU,2008,3.4222002
Romania,ROU,2009,2.4305
Romania,ROU,2010,2.7
Romania,ROU,2011,3.6650002
Romania,ROU,2012,2.6593
Romania,ROU,2013,3.4786003
Romania,ROU,2014,3.5984
Romania,ROU,2015,3.7872002
Romania,ROU,2016,3.9484
Romania,ROU,2017,4.8911004
Romania,ROU,2018,4.7935004
Romania,ROU,2019,4.7488
Romania,ROU,2020,2.966
Romania,ROU,2021,4.7969003
Romania,ROU,2022,4.0044003
Romania,ROU,2023,4.1524
Russia,RUS,1850,0.45
Russia,RUS,1911,0.69
Russia,RUS,1934,0.81000006
Russia,RUS,1950,0.84
Russia,RUS,1978,1.65
Russia,RUS,1992,1.9030001
Russia,RUS,1993,1.7655001
Russia,RUS,1994,1.4498001
Russia,RUS,1995,1.3946
Russia,RUS,1996,1.5449001
Russia,RUS,1997,1.8417001
Russia,RUS,1998,1.3594
Russia,RUS,1999,1.5691
Russia,RUS,2000,1.6144001
Russia,RUS,2001,2.0583003
Russia,RUS,2002,2.0681002
Russia,RUS,2003,1.7030001
Russia,RUS,2004,1.9823002
Russia,RUS,2005,1.9291
Russia,RUS,2006,1.9492
Russia,RUS,2007,2.1007001
Russia,RUS,2008,2.4459
Russia,RUS,2009,2.3182
Russia,RUS,2010,1.9181001
Russia,RUS,2011,2.2645001
Russia,RUS,2012,1.7727001
Russia,RUS,2013,2.2288
Russia,RUS,2014,2.4976003
Russia,RUS,2015,2.3883002
Russia,RUS,2016,2.6854
Russia,RUS,2017,3.1254
Russia,RUS,2018,2.7250001
Russia,RUS,2019,2.7016003
Russia,RUS,2020,2.9759
Russia,RUS,2021,2.7244
Russia,RUS,2022,3.5508003
Russia,RUS,2023,3.1738002
Rwanda,RWA,1961,0.78690004
Rwanda,RWA,1962,0.7997
Rwanda,RWA,1963,0.8026
Rwanda,RWA,1964,0.3953
Rwanda,RWA,1965,0.8496
Rwanda,RWA,1966,0.8
Rwanda,RWA,1967,0.8
Rwanda,RWA,1968,0.84950006
Rwanda,RWA,1969,0.84990007
Rwanda,RWA,1970,0.90000004
Rwanda,RWA,1971,0.9001
Rwanda,RWA,1972,0.8998
Rwanda,RWA,1973,0.72120005
Rwanda,RWA,1974,0.82000005
Rwanda,RWA,1975,0.8424001
Rwanda,RWA,1976,0.8351
Rwanda,RWA,1977,0.85600007
Rwanda,RWA,1978,0.6916
Rwanda,RWA,1979,0.75320005
Rwanda,RWA,1980,0.7059001
Rwanda,RWA,1981,0.7713
Rwanda,RWA,1982,0.91080004
Rwanda,RWA,1983,0.84620005
Rwanda,RWA,1984,0.837
Rwanda,RWA,1985,0.99880004
Rwanda,RWA,1986,1.0348
Rwanda,RWA,1987,0.92200005
Rwanda,RWA,1988,1.0673001
Rwanda,RWA,1989,1.1556001
Rwanda,RWA,1990,1.1811
Rwanda,RWA,1991,0.89290005
Rwanda,RWA,1992,0.89360005
Rwanda,RWA,1993,0.8808
Rwanda,RWA,1994,0.91470003
Rwanda,RWA,1995,1.0442
Rwanda,RWA,1996,1.1357
Rwanda,RWA,1997,0.95570004
Rwanda,RWA,1998,0.7263
Rwanda,RWA,1999,0.69740003
Rwanda,RWA,2000,0.6416
Rwanda,RWA,2001,0.76940006
Rwanda,RWA,2002,0.6171
Rwanda,RWA,2003,0.73510003
Rwanda,RWA,2004,0.79870003
Rwanda,RWA,2005,0.90830004
Rwanda,RWA,2006,0.851
Rwanda,RWA,2007,0.8948
Rwanda,RWA,2008,0.90840006
Rwanda,RWA,2009,0.92550004
Rwanda,RWA,2010,0.93920004
Rwanda,RWA,2011,0.96590006
Rwanda,RWA,2012,0.95600003
Rwanda,RWA,2013,0.9215
Rwanda,RWA,2014,0.94070005
Rwanda,RWA,2015,0.96070004
Rwanda,RWA,2016,0.98270005
Rwanda,RWA,2017,1.0157001
Rwanda,RWA,2018,1.1022
Rwanda,RWA,2019,1.1853001
Rwanda,RWA,2020,1.0408001
Rwanda,RWA,2021,1.0393001
Rwanda,RWA,2022,1.1587
Rwanda,RWA,2023,1.2555001
Saudi Arabia,SAU,1961,1.4706
Saudi Arabia,SAU,1962,1.44
Saudi Arabia,SAU,1963,1.6364001
Saudi Arabia,SAU,1964,1.5854001
Saudi Arabia,SAU,1965,1.7503002
Saudi Arabia,SAU,1966,1.7500001
Saudi Arabia,SAU,1967,1.6471001
Saudi Arabia,SAU,1968,1.7371
Saudi Arabia,SAU,1969,1.8571
Saudi Arabia,SAU,1970,1.8571
Saudi Arabia,SAU,1971,1.3923001
Saudi Arabia,SAU,1972,1.006
Saudi Arabia,SAU,1973,2.0446
Saudi Arabia,SAU,1974,1.8423002
Saudi Arabia,SAU,1975,2.1262
Saudi Arabia,SAU,1976,1.2548001
Saudi Arabia,SAU,1977,1.7404001
Saudi Arabia,SAU,1978,2.0017002
Saudi Arabia,SAU,1979,2.0907001
Saudi Arabia,SAU,1980,2.1083002
Saudi Arabia,SAU,1981,2.5473
Saudi Arabia,SAU,1982,2.7588003
Saudi Arabia,SAU,1983,3.3358002
Saudi Arabia,SAU,1984,3.4687002
Saudi Arabia,SAU,1985,3.6344001
Saudi Arabia,SAU,1986,4.0429
Saudi Arabia,SAU,1987,4.4021
Saudi Arabia,SAU,1988,4.4982004
Saudi Arabia,SAU,1989,4.4239
Saudi Arabia,SAU,1990,4.6461005
Saudi Arabia,SAU,1991,4.5030003
Saudi Arabia,SAU,1992,4.4609003
Saudi Arabia,SAU,1993,4.4886003
Saudi Arabia,SAU,1994,4.5503
Saudi Arabia,SAU,1995,4.472
Saudi Arabia,SAU,1996,4.3821
Saudi Arabia,SAU,1997,4.4497004
Saudi Arabia,SAU,1998,4.4999003
Saudi Arabia,SAU,1999,4.2526
Saudi Arabia,SAU,2000,4.2640004
Saudi Arabia,SAU,2001,4.9081
Saudi Arabia,SAU,2002,4.8875003
Saudi Arabia,SAU,2003,4.8849
Saudi Arabia,SAU,2004,5.3066006
Saudi Arabia,SAU,2005,5.4175
Saudi Arabia,SAU,2006,5.6172004
Saudi Arabia,SAU,2007,5.6844
Saudi Arabia,SAU,2008,6.0877004
Saudi Arabia,SAU,2009,5.8833003
Saudi Arabia,SAU,2010,6.1474004
Saudi Arabia,SAU,2011,6.1429
Saudi Arabia,SAU,2012,5.9254003
Saudi Arabia,SAU,2013,6.4333
Saudi Arabia,SAU,2014,5.88
Saudi Arabia,SAU,2015,6.142
Saudi Arabia,SAU,2016,5.925
Saudi Arabia,SAU,2017,6.4333
Saudi Arabia,SAU,2018,6.5334
Saudi Arabia,SAU,2019,5.9023
Saudi Arabia,SAU,2020,6.3755
Saudi Arabia,SAU,2021,6.7000003
Saudi Arabia,SAU,2022,6.8
Saudi Arabia,SAU,2023,6.6991005
Serbia,SRB,2006,3.4740002
Serbia,SRB,2007,3.3327
Serbia,SRB,2008,4.2991004
Serbia,SRB,2009,3.6423001
Serbia,SRB,2010,3.3672001
Serbia,SRB,2011,4.2114
Serbia,SRB,2012,3.9770002
Serbia,SRB,2013,4.2592006
Serbia,SRB,2014,3.9474
Serbia,SRB,2015,4.1161003
Serbia,SRB,2016,4.847
Serbia,SRB,2017,4.092
Serbia,SRB,2018,4.5742006
Serbia,SRB,2019,4.3890004
Serbia,SRB,2020,4.9447002
Serbia,SRB,2021,5.7493
Serbia,SRB,2022,4.9277005
Serbia,SRB,2023,5.0549
Serbia and Montenegro,OWID_SRM,1992,3.1034
Serbia and Montenegro,OWID_SRM,1993,3.4089
Serbia and Montenegro,OWID_SRM,1994,3.5784001
Serbia and Montenegro,OWID_SRM,1995,3.4171002
Serbia and Montenegro,OWID_SRM,1996,2.5846002
Serbia and Montenegro,OWID_SRM,1997,3.6409001
Serbia and Montenegro,OWID_SRM,1998,3.7269
Serbia and Montenegro,OWID_SRM,1999,3.2870002
Serbia and Montenegro,OWID_SRM,2000,2.9508002
Serbia and Montenegro,OWID_SRM,2001,3.6563003
Serbia and Montenegro,OWID_SRM,2002,3.2293003
Serbia and Montenegro,OWID_SRM,2003,2.2772
Serbia and Montenegro,OWID_SRM,2004,4.334
Serbia and Montenegro,OWID_SRM,2005,3.5626004
Slovakia,SVK,1993,3.8474002
Slovakia,SVK,1994,4.8518
Slovakia,SVK,1995,4.4379
Slovakia,SVK,1996,4.1302004
Slovakia,SVK,1997,4.5723
Slovakia,SVK,1998,4.1726003
Slovakia,SVK,1999,4.0133004
Slovakia,SVK,2000,3.0952
Slovakia,SVK,2001,4.0102
Slovakia,SVK,2002,3.8302002
Slovakia,SVK,2003,3.0313003
Slovakia,SVK,2004,4.7988
Slovakia,SVK,2005,4.3111005
Slovakia,SVK,2006,3.8461003
Slovakia,SVK,2007,3.8249002
Slovakia,SVK,2008,4.8693
Slovakia,SVK,2009,4.0557003
Slovakia,SVK,2010,3.4646003
Slovakia,SVK,2011,4.4953
Slovakia,SVK,2012,3.2856002
Slovakia,SVK,2013,4.5808
Slovakia,SVK,2014,5.464
Slovakia,SVK,2015,5.5098
Slovakia,SVK,2016,5.8434
Slovakia,SVK,2017,4.7386003
Slovakia,SVK,2018,4.7796
Slovakia,SVK,2019,4.7666
Slovakia,SVK,2020,5.5113
Slovakia,SVK,2021,5.609
Slovakia,SVK,2022,4.9750004
Slovakia,SVK,2023,6.123
Slovenia,SVN,1992,4.1937003
Slovenia,SVN,1993,3.8430002
Slovenia,SVN,1994,4.3300004
Slovenia,SVN,1995,4.23
Slovenia,SVN,1996,3.9
Slovenia,SVN,1997,4.1557
Slovenia,SVN,1998,4.8279
Slovenia,SVN,1999,3.7087002
Slovenia,SVN,2000,4.2492003
Slovenia,SVN,2001,4.6036005
Slovenia,SVN,2002,4.8943
Slovenia,SVN,2003,3.4543002
Slovenia,SVN,2004,4.5339003
Slovenia,SVN,2005,4.7005
Slovenia,SVN,2006,4.1907005
Slovenia,SVN,2007,4.1616
Slovenia,SVN,2008,4.5265
Slovenia,SVN,2009,3.9643002
Slovenia,SVN,2010,4.8044
Slovenia,SVN,2011,5.177
Slovenia,SVN,2012,5.4376
Slovenia,SVN,2013,4.3528
Slovenia,SVN,2014,5.2302003
Slovenia,SVN,2015,5.1102004
Slovenia,SVN,2016,5.1863003
Slovenia,SVN,2017,5.0314
Slovenia,SVN,2018,4.3817005
Slovenia,SVN,2019,5.2305
Slovenia,SVN,2020,5.7963
Slovenia,SVN,2021,5.7652006
Slovenia,SVN,2022,5.4699
Slovenia,SVN,2023,5.0651
Small Island Developing States (FAO),,1961,2.5
Small Island Developing States (FAO),,1962,2.5
Small Island Developing States (FAO),,1963,2.5
Small Island Developing States (FAO),,1964,2.5
Small Island Developing States (FAO),,1965,2.5
Small Island Developing States (FAO),,1966,2.5
Small Island Developing States (FAO),,1967,3.0000002
Small Island Developing States (FAO),,1968,2.6875002
Small Island Developing States (FAO),,1969,2.9
Small Island Developing States (FAO),,1970,2.8571002
Small Island Developing States (FAO),,1971,1.3333001
Small Island Developing States (FAO),,1972,2.5
Small Island Developing States (FAO),,1973,3.3500001
Small Island Developing States (FAO),,1974,3.2500002
Small Island Developing States (FAO),,1975,3.0000002
Small Island Developing States (FAO),,1976,2
Small Island Developing States (FAO),,1977,2
Small Island Developing States (FAO),,1978,2.2222002
Small Island Developing States (FAO),,1979,1.2069001
Small Island Developing States (FAO),,1980,1.0638001
Small Island Developing States (FAO),,1981,1.3978001
Small Island Developing States (FAO),,1982,1.6246
Small Island Developing States (FAO),,1983,0.82470006
Small Island Developing States (FAO),,1984,0.73270005
Small Island Developing States (FAO),,1985,1.835
Small Island Developing States (FAO),,1986,1.8392
Small Island Developing States (FAO),,1987,1.5000001
Small Island Developing States (FAO),,1988,1.32
Small Island Developing States (FAO),,1989,1.13
Small Island Developing States (FAO),,1990,0.73170006
Small Island Developing States (FAO),,1991,1.3812001
Small Island Developing States (FAO),,1992,2.0273001
Small Island Developing States (FAO),,1993,1.8519001
Small Island Developing States (FAO),,1994,1.9571
Small Island Developing States (FAO),,1995,1.94
Small Island Developing States (FAO),,1996,1.8730001
Small Island Developing States (FAO),,1997,1.8889002
Small Island Developing States (FAO),,1998,1.9750001
Small Island Developing States (FAO),,1999,1.7500001
Small Island Developing States (FAO),,2001,1.8500001
Small Island Developing States (FAO),,2003,1.9000001
Small Island Developing States (FAO),,2004,1.8945001
Small Island Developing States (FAO),,2005,1.8932
Small Island Developing States (FAO),,2012,1.9150001
Small Island Developing States (FAO),,2013,1.9194001
Small Island Developing States (FAO),,2015,0.70220006
Small Island Developing States (FAO),,2016,0.65430003
Small Island Developing States (FAO),,2017,0.60170007
Small Island Developing States (FAO),,2018,0.5224
Small Island Developing States (FAO),,2019,0.5928
Small Island Developing States (FAO),,2020,0.5094
Small Island Developing States (FAO),,2021,0.5618
Small Island Developing States (FAO),,2022,0.5503
Small Island Developing States (FAO),,2023,0.53770006
Somalia,SOM,1970,0
Somalia,SOM,1971,0
Somalia,SOM,1972,0
Somalia,SOM,1973,0
Somalia,SOM,1974,0
Somalia,SOM,1975,0
Somalia,SOM,1976,0
Somalia,SOM,1977,0
Somalia,SOM,1978,0
Somalia,SOM,1979,0
Somalia,SOM,1980,0
Somalia,SOM,1981,0
Somalia,SOM,1982,0
Somalia,SOM,1983,0
Somalia,SOM,1984,0
Somalia,SOM,1985,0.36110002
Somalia,SOM,1986,0.36110002
Somalia,SOM,1987,0.3703
Somalia,SOM,1988,0.3703
Somalia,SOM,1989,0.3684
Somalia,SOM,1990,0.37
Somalia,SOM,1991,0.36670002
Somalia,SOM,1992,0.3684
Somalia,SOM,1993,0.37
Somalia,SOM,1994,0.37010002
Somalia,SOM,1995,0.37080002
Somalia,SOM,1996,0.3714
Somalia,SOM,1997,0.37240002
Somalia,SOM,1998,0.37500003
Somalia,SOM,1999,0.37220004
Somalia,SOM,2000,0.36920002
Somalia,SOM,2001,0.36540002
Somalia,SOM,2002,0.37360004
Somalia,SOM,2003,0.3763
Somalia,SOM,2004,0.37860003
Somalia,SOM,2005,0.3871
Somalia,SOM,2006,0.36920002
Somalia,SOM,2007,0.3785
Somalia,SOM,2008,0.38060004
Somalia,SOM,2009,0.38340002
Somalia,SOM,2010,0.38680002
Somalia,SOM,2011,0.39010003
Somalia,SOM,2012,0.4
Somalia,SOM,2013,0.4
Somalia,SOM,2014,0.39510003
Somalia,SOM,2015,0.39560002
Somalia,SOM,2016,0.3958
Somalia,SOM,2017,0.3964
Somalia,SOM,2018,0.39710003
Somalia,SOM,2019,0.39790002
Somalia,SOM,2020,0.39880002
Somalia,SOM,2021,0.3995
Somalia,SOM,2022,0.4004
Somalia,SOM,2023,0.4013
South Africa,ZAF,1961,0.619
South Africa,ZAF,1962,0.5127
South Africa,ZAF,1963,0.5793
South Africa,ZAF,1964,0.8036
South Africa,ZAF,1965,0.48240003
South Africa,ZAF,1966,0.48320004
South Africa,ZAF,1967,0.82970005
South Africa,ZAF,1968,0.74670005
South Africa,ZAF,1969,0.71140003
South Africa,ZAF,1970,0.72330004
South Africa,ZAF,1971,0.83080006
South Africa,ZAF,1972,0.8656
South Africa,ZAF,1973,0.924
South Africa,ZAF,1974,0.85580003
South Africa,ZAF,1975,0.97440004
South Africa,ZAF,1976,1.1475
South Africa,ZAF,1977,1.0279001
South Africa,ZAF,1978,0.89290005
South Africa,ZAF,1979,1.0967
South Africa,ZAF,1980,0.90470004
South Africa,ZAF,1981,1.3002
South Africa,ZAF,1982,1.2141
South Africa,ZAF,1983,0.98080003
South Africa,ZAF,1984,1.2080001
South Africa,ZAF,1985,0.8538
South Africa,ZAF,1986,1.1989001
South Africa,ZAF,1987,1.8033001
South Africa,ZAF,1988,1.8019001
South Africa,ZAF,1989,1.0906
South Africa,ZAF,1990,1.0934001
South Africa,ZAF,1991,1.4916
South Africa,ZAF,1992,1.7653002
South Africa,ZAF,1993,1.8454001
South Africa,ZAF,1994,1.7561
South Africa,ZAF,1995,1.4507
South Africa,ZAF,1996,2.0961
South Africa,ZAF,1997,1.7575
South Africa,ZAF,1998,2.5295
South Africa,ZAF,1999,2.4137
South Africa,ZAF,2000,2.5997
South Africa,ZAF,2001,2.5708
South Africa,ZAF,2002,2.5906003
South Africa,ZAF,2003,2.068
South Africa,ZAF,2004,2.0325
South Africa,ZAF,2005,2.3665001
South Africa,ZAF,2006,2.7516003
South Africa,ZAF,2007,3.0142002
South Africa,ZAF,2008,2.8476002
South Africa,ZAF,2009,3.0475001
South Africa,ZAF,2010,2.5623002
South Africa,ZAF,2011,3.3157
South Africa,ZAF,2012,3.7476003
South Africa,ZAF,2013,3.6993003
South Africa,ZAF,2014,3.6721003
South Africa,ZAF,2015,2.9866002
South Africa,ZAF,2016,3.7571003
South Africa,ZAF,2017,3.1225002
South Africa,ZAF,2018,3.7111003
South Africa,ZAF,2019,2.8426003
South Africa,ZAF,2020,4.1585
South Africa,ZAF,2021,4.3649
South Africa,ZAF,2022,3.7227
South Africa,ZAF,2023,3.8108003
South America,,1961,1.1358268
South America,,1962,1.3453113
South America,,1963,1.3791425
South America,,1964,1.6361418
South America,,1965,1.2445667
South America,,1966,1.1882915
South America,,1967,1.213782
South America,,1968,1.0249571
South America,,1969,1.2721868
South America,,1970,1.249544
South America,,1971,1.1826997
South America,,1972,1.2396811
South America,,1973,1.4337177
South America,,1974,1.321026
South America,,1975,1.2525889
South America,,1976,1.3882709
South America,,1977,1.0957785
South America,,1978,1.4262615
South America,,1979,1.3073628
South America,,1980,1.3153248
South America,,1981,1.3395393
South America,,1982,1.6414075
South America,,1983,1.6795839
South America,,1984,1.9916968
South America,,1985,1.6289598
South America,,1986,1.679325
South America,,1987,1.8842533
South America,,1988,1.8297627
South America,,1989,1.8812577
South America,,1990,1.7172396
South America,,1991,1.8289338
South America,,1992,2.0109348
South America,,1993,2.12895
South America,,1994,1.9912289
South America,,1995,2.0979812
South America,,1996,1.9775157
South America,,1997,2.1702442
South America,,1998,2.4232893
South America,,1999,2.2067702
South America,,2000,2.3550267
South America,,2001,2.3896813
South America,,2002,2.1141226
South America,,2003,2.2032592
South America,,2004,2.4519014
South America,,2005,2.501082
South America,,2006,2.3383276
South America,,2007,2.537983
South America,,2008,2.7258496
South America,,2009,2.1020238
South America,,2010,2.8288386
South America,,2011,3.1832767
South America,,2012,2.947735
South America,,2013,2.6962066
South America,,2014,2.4887245
South America,,2015,2.6232238
South America,,2016,2.986929
South America,,2017,3.0032656
South America,,2018,2.9827702
South America,,2019,3.0871594
South America,,2020,2.8759766
South America,,2021,2.8238587
South America,,2022,3.314287
South America,,2023,2.4482934
South America (FAO),,1961,1.1358001
South America (FAO),,1962,1.3453001
South America (FAO),,1963,1.3791001
South America (FAO),,1964,1.6361
South America (FAO),,1965,1.2446
South America (FAO),,1966,1.1883001
South America (FAO),,1967,1.2138001
South America (FAO),,1968,1.0250001
South America (FAO),,1969,1.2722
South America (FAO),,1970,1.2495
South America (FAO),,1971,1.1827
South America (FAO),,1972,1.2397
South America (FAO),,1973,1.4337
South America (FAO),,1974,1.3210001
South America (FAO),,1975,1.2526001
South America (FAO),,1976,1.3883001
South America (FAO),,1977,1.0958
South America (FAO),,1978,1.4263002
South America (FAO),,1979,1.3074001
South America (FAO),,1980,1.3153001
South America (FAO),,1981,1.3395001
South America (FAO),,1982,1.6414001
South America (FAO),,1983,1.6796
South America (FAO),,1984,1.9917
South America (FAO),,1985,1.6290001
South America (FAO),,1986,1.6793001
South America (FAO),,1987,1.8843001
South America (FAO),,1988,1.8298001
South America (FAO),,1989,1.8813001
South America (FAO),,1990,1.7172
South America (FAO),,1991,1.8289001
South America (FAO),,1992,2.0109
South America (FAO),,1993,2.1290002
South America (FAO),,1994,1.9912001
South America (FAO),,1995,2.098
South America (FAO),,1996,1.9775001
South America (FAO),,1997,2.1702
South America (FAO),,1998,2.4233003
South America (FAO),,1999,2.2068002
South America (FAO),,2000,2.355
South America (FAO),,2001,2.3897002
South America (FAO),,2002,2.1141002
South America (FAO),,2003,2.2033002
South America (FAO),,2004,2.4519
South America (FAO),,2005,2.5011003
South America (FAO),,2006,2.3383002
South America (FAO),,2007,2.538
South America (FAO),,2008,2.7258003
South America (FAO),,2009,2.102
South America (FAO),,2010,2.8288002
South America (FAO),,2011,3.1833003
South America (FAO),,2012,2.9477
South America (FAO),,2013,2.6962001
South America (FAO),,2014,2.4887002
South America (FAO),,2015,2.6232002
South America (FAO),,2016,2.9869
South America (FAO),,2017,3.0033002
South America (FAO),,2018,2.9828002
South America (FAO),,2019,3.0872002
South America (FAO),,2020,2.8760002
South America (FAO),,2021,2.8239
South America (FAO),,2022,3.3143003
South America (FAO),,2023,2.4483001
South Korea,KOR,1961,2.2657
South Korea,KOR,1962,2.0093002
South Korea,KOR,1963,1.6559001
South Korea,KOR,1964,2.1219
South Korea,KOR,1965,1.9800001
South Korea,KOR,1966,2.0585
South Korea,KOR,1967,2.0548
South Korea,KOR,1968,2.19
South Korea,KOR,1969,2.39
South Korea,KOR,1970,2.26
South Korea,KOR,1971,2.2674
South Korea,KOR,1972,2.375
South Korea,KOR,1973,2.308
South Korea,KOR,1974,2.0341
South Korea,KOR,1975,2.2176
South Korea,KOR,1976,2.2227
South Korea,KOR,1977,1.6844001
South Korea,KOR,1978,2.0891001
South Korea,KOR,1979,3.2070003
South Korea,KOR,1980,3.2997
South Korea,KOR,1981,2.9011002
South Korea,KOR,1982,3.3482
South Korea,KOR,1983,4.2213
South Korea,KOR,1984,2.6887
South Korea,KOR,1985,3.4257002
South Korea,KOR,1986,2.9379
South Korea,KOR,1987,3.0235002
South Korea,KOR,1988,3.2842002
South Korea,KOR,1989,3.0797
South Korea,KOR,1990,3.0238001
South Korea,KOR,1991,3.0955002
South Korea,KOR,1992,3.3659
South Korea,KOR,1993,2.7112
South Korea,KOR,1994,3.7045002
South Korea,KOR,1995,4.4386005
South Korea,KOR,1996,3.9193003
South Korea,KOR,1997,4.0441003
South Korea,KOR,1998,3.4847002
South Korea,KOR,1999,3.6699002
South Korea,KOR,2000,2.5452
South Korea,KOR,2001,3.1049001
South Korea,KOR,2002,3.2268002
South Korea,KOR,2003,3.0512002
South Korea,KOR,2004,3.3289
South Korea,KOR,2005,3.2058003
South Korea,KOR,2006,3.3429
South Korea,KOR,2007,3.8128002
South Korea,KOR,2008,4.0639
South Korea,KOR,2009,3.7067
South Korea,KOR,2010,3.1173003
South Korea,KOR,2011,3.3484
South Korea,KOR,2012,3.9098003
South Korea,KOR,2013,2.5852
South Korea,KOR,2014,3.2603002
South Korea,KOR,2015,2.6234
South Korea,KOR,2016,3.7074
South Korea,KOR,2017,4.0316005
South Korea,KOR,2018,3.9073002
South Korea,KOR,2019,4.0214
South Korea,KOR,2020,3.2513
South Korea,KOR,2021,4.2294
South Korea,KOR,2022,4.1848
South Korea,KOR,2023,4.4663
South-eastern Asia (FAO),,1961,0.3078
South-eastern Asia (FAO),,1962,0.4124
South-eastern Asia (FAO),,1963,0.55820006
South-eastern Asia (FAO),,1964,0.67620003
South-eastern Asia (FAO),,1965,0.6445
South-eastern Asia (FAO),,1966,0.63440007
South-eastern Asia (FAO),,1967,0.4979
South-eastern Asia (FAO),,1968,0.5763
South-eastern Asia (FAO),,1969,0.4684
South-eastern Asia (FAO),,1970,0.555
South-eastern Asia (FAO),,1971,0.6243
South-eastern Asia (FAO),,1972,0.54990005
South-eastern Asia (FAO),,1973,0.5479
South-eastern Asia (FAO),,1974,0.45550004
South-eastern Asia (FAO),,1975,0.74520004
South-eastern Asia (FAO),,1976,0.6526
South-eastern Asia (FAO),,1977,0.8783
South-eastern Asia (FAO),,1978,1.0256001
South-eastern Asia (FAO),,1979,0.5037
South-eastern Asia (FAO),,1980,1.1064001
South-eastern Asia (FAO),,1981,1.11
South-eastern Asia (FAO),,1982,1.3341
South-eastern Asia (FAO),,1983,1.263
South-eastern Asia (FAO),,1984,1.5942
South-eastern Asia (FAO),,1985,1.7431
South-eastern Asia (FAO),,1986,1.7121
South-eastern Asia (FAO),,1987,1.7286
South-eastern Asia (FAO),,1988,1.3060001
South-eastern Asia (FAO),,1989,1.0723001
South-eastern Asia (FAO),,1990,0.9524001
South-eastern Asia (FAO),,1991,0.9551
South-eastern Asia (FAO),,1992,0.9371
South-eastern Asia (FAO),,1993,0.9301
South-eastern Asia (FAO),,1994,0.8198
South-eastern Asia (FAO),,1995,0.84070003
South-eastern Asia (FAO),,1996,0.9427
South-eastern Asia (FAO),,1997,1.0286
South-eastern Asia (FAO),,1998,0.9559001
South-eastern Asia (FAO),,1999,1.0915
South-eastern Asia (FAO),,2000,1.143
South-eastern Asia (FAO),,2001,1.1841
South-eastern Asia (FAO),,2002,1.2602
South-eastern Asia (FAO),,2003,1.2802
South-eastern Asia (FAO),,2004,1.3864001
South-eastern Asia (FAO),,2005,1.3867
South-eastern Asia (FAO),,2006,1.5162001
South-eastern Asia (FAO),,2007,1.5695001
South-eastern Asia (FAO),,2008,1.7005001
South-eastern Asia (FAO),,2009,1.7192
South-eastern Asia (FAO),,2010,1.7708001
South-eastern Asia (FAO),,2011,1.7670001
South-eastern Asia (FAO),,2012,1.7735001
South-eastern Asia (FAO),,2013,1.8013002
South-eastern Asia (FAO),,2014,1.8379002
South-eastern Asia (FAO),,2015,1.8505001
South-eastern Asia (FAO),,2016,1.1837
South-eastern Asia (FAO),,2017,1.8679001
South-eastern Asia (FAO),,2018,1.8558002
South-eastern Asia (FAO),,2019,1.8615001
South-eastern Asia (FAO),,2020,1.8448001
South-eastern Asia (FAO),,2021,1.8427
South-eastern Asia (FAO),,2022,1.8267001
South-eastern Asia (FAO),,2023,1.3720001
Southern Africa (FAO),,1961,0.6305
Southern Africa (FAO),,1962,0.5264
Southern Africa (FAO),,1963,0.5888
Southern Africa (FAO),,1964,0.80240005
Southern Africa (FAO),,1965,0.4943
Southern Africa (FAO),,1966,0.5034
Southern Africa (FAO),,1967,0.82220006
Southern Africa (FAO),,1968,0.7425
Southern Africa (FAO),,1969,0.7077001
Southern Africa (FAO),,1970,0.7207
Southern Africa (FAO),,1971,0.82150006
Southern Africa (FAO),,1972,0.83430004
Southern Africa (FAO),,1973,0.9089001
Southern Africa (FAO),,1974,0.85220003
Southern Africa (FAO),,1975,0.97050005
Southern Africa (FAO),,1976,1.1382
Southern Africa (FAO),,1977,1.0386
Southern Africa (FAO),,1978,0.90400004
Southern Africa (FAO),,1979,1.0949001
Southern Africa (FAO),,1980,0.90730006
Southern Africa (FAO),,1981,1.2966
Southern Africa (FAO),,1982,1.2083001
Southern Africa (FAO),,1983,0.97520006
Southern Africa (FAO),,1984,1.2003001
Southern Africa (FAO),,1985,0.84970003
Southern Africa (FAO),,1986,1.1953001
Southern Africa (FAO),,1987,1.7871001
Southern Africa (FAO),,1988,1.7860001
Southern Africa (FAO),,1989,1.0836
Southern Africa (FAO),,1990,1.0893002
Southern Africa (FAO),,1991,1.4643002
Southern Africa (FAO),,1992,1.7517
Southern Africa (FAO),,1993,1.8371
Southern Africa (FAO),,1994,1.7247
Southern Africa (FAO),,1995,1.4439001
Southern Africa (FAO),,1996,2.0867
Southern Africa (FAO),,1997,1.7581
Southern Africa (FAO),,1998,2.505
Southern Africa (FAO),,1999,2.3676002
Southern Africa (FAO),,2000,2.5528002
Southern Africa (FAO),,2001,2.5609
Southern Africa (FAO),,2002,2.5265002
Southern Africa (FAO),,2003,2.0066001
Southern Africa (FAO),,2004,1.996
Southern Africa (FAO),,2005,2.3344
Southern Africa (FAO),,2006,2.7039
Southern Africa (FAO),,2007,2.9529
Southern Africa (FAO),,2008,2.7847002
Southern Africa (FAO),,2009,2.9458003
Southern Africa (FAO),,2010,2.5492
Southern Africa (FAO),,2011,3.2524002
Southern Africa (FAO),,2012,3.6905003
Southern Africa (FAO),,2013,3.6580002
Southern Africa (FAO),,2014,3.6023002
Southern Africa (FAO),,2015,2.9593003
Southern Africa (FAO),,2016,3.7115002
Southern Africa (FAO),,2017,3.1015
Southern Africa (FAO),,2018,3.6690001
Southern Africa (FAO),,2019,2.8354
Southern Africa (FAO),,2020,4.1390004
Southern Africa (FAO),,2021,4.3250003
Southern Africa (FAO),,2022,3.6926003
Southern Africa (FAO),,2023,3.759
Southern Asia (FAO),,1961,0.85420007
Southern Asia (FAO),,1962,0.8679001
Southern Asia (FAO),,1963,0.7965
Southern Asia (FAO),,1964,0.7699001
Southern Asia (FAO),,1965,0.88430005
Southern Asia (FAO),,1966,0.81280005
Southern Asia (FAO),,1967,0.87540007
Southern Asia (FAO),,1968,1.0413
Southern Asia (FAO),,1969,1.0847
Southern Asia (FAO),,1970,1.1106
Southern Asia (FAO),,1971,1.1314001
Southern Asia (FAO),,1972,1.2069001
Southern Asia (FAO),,1973,1.1797
Southern Asia (FAO),,1974,1.1206
Southern Asia (FAO),,1975,1.2455001
Southern Asia (FAO),,1976,1.3404001
Southern Asia (FAO),,1977,1.3180001
Southern Asia (FAO),,1978,1.3646001
Southern Asia (FAO),,1979,1.4695001
Southern Asia (FAO),,1980,1.3818
Southern Asia (FAO),,1981,1.4923002
Southern Asia (FAO),,1982,1.5427
Southern Asia (FAO),,1983,1.6368002
Southern Asia (FAO),,1984,1.6432
Southern Asia (FAO),,1985,1.6685001
Southern Asia (FAO),,1986,1.8320001
Southern Asia (FAO),,1987,1.6863002
Southern Asia (FAO),,1988,1.7563001
Southern Asia (FAO),,1989,1.9132
Southern Asia (FAO),,1990,1.8708001
Southern Asia (FAO),,1991,1.9938002
Southern Asia (FAO),,1992,2.098
Southern Asia (FAO),,1993,2.0532
Southern Asia (FAO),,1994,2.0837
Southern Asia (FAO),,1995,2.2514
Southern Asia (FAO),,1996,2.1728
Southern Asia (FAO),,1997,2.3125
Southern Asia (FAO),,1998,2.2872
Southern Asia (FAO),,1999,2.3455
Southern Asia (FAO),,2000,2.4684
Southern Asia (FAO),,2001,2.4048002
Southern Asia (FAO),,2002,2.4886003
Southern Asia (FAO),,2003,2.4163
Southern Asia (FAO),,2004,2.4938002
Southern Asia (FAO),,2005,2.4572
Southern Asia (FAO),,2006,2.4398003
Southern Asia (FAO),,2007,2.5699
Southern Asia (FAO),,2008,2.4755
Southern Asia (FAO),,2009,2.6334
Southern Asia (FAO),,2010,2.5853002
Southern Asia (FAO),,2011,2.6587
Southern Asia (FAO),,2012,2.7742002
Southern Asia (FAO),,2013,2.7910001
Southern Asia (FAO),,2014,2.8438
Southern Asia (FAO),,2015,2.6376002
Southern Asia (FAO),,2016,2.8566003
Southern Asia (FAO),,2017,2.9938002
Southern Asia (FAO),,2018,3.1135
Southern Asia (FAO),,2019,3.1669002
Southern Asia (FAO),,2020,3.1088002
Southern Asia (FAO),,2021,3.1648002
Southern Asia (FAO),,2022,3.1773002
Southern Asia (FAO),,2023,3.2269
Southern Europe (FAO),,1961,1.3956001
Southern Europe (FAO),,1962,1.5634001
Southern Europe (FAO),,1963,1.5135001
Southern Europe (FAO),,1964,1.4887
Southern Europe (FAO),,1965,1.6985
Southern Europe (FAO),,1966,1.7693001
Southern Europe (FAO),,1967,1.9153001
Southern Europe (FAO),,1968,1.8051001
Southern Europe (FAO),,1969,1.8240001
Southern Europe (FAO),,1970,1.7695001
Southern Europe (FAO),,1971,2.1628
Southern Europe (FAO),,1972,1.9641001
Southern Europe (FAO),,1973,2.0296001
Southern Europe (FAO),,1974,2.2829
Southern Europe (FAO),,1975,2.2645001
Southern Europe (FAO),,1976,2.3796003
Southern Europe (FAO),,1977,2.1586
Southern Europe (FAO),,1978,2.4020002
Southern Europe (FAO),,1979,2.3026001
Southern Europe (FAO),,1980,2.6329
Southern Europe (FAO),,1981,2.2803001
Southern Europe (FAO),,1982,2.4679
Southern Europe (FAO),,1983,2.3734
Southern Europe (FAO),,1984,2.9912002
Southern Europe (FAO),,1985,2.7563002
Southern Europe (FAO),,1986,2.7104
Southern Europe (FAO),,1987,2.9175003
Southern Europe (FAO),,1988,3.0000002
Southern Europe (FAO),,1989,2.7447002
Southern Europe (FAO),,1990,2.8731003
Southern Europe (FAO),,1991,3.2332
Southern Europe (FAO),,1992,2.7510002
Southern Europe (FAO),,1993,2.9657001
Southern Europe (FAO),,1994,2.9593003
Southern Europe (FAO),,1995,2.601
Southern Europe (FAO),,1996,2.9548001
Southern Europe (FAO),,1997,2.6833003
Southern Europe (FAO),,1998,3.1818001
Southern Europe (FAO),,1999,2.6761003
Southern Europe (FAO),,2000,3.0604
Southern Europe (FAO),,2001,2.6742
Southern Europe (FAO),,2002,2.9367
Southern Europe (FAO),,2003,2.6177
Southern Europe (FAO),,2004,3.4159
Southern Europe (FAO),,2005,2.7377
Southern Europe (FAO),,2006,3.1991003
Southern Europe (FAO),,2007,3.3178003
Southern Europe (FAO),,2008,3.5768
Southern Europe (FAO),,2009,3.2196002
Southern Europe (FAO),,2010,3.2829
Southern Europe (FAO),,2011,3.5996003
Southern Europe (FAO),,2012,3.2744
Southern Europe (FAO),,2013,3.7121003
Southern Europe (FAO),,2014,3.3950002
Southern Europe (FAO),,2015,3.4736001
Southern Europe (FAO),,2016,3.8962002
Southern Europe (FAO),,2017,3.2278001
Southern Europe (FAO),,2018,3.9662
Southern Europe (FAO),,2019,3.6131003
Southern Europe (FAO),,2020,4.1795
Southern Europe (FAO),,2021,4.2702003
Southern Europe (FAO),,2022,3.5912
Southern Europe (FAO),,2023,3.2434
Spain,ESP,1850,0.45999998
Spain,ESP,1911,0.91999996
Spain,ESP,1934,1.47
Spain,ESP,1950,0.87
Spain,ESP,1961,0.8837001
Spain,ESP,1962,1.1307
Spain,ESP,1963,1.1456001
Spain,ESP,1964,0.96090007
Spain,ESP,1965,1.1077
Spain,ESP,1966,1.1646
Spain,ESP,1967,1.3263001
Spain,ESP,1968,1.3401
Spain,ESP,1969,1.2271
Spain,ESP,1970,1.0813001
Spain,ESP,1971,1.4908001
Spain,ESP,1972,1.2718002
Spain,ESP,1973,1.2584001
Spain,ESP,1974,1.4330001
Spain,ESP,1975,1.6169001
Spain,ESP,1976,1.6003001
Spain,ESP,1977,1.4969001
Spain,ESP,1978,1.7464001
Spain,ESP,1979,1.6003001
Spain,ESP,1980,2.2379
Spain,ESP,1981,1.2934
Spain,ESP,1982,1.6568002
Spain,ESP,1983,1.6392
Spain,ESP,1984,2.6249
Spain,ESP,1985,2.6079001
Spain,ESP,1986,2.0776002
Spain,ESP,1987,2.6074
Spain,ESP,1988,2.7852
Spain,ESP,1989,2.3597
Spain,ESP,1990,2.3789
Spain,ESP,1991,2.4592001
Spain,ESP,1992,1.9426
Spain,ESP,1993,2.4492002
Spain,ESP,1994,2.1843002
Spain,ESP,1995,1.4761001
Spain,ESP,1996,3.0016003
Spain,ESP,1997,2.2498002
Spain,ESP,1998,2.8424
Spain,ESP,1999,2.0987
Spain,ESP,2000,3.0997002
Spain,ESP,2001,2.3003001
Spain,ESP,2002,2.8347
Spain,ESP,2003,2.9236002
Spain,ESP,2004,3.2628002
Spain,ESP,2005,1.7707
Spain,ESP,2006,2.8755002
Spain,ESP,2007,3.5692
Spain,ESP,2008,3.2483003
Spain,ESP,2009,2.7103002
Spain,ESP,2010,3.0498002
Spain,ESP,2011,3.4475002
Spain,ESP,2012,2.3718002
Spain,ESP,2013,3.6447
Spain,ESP,2014,2.9806004
Spain,ESP,2015,2.9236002
Spain,ESP,2016,3.4886003
Spain,ESP,2017,2.3263001
Spain,ESP,2018,4.0328
Spain,ESP,2019,3.1463003
Spain,ESP,2020,4.2532005
Spain,ESP,2021,4.0238004
Spain,ESP,2022,2.9957001
Spain,ESP,2023,2.0683002
Sudan,SDN,2012,1.7297001
Sudan,SDN,2013,1.9534001
Sudan,SDN,2014,2.1219
Sudan,SDN,2015,3.4393003
Sudan,SDN,2016,2.381
Sudan,SDN,2017,2.6887
Sudan,SDN,2018,2.4472
Sudan,SDN,2019,2.3908002
Sudan,SDN,2020,2.2324
Sudan,SDN,2021,2.3154001
Sudan,SDN,2022,1.7
Sudan,SDN,2023,1.35
Sudan (former),,1961,1.6098001
Sudan (former),,1962,1.6588001
Sudan (former),,1963,1.3635001
Sudan (former),,1964,1.5758002
Sudan (former),,1965,0.98330003
Sudan (former),,1966,1.2033001
Sudan (former),,1967,1.0825001
Sudan (former),,1968,0.9793
Sudan (former),,1969,1.1173002
Sudan (former),,1970,0.9458
Sudan (former),,1971,1.3426
Sudan (former),,1972,1.0249001
Sudan (former),,1973,1.4601
Sudan (former),,1974,1.3352001
Sudan (former),,1975,1.0835
Sudan (former),,1976,0.9021
Sudan (former),,1977,1.0868001
Sudan (former),,1978,1.261
Sudan (former),,1979,0.6843
Sudan (former),,1980,1.2112
Sudan (former),,1981,1.1875
Sudan (former),,1982,1.0275
Sudan (former),,1983,1.8621
Sudan (former),,1984,1.1156
Sudan (former),,1985,1.6356001
Sudan (former),,1986,1.3161
Sudan (former),,1987,1.3253001
Sudan (former),,1988,1.2562
Sudan (former),,1989,1.4970001
Sudan (former),,1990,1.5857
Sudan (former),,1991,1.4819001
Sudan (former),,1992,2.2111
Sudan (former),,1993,1.3790001
Sudan (former),,1994,1.3287001
Sudan (former),,1995,1.6113001
Sudan (former),,1996,1.7698002
Sudan (former),,1997,1.9497
Sudan (former),,1998,2.2941003
Sudan (former),,1999,1.2113001
Sudan (former),,2000,2.3266003
Sudan (former),,2001,2.5225
Sudan (former),,2002,2.1385002
Sudan (former),,2003,1.9645001
Sudan (former),,2004,2.4167001
Sudan (former),,2005,2.4615002
Sudan (former),,2006,3.8320003
Sudan (former),,2007,2.8258002
Sudan (former),,2008,1.9458002
Sudan (former),,2009,1.6042
Sudan (former),,2010,1.7935001
Sudan (former),,2011,1.5982001
Sweden,SWE,1961,3.2627
Sweden,SWE,1962,3.0609
Sweden,SWE,1963,3.0169
Sweden,SWE,1964,4.1053
Sweden,SWE,1965,3.7500002
Sweden,SWE,1966,3.0372002
Sweden,SWE,1967,4.4457
Sweden,SWE,1968,4.3271003
Sweden,SWE,1969,3.4542
Sweden,SWE,1970,3.6341002
Sweden,SWE,1971,4.0534
Sweden,SWE,1972,4.2162004
Sweden,SWE,1973,4.5176005
Sweden,SWE,1974,5.3041005
Sweden,SWE,1975,4.8313003
Sweden,SWE,1976,4.4668
Sweden,SWE,1977,4.0702
Sweden,SWE,1978,4.4891005
Sweden,SWE,1979,4.1256003
Sweden,SWE,1980,4.1455
Sweden,SWE,1981,4.7707005
Sweden,SWE,1982,5.2611003
Sweden,SWE,1983,5.1286
Sweden,SWE,1984,5.6337004
Sweden,SWE,1985,4.8303
Sweden,SWE,1986,5.5661006
Sweden,SWE,1987,4.7913
Sweden,SWE,1988,5.1762004
Sweden,SWE,1989,6.1940002
Sweden,SWE,1990,6.4494004
Sweden,SWE,1991,5.8591003
Sweden,SWE,1992,5.3249
Sweden,SWE,1993,5.8993
Sweden,SWE,1994,5.3403
Sweden,SWE,1995,5.9441004
Sweden,SWE,1996,6.0597005
Sweden,SWE,1997,5.9742002
Sweden,SWE,1998,5.6494
Sweden,SWE,1999,6.0236006
Sweden,SWE,2000,5.9066005
Sweden,SWE,2001,5.9412003
Sweden,SWE,2002,6.1487007
Sweden,SWE,2003,5.4849
Sweden,SWE,2004,5.9798
Sweden,SWE,2005,6.3334002
Sweden,SWE,2006,5.4627004
Sweden,SWE,2007,6.2571006
Sweden,SWE,2008,6.1087003
Sweden,SWE,2009,6.0776005
Sweden,SWE,2010,5.3966002
Sweden,SWE,2011,5.3786
Sweden,SWE,2012,6.2379003
Sweden,SWE,2013,5.7792006
Sweden,SWE,2014,6.806
Sweden,SWE,2015,7.2132006
Sweden,SWE,2016,6.3204
Sweden,SWE,2017,6.9891005
Sweden,SWE,2018,4.3498
Sweden,SWE,2019,7.4055004
Sweden,SWE,2020,7.1561003
Sweden,SWE,2021,6.3194003
Sweden,SWE,2022,6.9950004
Sweden,SWE,2023,5.4543
Switzerland,CHE,1961,2.7134001
Switzerland,CHE,1962,3.8648002
Switzerland,CHE,1963,2.8725002
Switzerland,CHE,1964,3.6435
Switzerland,CHE,1965,3.2267
Switzerland,CHE,1966,3.2281003
Switzerland,CHE,1967,4.0257
Switzerland,CHE,1968,3.8521004
Switzerland,CHE,1969,3.5260003
Switzerland,CHE,1970,3.5664
Switzerland,CHE,1971,3.9819
Switzerland,CHE,1972,4.2021003
Switzerland,CHE,1973,3.7852
Switzerland,CHE,1974,4.6371
Switzerland,CHE,1975,3.9593003
Switzerland,CHE,1976,4.3917003
Switzerland,CHE,1977,3.6212
Switzerland,CHE,1978,4.5892005
Switzerland,CHE,1979,4.914
Switzerland,CHE,1980,4.3628
Switzerland,CHE,1981,4.703
Switzerland,CHE,1982,4.9157004
Switzerland,CHE,1983,4.8924003
Switzerland,CHE,1984,6.2623
Switzerland,CHE,1985,5.6688
Switzerland,CHE,1986,5.098
Switzerland,CHE,1987,4.8457003
Switzerland,CHE,1988,6.0181003
Switzerland,CHE,1989,6.5735
Switzerland,CHE,1990,5.6376004
Switzerland,CHE,1991,5.9471
Switzerland,CHE,1992,5.5114
Switzerland,CHE,1993,5.9382005
Switzerland,CHE,1994,5.4925003
Switzerland,CHE,1995,5.9798
Switzerland,CHE,1996,6.6149
Switzerland,CHE,1997,5.9787006
Switzerland,CHE,1998,6.1811004
Switzerland,CHE,1999,5.2609
Switzerland,CHE,2000,5.9477005
Switzerland,CHE,2001,5.5116005
Switzerland,CHE,2002,5.6340003
Switzerland,CHE,2003,5.0550003
Switzerland,CHE,2004,6.1177006
Switzerland,CHE,2005,5.7316003
Switzerland,CHE,2006,5.813
Switzerland,CHE,2007,5.9803
Switzerland,CHE,2008,6.0014
Switzerland,CHE,2009,6.0214
Switzerland,CHE,2010,5.749
Switzerland,CHE,2011,6.2952003
Switzerland,CHE,2012,5.7763
Switzerland,CHE,2013,5.3834
Switzerland,CHE,2014,6.3489003
Switzerland,CHE,2015,5.9882007
Switzerland,CHE,2016,4.3705
Switzerland,CHE,2017,6.0940003
Switzerland,CHE,2018,5.8301005
Switzerland,CHE,2019,5.7514
Switzerland,CHE,2020,6.2186003
Switzerland,CHE,2021,5.1395
Switzerland,CHE,2022,5.4657006
Switzerland,CHE,2023,5.1397004
Syria,SYR,1961,0.57540005
Syria,SYR,1962,0.9696
Syria,SYR,1963,0.76320004
Syria,SYR,1964,0.7454001
Syria,SYR,1965,0.86
Syria,SYR,1966,0.6553
Syria,SYR,1967,0.8734001
Syria,SYR,1968,0.67340004
Syria,SYR,1969,0.82180005
Syria,SYR,1970,0.4659
Syria,SYR,1971,0.67590004
Syria,SYR,1972,1.3353001
Syria,SYR,1973,0.40210003
Syria,SYR,1974,1.0603001
Syria,SYR,1975,0.91600007
Syria,SYR,1976,1.1257
Syria,SYR,1977,0.7968
Syria,SYR,1978,1.0613002
Syria,SYR,1979,0.91340005
Syria,SYR,1980,1.536
Syria,SYR,1981,1.6629001
Syria,SYR,1982,1.2734001
Syria,SYR,1983,1.2493001
Syria,SYR,1984,0.96430004
Syria,SYR,1985,1.3548001
Syria,SYR,1986,1.7933002
Syria,SYR,1987,1.4001
Syria,SYR,1988,1.8778001
Syria,SYR,1989,0.82320005
Syria,SYR,1990,1.5436001
Syria,SYR,1991,1.6864
Syria,SYR,1992,2.2056003
Syria,SYR,1993,2.6182
Syria,SYR,1994,2.3838003
Syria,SYR,1995,2.5457
Syria,SYR,1996,2.5200002
Syria,SYR,1997,1.7214001
Syria,SYR,1998,2.3885002
Syria,SYR,1999,1.6790001
Syria,SYR,2000,1.8498001
Syria,SYR,2001,2.8178003
Syria,SYR,2002,2.8436003
Syria,SYR,2003,2.7355
Syria,SYR,2004,2.4778001
Syria,SYR,2005,2.4523
Syria,SYR,2006,2.7599
Syria,SYR,2007,2.4231002
Syria,SYR,2008,1.4397
Syria,SYR,2009,2.5754
Syria,SYR,2010,1.9280001
Syria,SYR,2011,2.5366
Syria,SYR,2012,2.2517002
Syria,SYR,2013,2.3158002
Syria,SYR,2014,1.5718001
Syria,SYR,2015,2.3385
Syria,SYR,2016,1.4299
Syria,SYR,2017,1.5819001
Syria,SYR,2018,1.115
Syria,SYR,2019,2.2927
Syria,SYR,2020,2.1091
Syria,SYR,2021,1.2454001
Syria,SYR,2022,1.3102
Syria,SYR,2023,2.3062
Taiwan,TWN,1961,2.0335002
Taiwan,TWN,1962,2.0675
Taiwan,TWN,1963,1.1349001
Taiwan,TWN,1964,2.0722
Taiwan,TWN,1965,2.1128001
Taiwan,TWN,1966,1.9651
Taiwan,TWN,1967,2.0069
Taiwan,TWN,1968,2.2185001
Taiwan,TWN,1969,2.1352
Taiwan,TWN,1970,1.8293002
Taiwan,TWN,1971,2.2645001
Taiwan,TWN,1972,2.3006003
Taiwan,TWN,1973,2.3860002
Taiwan,TWN,1974,2.4276001
Taiwan,TWN,1975,2.3991003
Taiwan,TWN,1976,2.4382
Taiwan,TWN,1977,2.3065002
Taiwan,TWN,1978,2.0808
Taiwan,TWN,1979,2.5803
Taiwan,TWN,1980,2.4969
Taiwan,TWN,1981,2.6595001
Taiwan,TWN,1982,2.2956002
Taiwan,TWN,1983,1.2682
Taiwan,TWN,1984,2.3206003
Taiwan,TWN,1985,2.0180001
Taiwan,TWN,1986,3.2566001
Taiwan,TWN,1987,3.6506002
Taiwan,TWN,1988,3.4384
Taiwan,TWN,1989,3.5378003
Taiwan,TWN,1990,2.7023
Taiwan,TWN,1991,3.0092
Taiwan,TWN,1992,3.0856001
Taiwan,TWN,1993,3.4901001
Taiwan,TWN,1994,3.2504
Taiwan,TWN,1995,3.3681002
Taiwan,TWN,1996,3.3860002
Taiwan,TWN,1997,4.25
Taiwan,TWN,1998,2.4444
Taiwan,TWN,1999,4.6316004
Taiwan,TWN,2000,3.5278003
Taiwan,TWN,2001,3.4412
Taiwan,TWN,2002,3.6389
Taiwan,TWN,2003,3.5200002
Taiwan,TWN,2004,3.2162
Taiwan,TWN,2005,3.1613002
Taiwan,TWN,2006,4.0448003
Taiwan,TWN,2007,4.2286005
Taiwan,TWN,2008,4.4242005
Taiwan,TWN,2009,4.4938
Taiwan,TWN,2010,2.7253
Taiwan,TWN,2011,2.163
Taiwan,TWN,2012,3.3442001
Taiwan,TWN,2013,1.9889001
Taiwan,TWN,2014,3.0833
Taiwan,TWN,2015,2.354
Taiwan,TWN,2016,1.5514001
Taiwan,TWN,2017,2.2487001
Taiwan,TWN,2018,2.4085002
Taiwan,TWN,2019,1.8871001
Taiwan,TWN,2020,2
Taiwan,TWN,2021,1.5000001
Taiwan,TWN,2022,3.0000002
Taiwan,TWN,2023,3.0000002
Tajikistan,TJK,1992,0.90730006
Tajikistan,TJK,1993,0.8513
Tajikistan,TJK,1994,0.84090006
Tajikistan,TJK,1995,0.88820004
Tajikistan,TJK,1996,0.8566
Tajikistan,TJK,1997,1.2687
Tajikistan,TJK,1998,1.1448001
Tajikistan,TJK,1999,1.1486
Tajikistan,TJK,2000,1.1839001
Tajikistan,TJK,2001,1.3098001
Tajikistan,TJK,2002,1.7898002
Tajikistan,TJK,2003,1.9716
Tajikistan,TJK,2004,1.9897001
Tajikistan,TJK,2005,1.9603001
Tajikistan,TJK,2006,1.9967
Tajikistan,TJK,2007,2.3500001
Tajikistan,TJK,2008,1.9866
Tajikistan,TJK,2009,3.0343
Tajikistan,TJK,2010,3.0159001
Tajikistan,TJK,2011,2.3359
Tajikistan,TJK,2012,2.6758
Tajikistan,TJK,2013,2.9735003
Tajikistan,TJK,2014,2.9680002
Tajikistan,TJK,2015,3.032
Tajikistan,TJK,2016,3.0828001
Tajikistan,TJK,2017,3.1471002
Tajikistan,TJK,2018,3.0483003
Tajikistan,TJK,2019,3.1705
Tajikistan,TJK,2020,3.1520002
Tajikistan,TJK,2021,3.101
Tajikistan,TJK,2022,3.0370002
Tajikistan,TJK,2023,3.1309001
Tanzania,TZA,1961,0.76250005
Tanzania,TZA,1962,0.97660005
Tanzania,TZA,1963,1.1143001
Tanzania,TZA,1964,1.0840001
Tanzania,TZA,1965,1.0006
Tanzania,TZA,1966,1.1256
Tanzania,TZA,1967,1.1322
Tanzania,TZA,1968,1.1579001
Tanzania,TZA,1969,1.0789001
Tanzania,TZA,1970,0.95000005
Tanzania,TZA,1971,0.76620007
Tanzania,TZA,1972,0.9638
Tanzania,TZA,1973,1.5351001
Tanzania,TZA,1974,1.7826
Tanzania,TZA,1975,1.2321
Tanzania,TZA,1976,1.3061
Tanzania,TZA,1977,1.9298002
Tanzania,TZA,1978,1.3462
Tanzania,TZA,1979,1.5963001
Tanzania,TZA,1980,1.4063001
Tanzania,TZA,1981,1.8627
Tanzania,TZA,1982,1.2789
Tanzania,TZA,1983,1.554
Tanzania,TZA,1984,1.5958002
Tanzania,TZA,1985,1.6961
Tanzania,TZA,1986,1.8137001
Tanzania,TZA,1987,1.8228002
Tanzania,TZA,1988,1.4153001
Tanzania,TZA,1989,1.6768001
Tanzania,TZA,1990,2.0381
Tanzania,TZA,1991,1.6700001
Tanzania,TZA,1992,1.4555001
Tanzania,TZA,1993,1.342
Tanzania,TZA,1994,1.2090001
Tanzania,TZA,1995,1.3817
Tanzania,TZA,1996,1.3957
Tanzania,TZA,1997,1.3869001
Tanzania,TZA,1998,1.1217
Tanzania,TZA,1999,1.4363002
Tanzania,TZA,2000,0.45610002
Tanzania,TZA,2001,1.7076
Tanzania,TZA,2002,2.5106003
Tanzania,TZA,2003,2.752
Tanzania,TZA,2004,1.9488001
Tanzania,TZA,2005,2.8838003
Tanzania,TZA,2006,2.0667
Tanzania,TZA,2007,1.0986
Tanzania,TZA,2008,1.0046
Tanzania,TZA,2009,0.5521
Tanzania,TZA,2010,1.1429001
Tanzania,TZA,2011,1.0404
Tanzania,TZA,2012,0.9915
Tanzania,TZA,2013,0.97
Tanzania,TZA,2014,1.6573001
Tanzania,TZA,2015,0.8468
Tanzania,TZA,2016,1.1094
Tanzania,TZA,2017,1.1839001
Tanzania,TZA,2018,1.0901
Tanzania,TZA,2019,1.5029001
Tanzania,TZA,2020,1.2879001
Tanzania,TZA,2021,1
Tanzania,TZA,2022,1.1
Tanzania,TZA,2023,1.442
Thailand,THA,1986,1.1932
Thailand,THA,1987,1.25
Thailand,THA,1988,0.5546
Thailand,THA,1989,0.72540003
Thailand,THA,1990,0.6107001
Thailand,THA,1991,0.48610002
Thailand,THA,1992,0.6753
Thailand,THA,1993,0.61670005
Thailand,THA,1994,0.70000005
Thailand,THA,1995,0.67820007
Thailand,THA,1996,0.6455
Thailand,THA,1997,0.68520004
Thailand,THA,1998,0.6894001
Thailand,THA,1999,0.69310004
Thailand,THA,2000,0.69690007
Thailand,THA,2001,0.70100003
Thailand,THA,2002,0.70650005
Thailand,THA,2003,0.73880005
Thailand,THA,2004,0.7566
Thailand,THA,2005,0.77570003
Thailand,THA,2006,0.7922
Thailand,THA,2007,0.8083
Thailand,THA,2008,0.8248
Thailand,THA,2009,0.84830004
Thailand,THA,2010,0.8786
Thailand,THA,2011,0.91340005
Thailand,THA,2012,0.8696
Thailand,THA,2013,1.25
Thailand,THA,2014,1.0823001
Thailand,THA,2015,1.005
Thailand,THA,2016,1.0363001
Thailand,THA,2017,1.0719001
Thailand,THA,2018,1.0306001
Thailand,THA,2019,1.0211
Thailand,THA,2020,1.0285001
Thailand,THA,2021,1.0378001
Thailand,THA,2022,1.0392
Thailand,THA,2023,1.0372
Tunisia,TUN,1961,0.5471
Tunisia,TUN,1962,0.8
Tunisia,TUN,1963,0.8
Tunisia,TUN,1964,0.7667
Tunisia,TUN,1965,0.8
Tunisia,TUN,1966,0.81250006
Tunisia,TUN,1967,0.73330003
Tunisia,TUN,1968,0.8
Tunisia,TUN,1969,0.68570006
Tunisia,TUN,1970,0.57670003
Tunisia,TUN,1971,0.77650005
Tunisia,TUN,1972,1.0158
Tunisia,TUN,1973,0.9368
Tunisia,TUN,1974,0.9021
Tunisia,TUN,1975,0.98420006
Tunisia,TUN,1976,0.81000006
Tunisia,TUN,1977,0.78700006
Tunisia,TUN,1978,0.7928
Tunisia,TUN,1979,0.6641
Tunisia,TUN,1980,1.0188
Tunisia,TUN,1981,1.2299001
Tunisia,TUN,1982,1.2829001
Tunisia,TUN,1983,0.66450006
Tunisia,TUN,1984,0.7904001
Tunisia,TUN,1985,1.3359001
Tunisia,TUN,1986,1.1667
Tunisia,TUN,1987,1.4005
Tunisia,TUN,1988,1.2470001
Tunisia,TUN,1989,0.754
Tunisia,TUN,1990,1.2721001
Tunisia,TUN,1991,1.7006
Tunisia,TUN,1992,1.7030001
Tunisia,TUN,1993,1.3700001
Tunisia,TUN,1994,1.0694001
Tunisia,TUN,1995,1.2780001
Tunisia,TUN,1996,1.6151
Tunisia,TUN,1997,1.1061001
Tunisia,TUN,1998,1.4248002
Tunisia,TUN,1999,1.4184
Tunisia,TUN,2000,1.1727
Tunisia,TUN,2001,2
Tunisia,TUN,2002,1.4144001
Tunisia,TUN,2003,2.1412
Tunisia,TUN,2004,1.6634
Tunisia,TUN,2005,1.6918001
Tunisia,TUN,2006,1.4941001
Tunisia,TUN,2007,1.8762001
Tunisia,TUN,2008,1.7174001
Tunisia,TUN,2009,2.1038
Tunisia,TUN,2010,1.8923001
Tunisia,TUN,2011,2.0791001
Tunisia,TUN,2012,2.0203001
Tunisia,TUN,2013,1.4614002
Tunisia,TUN,2014,2.0930002
Tunisia,TUN,2015,1.3985001
Tunisia,TUN,2016,1.8227
Tunisia,TUN,2017,1.636
Tunisia,TUN,2018,1.7345
Tunisia,TUN,2019,2.2628002
Tunisia,TUN,2020,1.7195001
Tunisia,TUN,2021,1.9525001
Tunisia,TUN,2022,1.9603001
Tunisia,TUN,2023,1.2158002
Turkey,TUR,1961,0.9093
Turkey,TUR,1962,1.0818001
Turkey,TUR,1963,1.2700001
Turkey,TUR,1964,1.0538001
Turkey,TUR,1965,1.0749
Turkey,TUR,1966,1.2040001
Turkey,TUR,1967,1.2463001
Turkey,TUR,1968,1.1498001
Turkey,TUR,1969,1.2292
Turkey,TUR,1970,1.1701
Turkey,TUR,1971,1.5485001
Turkey,TUR,1972,1.4096
Turkey,TUR,1973,1.1908001
Turkey,TUR,1974,1.2579001
Turkey,TUR,1975,1.5931001
Turkey,TUR,1976,1.7859001
Turkey,TUR,1977,1.7854002
Turkey,TUR,1978,1.8034002
Turkey,TUR,1979,1.8730001
Turkey,TUR,1980,1.8484001
Turkey,TUR,1981,1.8357
Turkey,TUR,1982,1.9424001
Turkey,TUR,1983,1.7755
Turkey,TUR,1984,1.9187001
Turkey,TUR,1985,1.8364002
Turkey,TUR,1986,2.0342
Turkey,TUR,1987,2.0334
Turkey,TUR,1988,2.1861002
Turkey,TUR,1989,1.7580001
Turkey,TUR,1990,2.1227
Turkey,TUR,1991,2.1288002
Turkey,TUR,1992,2.0405002
Turkey,TUR,1993,2.1642
Turkey,TUR,1994,1.7975001
Turkey,TUR,1995,1.9315001
Turkey,TUR,1996,1.9852
Turkey,TUR,1997,2.0174
Turkey,TUR,1998,2.2564
Turkey,TUR,1999,1.9409001
Turkey,TUR,2000,2.2928002
Turkey,TUR,2001,2.0765002
Turkey,TUR,2002,2.1006002
Turkey,TUR,2003,2.0987
Turkey,TUR,2004,2.2658002
Turkey,TUR,2005,2.3309
Turkey,TUR,2006,2.3595002
Turkey,TUR,2007,2.1675
Turkey,TUR,2008,2.3451002
Turkey,TUR,2009,2.5664
Turkey,TUR,2010,2.44
Turkey,TUR,2011,2.7038002
Turkey,TUR,2012,2.6723
Turkey,TUR,2013,2.8451002
Turkey,TUR,2014,2.4294
Turkey,TUR,2015,2.8803003
Turkey,TUR,2016,2.707
Turkey,TUR,2017,2.8060002
Turkey,TUR,2018,2.7440002
Turkey,TUR,2019,2.7811003
Turkey,TUR,2020,2.9647
Turkey,TUR,2021,2.6649
Turkey,TUR,2022,2.9916003
Turkey,TUR,2023,3.2199001
Turkmenistan,TKM,1992,1.9137
Turkmenistan,TKM,1993,1.9577
Turkmenistan,TKM,1994,2.5763001
Turkmenistan,TKM,1995,1.5904001
Turkmenistan,TKM,1996,0.77590007
Turkmenistan,TKM,1997,1.4252
Turkmenistan,TKM,1998,2.4904
Turkmenistan,TKM,1999,2.5097
Turkmenistan,TKM,2000,2.4143002
Turkmenistan,TKM,2001,2.5143
Turkmenistan,TKM,2002,3.1863003
Turkmenistan,TKM,2003,2.9259
Turkmenistan,TKM,2004,3.1707
Turkmenistan,TKM,2005,3.1489
Turkmenistan,TKM,2006,3.5243
Turkmenistan,TKM,2007,1.3000001
Turkmenistan,TKM,2008,1.1
Turkmenistan,TKM,2009,1.6
Turkmenistan,TKM,2010,1.7
Turkmenistan,TKM,2011,1.3619001
Turkmenistan,TKM,2012,1.4536
Turkmenistan,TKM,2013,1.5728002
Turkmenistan,TKM,2014,1.6424001
Turkmenistan,TKM,2015,1.8115001
Turkmenistan,TKM,2016,1.8343002
Turkmenistan,TKM,2017,1.7961
Turkmenistan,TKM,2018,1.4266001
Turkmenistan,TKM,2019,2.1726003
Turkmenistan,TKM,2020,2.1415
Turkmenistan,TKM,2021,2.0035
Turkmenistan,TKM,2022,1.7622
Turkmenistan,TKM,2023,1.7202001
USSR,OWID_USS,1961,0.99200004
USSR,OWID_USS,1962,0.9869001
USSR,OWID_USS,1963,0.7228
USSR,OWID_USS,1964,1.0302
USSR,OWID_USS,1965,0.79920006
USSR,OWID_USS,1966,1.3504001
USSR,OWID_USS,1967,1.0858
USSR,OWID_USS,1968,1.3058001
USSR,OWID_USS,1969,1.1516
USSR,OWID_USS,1970,1.4372001
USSR,OWID_USS,1971,1.4497
USSR,OWID_USS,1972,1.3819001
USSR,OWID_USS,1973,1.6340001
USSR,OWID_USS,1974,1.3218001
USSR,OWID_USS,1975,1.0043
USSR,OWID_USS,1976,1.5309001
USSR,OWID_USS,1977,1.3972
USSR,OWID_USS,1978,1.8053001
USSR,OWID_USS,1979,1.4721
USSR,OWID_USS,1980,1.5053002
USSR,OWID_USS,1981,1.2947
USSR,OWID_USS,1982,1.3925
USSR,OWID_USS,1983,1.4511
USSR,OWID_USS,1984,1.2722
USSR,OWID_USS,1985,1.4563001
USSR,OWID_USS,1986,1.7767
USSR,OWID_USS,1987,1.6565001
USSR,OWID_USS,1988,1.6402
USSR,OWID_USS,1989,1.8283001
USSR,OWID_USS,1990,2.1148002
USSR,OWID_USS,1991,1.5693002
Uganda,UGA,1966,2.7315001
Uganda,UGA,1967,2.7346003
Uganda,UGA,1968,1.6667
Uganda,UGA,1969,1.6667
Uganda,UGA,1970,1.9800001
Uganda,UGA,1971,1.7500001
Uganda,UGA,1972,2.3000002
Uganda,UGA,1973,2.3000002
Uganda,UGA,1974,2
Uganda,UGA,1975,2.3333
Uganda,UGA,1976,2.4121003
Uganda,UGA,1977,2.0658002
Uganda,UGA,1978,2.1061
Uganda,UGA,1979,1.6667
Uganda,UGA,1980,2.125
Uganda,UGA,1981,2
Uganda,UGA,1982,2
Uganda,UGA,1983,2.4
Uganda,UGA,1984,1.7500001
Uganda,UGA,1985,2
Uganda,UGA,1986,1.5541
Uganda,UGA,1987,2.1645
Uganda,UGA,1988,2.1667001
Uganda,UGA,1989,2.2002
Uganda,UGA,1990,2
Uganda,UGA,1991,1.8000001
Uganda,UGA,1992,1.7600001
Uganda,UGA,1993,1.8000001
Uganda,UGA,1994,1.8000001
Uganda,UGA,1995,1.8000001
Uganda,UGA,1996,1.8000001
Uganda,UGA,1997,1.8000001
Uganda,UGA,1998,1.8000001
Uganda,UGA,1999,1.8333001
Uganda,UGA,2000,1.7143002
Uganda,UGA,2001,1.7500001
Uganda,UGA,2002,1.7500001
Uganda,UGA,2003,1.6667
Uganda,UGA,2004,1.6667
Uganda,UGA,2005,1.6667
Uganda,UGA,2006,1.8000001
Uganda,UGA,2007,1.7273002
Uganda,UGA,2008,1.7273002
Uganda,UGA,2009,1.6667
Uganda,UGA,2010,1.6667
Uganda,UGA,2011,1.7692001
Uganda,UGA,2012,1.4286001
Uganda,UGA,2013,1.4286001
Uganda,UGA,2014,1.5769001
Uganda,UGA,2015,1.6
Uganda,UGA,2016,1.5810001
Uganda,UGA,2017,1.5613002
Uganda,UGA,2018,1.5988002
Uganda,UGA,2019,1.6213001
Uganda,UGA,2020,1.6667
Uganda,UGA,2021,1.6667
Uganda,UGA,2022,1.6667
Uganda,UGA,2023,1.6667
Ukraine,UKR,1992,3.0926003
Ukraine,UKR,1993,3.798
Ukraine,UKR,1994,3.0745
Ukraine,UKR,1995,2.9699001
Ukraine,UKR,1996,2.2993002
Ukraine,UKR,1997,2.8277001
Ukraine,UKR,1998,2.6479
Ukraine,UKR,1999,2.2903001
Ukraine,UKR,2000,1.9756001
Ukraine,UKR,2001,3.1020002
Ukraine,UKR,2002,3.0455
Ukraine,UKR,2003,2.9385002
Ukraine,UKR,2004,3.1661003
Ukraine,UKR,2005,2.8457
Ukraine,UKR,2006,2.5308
Ukraine,UKR,2007,2.342
Ukraine,UKR,2008,3.6698003
Ukraine,UKR,2009,3.0930002
Ukraine,UKR,2010,2.6816003
Ukraine,UKR,2011,3.3533
Ukraine,UKR,2012,2.7999
Ukraine,UKR,2013,3.3931003
Ukraine,UKR,2014,4.0119
Ukraine,UKR,2015,3.8792002
Ukraine,UKR,2016,4.2056003
Ukraine,UKR,2017,4.1097
Ukraine,UKR,2018,3.7242
Ukraine,UKR,2019,4.1566005
Ukraine,UKR,2020,3.795
Ukraine,UKR,2021,4.5332003
Ukraine,UKR,2022,3.9249
Ukraine,UKR,2023,4.6422005
United Arab Emirates,ARE,1977,1.1667
United Arab Emirates,ARE,1978,1.4667001
United Arab Emirates,ARE,1979,2.2429
United Arab Emirates,ARE,1980,2.4096003
United Arab Emirates,ARE,1981,2.0187001
United Arab Emirates,ARE,1982,2
United Arab Emirates,ARE,1983,1.4178001
United Arab Emirates,ARE,1984,1.6134001
United Arab Emirates,ARE,1985,1.3402001
United Arab Emirates,ARE,1986,1.1857
United Arab Emirates,ARE,1987,1.1063001
United Arab Emirates,ARE,1988,0.8083
United Arab Emirates,ARE,1989,1.9247
United Arab Emirates,ARE,1990,2.2165
United Arab Emirates,ARE,1991,1.5941
United Arab Emirates,ARE,1992,2.3154001
United Arab Emirates,ARE,1993,0.8586
United Arab Emirates,ARE,1994,1.8554001
United Arab Emirates,ARE,1995,1.7419001
United Arab Emirates,ARE,1996,1.1948001
United Arab Emirates,ARE,1997,5.1379004
United Arab Emirates,ARE,1998,7.2000003
United Arab Emirates,ARE,1999,4.1569
United Arab Emirates,ARE,2000,6.5000005
United Arab Emirates,ARE,2001,3.5333002
United Arab Emirates,ARE,2002,3.4118001
United Arab Emirates,ARE,2003,2.5
United Arab Emirates,ARE,2004,2
United Arab Emirates,ARE,2005,2
United Arab Emirates,ARE,2006,2.6000001
United Arab Emirates,ARE,2007,3.0000002
United Arab Emirates,ARE,2008,3.0000002
United Kingdom,GBR,1275,0.5635431
United Kingdom,GBR,1305,0.52453893
United Kingdom,GBR,1355,0.42501104
United Kingdom,GBR,1405,0.42770097
United Kingdom,GBR,1455,0.33624288
United Kingdom,GBR,1555,0.6718133
United Kingdom,GBR,1605,0.7437693
United Kingdom,GBR,1655,0.90516585
United Kingdom,GBR,1705,0.9475325
United Kingdom,GBR,1755,1.0450429
United Kingdom,GBR,1805,1.2575485
United Kingdom,GBR,1855,1.7598953
United Kingdom,GBR,1865,1.9791257
United Kingdom,GBR,1887,2.06
United Kingdom,GBR,1912,2.17
United Kingdom,GBR,1932,2.23
United Kingdom,GBR,1944,2.56
United Kingdom,GBR,1961,3.5372002
United Kingdom,GBR,1962,4.3527
United Kingdom,GBR,1963,3.9051003
United Kingdom,GBR,1964,4.2475004
United Kingdom,GBR,1965,4.0653005
United Kingdom,GBR,1966,3.8355002
United Kingdom,GBR,1967,4.1832004
United Kingdom,GBR,1968,3.5471003
United Kingdom,GBR,1969,4.0383
United Kingdom,GBR,1970,4.1939
United Kingdom,GBR,1971,4.3890004
United Kingdom,GBR,1972,4.2412004
United Kingdom,GBR,1973,4.3654003
United Kingdom,GBR,1974,4.9712005
United Kingdom,GBR,1975,4.3344
United Kingdom,GBR,1976,3.8505
United Kingdom,GBR,1977,4.9006004
United Kingdom,GBR,1978,5.2526
United Kingdom,GBR,1979,5.2292004
United Kingdom,GBR,1980,5.8782005
United Kingdom,GBR,1981,5.8417006
United Kingdom,GBR,1982,6.2057004
United Kingdom,GBR,1983,6.3717003
United Kingdom,GBR,1984,7.7205005
United Kingdom,GBR,1985,6.3333
United Kingdom,GBR,1986,6.9659004
United Kingdom,GBR,1987,5.9880004
United Kingdom,GBR,1988,6.2142005
United Kingdom,GBR,1989,6.7369003
United Kingdom,GBR,1990,6.9712005
United Kingdom,GBR,1991,7.2519
United Kingdom,GBR,1992,6.8194003
United Kingdom,GBR,1993,7.3282003
United Kingdom,GBR,1994,7.352
United Kingdom,GBR,1995,7.6992006
United Kingdom,GBR,1996,8.1315
United Kingdom,GBR,1997,7.3776007
United Kingdom,GBR,1998,7.5542006
United Kingdom,GBR,1999,8.0495
United Kingdom,GBR,2000,8.007501
United Kingdom,GBR,2001,7.0827007
United Kingdom,GBR,2002,8.0028
United Kingdom,GBR,2003,7.7798
United Kingdom,GBR,2004,7.7754
United Kingdom,GBR,2005,7.9609003
United Kingdom,GBR,2006,8.0361
United Kingdom,GBR,2007,7.2244
United Kingdom,GBR,2008,8.281401
United Kingdom,GBR,2009,7.9284005
United Kingdom,GBR,2010,7.6746006
United Kingdom,GBR,2011,7.7471004
United Kingdom,GBR,2012,6.6571
United Kingdom,GBR,2013,7.3838
United Kingdom,GBR,2014,8.5786
United Kingdom,GBR,2015,8.976001
United Kingdom,GBR,2016,7.8897004
United Kingdom,GBR,2017,8.2796
United Kingdom,GBR,2018,7.7546005
United Kingdom,GBR,2019,8.934501
United Kingdom,GBR,2020,6.9632006
United Kingdom,GBR,2021,7.8145003
United Kingdom,GBR,2022,8.590401
United Kingdom,GBR,2023,8.1279
United States,USA,1961,1.6070001
United States,USA,1962,1.6809001
United States,USA,1963,1.6949002
United States,USA,1964,1.7344002
United States,USA,1965,1.7853001
United States,USA,1966,1.7688001
United States,USA,1967,1.7375001
United States,USA,1968,1.9116001
United States,USA,1969,2.058
United States,USA,1970,2.0865002
United States,USA,1971,2.2829
United States,USA,1972,2.1983001
United States,USA,1973,2.1248002
United States,USA,1974,1.8333001
United States,USA,1975,2.0582001
United States,USA,1976,2.0375001
United States,USA,1977,2.0629
United States,USA,1978,2.1136003
United States,USA,1979,2.298
United States,USA,1980,2.2513
United States,USA,1981,2.3229
United States,USA,1982,2.3859
United States,USA,1983,2.6509001
United States,USA,1984,2.6073003
United States,USA,1985,2.5197
United States,USA,1986,2.3167
United States,USA,1987,2.5330002
United States,USA,1988,2.2913
United States,USA,1989,2.2024
United States,USA,1990,2.6567001
United States,USA,1991,2.3038
United States,USA,1992,2.6433
United States,USA,1993,2.5699
United States,USA,1994,2.5270002
United States,USA,1995,2.4065
United States,USA,1996,2.4389
United States,USA,1997,2.6574001
United States,USA,1998,2.9034
United States,USA,1999,2.8726003
United States,USA,2000,2.8238
United States,USA,2001,2.7018
United States,USA,2002,2.3567002
United States,USA,2003,2.9712
United States,USA,2004,2.9026003
United States,USA,2005,2.8231003
United States,USA,2006,2.5986001
United States,USA,2007,2.7046003
United States,USA,2008,3.0175002
United States,USA,2009,2.9897
United States,USA,2010,3.1167002
United States,USA,2011,2.9422002
United States,USA,2012,3.1154
United States,USA,2013,3.1673002
United States,USA,2014,2.9378002
United States,USA,2015,2.9299
United States,USA,2016,3.5408003
United States,USA,2017,3.1175
United States,USA,2018,3.2005002
United States,USA,2019,3.4746003
United States,USA,2020,3.3417
United States,USA,2021,2.9805002
United States,USA,2022,3.1265001
United States,USA,2023,3.2694001
Upper-middle-income countries,,1961,0.8973664
Upper-middle-income countries,,1962,0.9575536
Upper-middle-income countries,,1963,0.8547688
Upper-middle-income countries,,1964,1.0321842
Upper-middle-income countries,,1965,0.9129716
Upper-middle-income countries,,1966,1.2488148
Upper-middle-income countries,,1967,1.1285235
Upper-middle-income countries,,1968,1.2260916
Upper-middle-income countries,,1969,1.1608665
Upper-middle-income countries,,1970,1.3148108
Upper-middle-income countries,,1971,1.3884451
Upper-middle-income countries,,1972,1.3638978
Upper-middle-income countries,,1973,1.4910424
Upper-middle-income countries,,1974,1.3781003
Upper-middle-income countries,,1975,1.2603067
Upper-middle-income countries,,1976,1.608083
Upper-middle-income countries,,1977,1.4456484
Upper-middle-income countries,,1978,1.7615873
Upper-middle-income countries,,1979,1.6538008
Upper-middle-income countries,,1980,1.6139882
Upper-middle-income countries,,1981,1.5567394
Upper-middle-income countries,,1982,1.742225
Upper-middle-income countries,,1983,1.8774006
Upper-middle-income countries,,1984,1.9078364
Upper-middle-income countries,,1985,1.9287634
Upper-middle-income countries,,1986,2.1240134
Upper-middle-income countries,,1987,2.0961783
Upper-middle-income countries,,1988,2.0931094
Upper-middle-income countries,,1989,2.1477532
Upper-middle-income countries,,1990,2.367737
Upper-middle-income countries,,1991,2.1289196
Upper-middle-income countries,,1992,2.4329276
Upper-middle-income countries,,1993,2.4990084
Upper-middle-income countries,,1994,2.3178296
Upper-middle-income countries,,1995,2.3733666
Upper-middle-income countries,,1996,2.4119003
Upper-middle-income countries,,1997,2.6814272
Upper-middle-income countries,,1998,2.5595655
Upper-middle-income countries,,1999,2.7068503
Upper-middle-income countries,,2000,2.540698
Upper-middle-income countries,,2001,2.618476
Upper-middle-income countries,,2002,2.5625503
Upper-middle-income countries,,2003,2.5485034
Upper-middle-income countries,,2004,2.6894443
Upper-middle-income countries,,2005,2.700644
Upper-middle-income countries,,2006,2.8856533
Upper-middle-income countries,,2007,2.85841
Upper-middle-income countries,,2008,3.0090544
Upper-middle-income countries,,2009,2.9264193
Upper-middle-income countries,,2010,2.8761392
Upper-middle-income countries,,2011,3.1760945
Upper-middle-income countries,,2012,3.0336177
Upper-middle-income countries,,2013,3.153668
Upper-middle-income countries,,2014,3.2495925
Upper-middle-income countries,,2015,3.4269772
Upper-middle-income countries,,2016,3.5065951
Upper-middle-income countries,,2017,3.5253365
Upper-middle-income countries,,2018,3.511135
Upper-middle-income countries,,2019,3.5787518
Upper-middle-income countries,,2020,3.5515175
Upper-middle-income countries,,2021,3.5576043
Upper-middle-income countries,,2022,3.6434155
Upper-middle-income countries,,2023,3.4977186
Uruguay,URY,1961,0.85230005
Uruguay,URY,1962,1.1289
Uruguay,URY,1963,0.66830003
Uruguay,URY,1964,1.2252
Uruguay,URY,1965,1.1342
Uruguay,URY,1966,0.86620003
Uruguay,URY,1967,0.64750004
Uruguay,URY,1968,0.88290006
Uruguay,URY,1969,0.9921
Uruguay,URY,1970,1.1533
Uruguay,URY,1971,0.8881
Uruguay,URY,1972,1.0083001
Uruguay,URY,1973,1.0482
Uruguay,URY,1974,1.2253001
Uruguay,URY,1975,0.99990004
Uruguay,URY,1976,0.99380004
Uruguay,URY,1977,0.53900003
Uruguay,URY,1978,0.79520005
Uruguay,URY,1979,1.3623002
Uruguay,URY,1980,1.3485
Uruguay,URY,1981,1.3107
Uruguay,URY,1982,1.5231
Uruguay,URY,1983,1.6565001
Uruguay,URY,1984,1.5436001
Uruguay,URY,1985,1.1627
Uruguay,URY,1986,1.243
Uruguay,URY,1987,1.8425001
Uruguay,URY,1988,2.341
Uruguay,URY,1989,2.3920002
Uruguay,URY,1990,1.8510001
Uruguay,URY,1991,1.6135001
Uruguay,URY,1992,2.3035002
Uruguay,URY,1993,1.6018001
Uruguay,URY,1994,2.5653002
Uruguay,URY,1995,2.3359
Uruguay,URY,1996,2.5957
Uruguay,URY,1997,1.9843001
Uruguay,URY,1998,2.8929
Uruguay,URY,1999,1.9537001
Uruguay,URY,2000,2.5344
Uruguay,URY,2001,1.1488001
Uruguay,URY,2002,2
Uruguay,URY,2003,1.5011001
Uruguay,URY,2004,2.7698002
Uruguay,URY,2005,2.9704
Uruguay,URY,2006,2.9583
Uruguay,URY,2007,3.1603003
Uruguay,URY,2008,2.8420002
Uruguay,URY,2009,2.8560002
Uruguay,URY,2010,3.3583002
Uruguay,URY,2011,3.2196002
Uruguay,URY,2012,3.3979
Uruguay,URY,2013,2.1822
Uruguay,URY,2014,3.3177001
Uruguay,URY,2015,2.6967
Uruguay,URY,2016,3.6082
Uruguay,URY,2017,3.5209
Uruguay,URY,2018,2.2798002
Uruguay,URY,2019,3.6673002
Uruguay,URY,2020,3.2686002
Uruguay,URY,2021,4.1822004
Uruguay,URY,2022,4.2501
Uruguay,URY,2023,5.0367002
Uzbekistan,UZB,1992,1.6625
Uzbekistan,UZB,1993,1.3585001
Uzbekistan,UZB,1994,1.5150001
Uzbekistan,UZB,1995,2.1421
Uzbekistan,UZB,1996,2.0635002
Uzbekistan,UZB,1997,2.1994
Uzbekistan,UZB,1998,2.6334
Uzbekistan,UZB,1999,2.6460001
Uzbekistan,UZB,2000,2.7174
Uzbekistan,UZB,2001,3.1509001
Uzbekistan,UZB,2002,4.0410004
Uzbekistan,UZB,2003,3.7315001
Uzbekistan,UZB,2004,3.7457001
Uzbekistan,UZB,2005,4.2073
Uzbekistan,UZB,2006,4.2108
Uzbekistan,UZB,2007,4.4786005
Uzbekistan,UZB,2008,4.4771004
Uzbekistan,UZB,2009,4.9013
Uzbekistan,UZB,2010,4.6000004
Uzbekistan,UZB,2011,4.556
Uzbekistan,UZB,2012,4.7095003
Uzbekistan,UZB,2013,4.7393003
Uzbekistan,UZB,2014,4.7821
Uzbekistan,UZB,2015,4.8175
Uzbekistan,UZB,2016,4.8023
Uzbekistan,UZB,2017,4.3165
Uzbekistan,UZB,2018,4.1260004
Uzbekistan,UZB,2019,4.6493
Uzbekistan,UZB,2020,4.5556
Uzbekistan,UZB,2021,4.8245
Uzbekistan,UZB,2022,4.9878
Uzbekistan,UZB,2023,5.2662005
Venezuela,VEN,1961,0.5403
Venezuela,VEN,1962,0.5258
Venezuela,VEN,1963,0.5249001
Venezuela,VEN,1964,0.554
Venezuela,VEN,1965,0.5806
Venezuela,VEN,1966,0.5
Venezuela,VEN,1967,0.5151
Venezuela,VEN,1968,0.47570002
Venezuela,VEN,1969,0.37210003
Venezuela,VEN,1970,0.37750003
Venezuela,VEN,1971,0.4328
Venezuela,VEN,1972,0.44310004
Venezuela,VEN,1973,0.45990002
Venezuela,VEN,1974,0.39810002
Venezuela,VEN,1975,0.3669
Venezuela,VEN,1976,0.40520003
Venezuela,VEN,1977,0.3955
Venezuela,VEN,1978,0.38090003
Venezuela,VEN,1979,0.37390003
Venezuela,VEN,1980,0.4009
Venezuela,VEN,1981,0.39920002
Venezuela,VEN,1982,0.3731
Venezuela,VEN,1983,0.37970003
Venezuela,VEN,1984,0.367
Venezuela,VEN,1985,0.38390002
Venezuela,VEN,1986,0.35020003
Venezuela,VEN,1987,0.33120003
Venezuela,VEN,1988,0.33400002
Venezuela,VEN,1989,0.33820003
Venezuela,VEN,1990,0.34440002
Venezuela,VEN,1991,0.3459
Venezuela,VEN,1992,0.3765
Venezuela,VEN,1993,0.41910002
Venezuela,VEN,1994,0.48320004
Venezuela,VEN,1995,0.39770004
Venezuela,VEN,1996,0.8709001
Venezuela,VEN,1997,1.2595
Venezuela,VEN,1998,1.6453001
Venezuela,VEN,1999,2.0037
Venezuela,VEN,2000,2.5749
Venezuela,VEN,2001,2.7437
Venezuela,VEN,2002,3.0000002
Venezuela,VEN,2003,2.9804
Venezuela,VEN,2004,3.0000002
Venezuela,VEN,2005,2.9605002
Venezuela,VEN,2006,3.0137
Venezuela,VEN,2007,3.0000002
Venezuela,VEN,2008,2.9870002
Venezuela,VEN,2009,2.9792001
Venezuela,VEN,2010,2.9942
Venezuela,VEN,2011,3.0000002
Venezuela,VEN,2012,2.9863002
Venezuela,VEN,2013,2.9815001
Venezuela,VEN,2014,2.9815001
Venezuela,VEN,2015,2.9833002
Venezuela,VEN,2016,3.0000002
Venezuela,VEN,2017,2.798
Venezuela,VEN,2018,2.6705
Venezuela,VEN,2019,2.9468002
Venezuela,VEN,2020,2.8297
Venezuela,VEN,2021,2.8272002
Venezuela,VEN,2022,2.7853003
Venezuela,VEN,2023,2.7592
Western Africa (FAO),,1961,1.6334001
Western Africa (FAO),,1962,1.6082001
Western Africa (FAO),,1963,1.6071
Western Africa (FAO),,1964,1.639
Western Africa (FAO),,1965,1.6332
Western Africa (FAO),,1966,1.7093002
Western Africa (FAO),,1967,1.7907001
Western Africa (FAO),,1968,1.6788001
Western Africa (FAO),,1969,1.7144
Western Africa (FAO),,1970,1.6251
Western Africa (FAO),,1971,1.6500001
Western Africa (FAO),,1972,1.6537
Western Africa (FAO),,1973,1.3655001
Western Africa (FAO),,1974,1.4137
Western Africa (FAO),,1975,1.5447
Western Africa (FAO),,1976,1.6576
Western Africa (FAO),,1977,1.8473002
Western Africa (FAO),,1978,1.9036001
Western Africa (FAO),,1979,1.9672
Western Africa (FAO),,1980,2.1093001
Western Africa (FAO),,1981,2.1978002
Western Africa (FAO),,1982,2.1359
Western Africa (FAO),,1983,1.6788001
Western Africa (FAO),,1984,1.6695001
Western Africa (FAO),,1985,2.0381
Western Africa (FAO),,1986,1.9375001
Western Africa (FAO),,1987,1.8921001
Western Africa (FAO),,1988,1.2403
Western Africa (FAO),,1989,1.199
Western Africa (FAO),,1990,0.98330003
Western Africa (FAO),,1991,1.3186
Western Africa (FAO),,1992,1.4617
Western Africa (FAO),,1993,2.3143
Western Africa (FAO),,1994,2.3405
Western Africa (FAO),,1995,2.2082
Western Africa (FAO),,1996,2.0332
Western Africa (FAO),,1997,2.5049
Western Africa (FAO),,1998,2.0397
Western Africa (FAO),,1999,2.0284002
Western Africa (FAO),,2000,1.5003002
Western Africa (FAO),,2001,1.131
Western Africa (FAO),,2002,1.0556
Western Africa (FAO),,2003,1.1163001
Western Africa (FAO),,2004,1.1908001
Western Africa (FAO),,2005,1.1881
Western Africa (FAO),,2006,1.2207
Western Africa (FAO),,2007,1.7531
Western Africa (FAO),,2008,1.7859001
Western Africa (FAO),,2009,1.8027
Western Africa (FAO),,2010,1.5602
Western Africa (FAO),,2011,1.4369001
Western Africa (FAO),,2012,1.3229
Western Africa (FAO),,2013,1.3028
Western Africa (FAO),,2014,1.7260001
Western Africa (FAO),,2015,1.4498001
Western Africa (FAO),,2016,1.6082001
Western Africa (FAO),,2017,2.088
Western Africa (FAO),,2018,1.9999001
Western Africa (FAO),,2019,1.7589002
Western Africa (FAO),,2020,1.6864
Western Africa (FAO),,2021,2.9381003
Western Africa (FAO),,2022,2.9160001
Western Africa (FAO),,2023,2.3011003
Western Asia (FAO),,1961,0.84990007
Western Asia (FAO),,1962,1.0149001
Western Asia (FAO),,1963,1.1249001
Western Asia (FAO),,1964,0.9699001
Western Asia (FAO),,1965,1.0174
Western Asia (FAO),,1966,1.08
Western Asia (FAO),,1967,1.1356
Western Asia (FAO),,1968,1.0878001
Western Asia (FAO),,1969,1.1505
Western Asia (FAO),,1970,1.0379001
Western Asia (FAO),,1971,1.3743001
Western Asia (FAO),,1972,1.394
Western Asia (FAO),,1973,1.0500001
Western Asia (FAO),,1974,1.1855
Western Asia (FAO),,1975,1.3887
Western Asia (FAO),,1976,1.5741
Western Asia (FAO),,1977,1.5734001
Western Asia (FAO),,1978,1.5503001
Western Asia (FAO),,1979,1.6277
Western Asia (FAO),,1980,1.6747
Western Asia (FAO),,1981,1.7012
Western Asia (FAO),,1982,1.7531
Western Asia (FAO),,1983,1.6448002
Western Asia (FAO),,1984,1.8202001
Western Asia (FAO),,1985,1.7455001
Western Asia (FAO),,1986,1.9736
Western Asia (FAO),,1987,2.0035
Western Asia (FAO),,1988,2.1778002
Western Asia (FAO),,1989,1.7900001
Western Asia (FAO),,1990,2.112
Western Asia (FAO),,1991,2.0570002
Western Asia (FAO),,1992,2.0468001
Western Asia (FAO),,1993,2.0906003
Western Asia (FAO),,1994,1.8281001
Western Asia (FAO),,1995,1.9384001
Western Asia (FAO),,1996,1.9595001
Western Asia (FAO),,1997,1.8908001
Western Asia (FAO),,1998,2.1388001
Western Asia (FAO),,1999,1.8571
Western Asia (FAO),,2000,2.1019
Western Asia (FAO),,2001,2.1638002
Western Asia (FAO),,2002,2.243
Western Asia (FAO),,2003,2.2026002
Western Asia (FAO),,2004,2.2934
Western Asia (FAO),,2005,2.2
Western Asia (FAO),,2006,2.3997002
Western Asia (FAO),,2007,2.2414
Western Asia (FAO),,2008,2.2535002
Western Asia (FAO),,2009,2.5492
Western Asia (FAO),,2010,2.3408
Western Asia (FAO),,2011,2.6216002
Western Asia (FAO),,2012,2.6116002
Western Asia (FAO),,2013,2.7087002
Western Asia (FAO),,2014,2.361
Western Asia (FAO),,2015,2.8582
Western Asia (FAO),,2016,2.6738002
Western Asia (FAO),,2017,2.6980002
Western Asia (FAO),,2018,2.6008003
Western Asia (FAO),,2019,2.7586002
Western Asia (FAO),,2020,2.8774
Western Asia (FAO),,2021,2.4973001
Western Asia (FAO),,2022,2.7804
Western Asia (FAO),,2023,3.0194001
Western Europe (FAO),,1961,2.6076002
Western Europe (FAO),,1962,3.2088003
Western Europe (FAO),,1963,2.9423
Western Europe (FAO),,1964,3.3002002
Western Europe (FAO),,1965,3.2712002
Western Europe (FAO),,1966,2.9712
Western Europe (FAO),,1967,3.7863002
Western Europe (FAO),,1968,3.8488002
Western Europe (FAO),,1969,3.6864002
Western Europe (FAO),,1970,3.5396004
Western Europe (FAO),,1971,4.0718
Western Europe (FAO),,1972,4.3226004
Western Europe (FAO),,1973,4.4356003
Western Europe (FAO),,1974,4.6244
Western Europe (FAO),,1975,4.0228004
Western Europe (FAO),,1976,3.8999002
Western Europe (FAO),,1977,4.2589
Western Europe (FAO),,1978,4.9777
Western Europe (FAO),,1979,4.7526
Western Europe (FAO),,1980,5.0137005
Western Europe (FAO),,1981,4.9594
Western Europe (FAO),,1982,5.2486005
Western Europe (FAO),,1983,5.1637006
Western Europe (FAO),,1984,6.2742004
Western Europe (FAO),,1985,5.9164
Western Europe (FAO),,1986,5.6625004
Western Europe (FAO),,1987,5.5984
Western Europe (FAO),,1988,6.1686006
Western Europe (FAO),,1989,6.1283
Western Europe (FAO),,1990,6.3687005
Western Europe (FAO),,1991,6.6584
Western Europe (FAO),,1992,6.2573
Western Europe (FAO),,1993,6.4845004
Western Europe (FAO),,1994,6.6789002
Western Europe (FAO),,1995,6.6272006
Western Europe (FAO),,1996,7.1922007
Western Europe (FAO),,1997,6.8395004
Western Europe (FAO),,1998,7.4029
Western Europe (FAO),,1999,7.2876005
Western Europe (FAO),,2000,7.109
Western Europe (FAO),,2001,7.0456004
Western Europe (FAO),,2002,7.1882005
Western Europe (FAO),,2003,6.3544
Western Europe (FAO),,2004,7.7668004
Western Europe (FAO),,2005,7.1313
Western Europe (FAO),,2006,6.8898
Western Europe (FAO),,2007,6.4905005
Western Europe (FAO),,2008,7.4444003
Western Europe (FAO),,2009,7.5496006
Western Europe (FAO),,2010,7.0910006
Western Europe (FAO),,2011,6.8041005
Western Europe (FAO),,2012,7.1492004
Western Europe (FAO),,2013,7.4949
Western Europe (FAO),,2014,7.813
Western Europe (FAO),,2015,7.8805003
Western Europe (FAO),,2016,6.1742005
Western Europe (FAO),,2017,7.3516006
Western Europe (FAO),,2018,6.7171006
Western Europe (FAO),,2019,7.5983
Western Europe (FAO),,2020,7.129
Western Europe (FAO),,2021,7.0227003
Western Europe (FAO),,2022,7.2217007
Western Europe (FAO),,2023,7.2722006
World,OWID_WRL,1961,1.0889001
World,OWID_WRL,1962,1.2060001
World,OWID_WRL,1963,1.1320001
World,OWID_WRL,1964,1.2413001
World,OWID_WRL,1965,1.2151
World,OWID_WRL,1966,1.4079001
World,OWID_WRL,1967,1.3392
World,OWID_WRL,1968,1.4534001
World,OWID_WRL,1969,1.4174001
World,OWID_WRL,1970,1.4941001
World,OWID_WRL,1971,1.6245
World,OWID_WRL,1972,1.6046001
World,OWID_WRL,1973,1.6836001
World,OWID_WRL,1974,1.6155001
World,OWID_WRL,1975,1.5701001
World,OWID_WRL,1976,1.7911
World,OWID_WRL,1977,1.6724001
World,OWID_WRL,1978,1.9328002
World,OWID_WRL,1979,1.8522
World,OWID_WRL,1980,1.8554001
World,OWID_WRL,1981,1.8800001
World,OWID_WRL,1982,1.9992001
World,OWID_WRL,1983,2.1258001
World,OWID_WRL,1984,2.2201002
World,OWID_WRL,1985,2.1719
World,OWID_WRL,1986,2.3213003
World,OWID_WRL,1987,2.2900002
World,OWID_WRL,1988,2.2926002
World,OWID_WRL,1989,2.3732002
World,OWID_WRL,1990,2.5626001
World,OWID_WRL,1991,2.4414
World,OWID_WRL,1992,2.5340002
World,OWID_WRL,1993,2.5370002
World,OWID_WRL,1994,2.4777
World,OWID_WRL,1995,2.4958003
World,OWID_WRL,1996,2.5640001
World,OWID_WRL,1997,2.7157001
World,OWID_WRL,1998,2.7063003
World,OWID_WRL,1999,2.7462
World,OWID_WRL,2000,2.7316003
World,OWID_WRL,2001,2.7417002
World,OWID_WRL,2002,2.7551003
World,OWID_WRL,2003,2.6514
World,OWID_WRL,2004,2.9426003
World,OWID_WRL,2005,2.8287
World,OWID_WRL,2006,2.8905
World,OWID_WRL,2007,2.8154001
World,OWID_WRL,2008,3.0625002
World,OWID_WRL,2009,3.0356002
World,OWID_WRL,2010,2.9721003
World,OWID_WRL,2011,3.1639001
World,OWID_WRL,2012,3.0934
World,OWID_WRL,2013,3.2512002
World,OWID_WRL,2014,3.3195002
World,OWID_WRL,2015,3.3272002
World,OWID_WRL,2016,3.4183002
World,OWID_WRL,2017,3.5573003
World,OWID_WRL,2018,3.4445002
World,OWID_WRL,2019,3.5750003
World,OWID_WRL,2020,3.4996002
World,OWID_WRL,2021,3.5229
World,OWID_WRL,2022,3.7044
World,OWID_WRL,2023,3.6250002
Yemen,YEM,1961,1.3077
Yemen,YEM,1962,1.2963
Yemen,YEM,1963,1.2982
Yemen,YEM,1964,1.2969
Yemen,YEM,1965,1.3393002
Yemen,YEM,1966,1.3027
Yemen,YEM,1967,1.3343002
Yemen,YEM,1968,1.2059001
Yemen,YEM,1969,1.1190001
Yemen,YEM,1970,0.91020006
Yemen,YEM,1971,1.1386
Yemen,YEM,1972,1.0227001
Yemen,YEM,1973,1.1071
Yemen,YEM,1974,1.1195
Yemen,YEM,1975,1.23
Yemen,YEM,1976,1.177
Yemen,YEM,1977,1.1135
Yemen,YEM,1978,0.78670007
Yemen,YEM,1979,1.0864
Yemen,YEM,1980,1
Yemen,YEM,1981,1.1074001
Yemen,YEM,1982,1.1481
Yemen,YEM,1983,0.6991
Yemen,YEM,1984,0.76460004
Yemen,YEM,1985,1.0282
Yemen,YEM,1986,1.3378001
Yemen,YEM,1987,1.5185001
Yemen,YEM,1988,1.7344002
Yemen,YEM,1989,1.7218001
Yemen,YEM,1990,1.5826
Yemen,YEM,1991,1.1543001
Yemen,YEM,1992,1.5652
Yemen,YEM,1993,1.6092
Yemen,YEM,1994,1.7035
Yemen,YEM,1995,1.6831001
Yemen,YEM,1996,1.4096
Yemen,YEM,1997,1.2302
Yemen,YEM,1998,1.5034001
Yemen,YEM,1999,1.6207
Yemen,YEM,2000,1.6246
Yemen,YEM,2001,1.6185001
Yemen,YEM,2002,1.4740001
Yemen,YEM,2003,1.1997
Yemen,YEM,2004,1.2323002
Yemen,YEM,2005,1.3134
Yemen,YEM,2006,1.3474001
Yemen,YEM,2007,1.5441
Yemen,YEM,2008,1.3846
Yemen,YEM,2009,1.8901001
Yemen,YEM,2010,1.7843001
Yemen,YEM,2011,1.8667
Yemen,YEM,2012,1.8095001
Yemen,YEM,2013,1.6915001
Yemen,YEM,2014,1.7206
Yemen,YEM,2015,1.6692001
Yemen,YEM,2016,1.5583001
Yemen,YEM,2017,1.5588001
Yemen,YEM,2018,1.4332
Yemen,YEM,2019,1.7459002
Yemen,YEM,2020,2.1485002
Yemen,YEM,2021,2.2644
Yemen,YEM,2022,1.6667
Yemen,YEM,2023,1.6667
Yugoslavia,OWID_YGS,1961,1.6161001
Yugoslavia,OWID_YGS,1962,1.6467
Yugoslavia,OWID_YGS,1963,1.9324001
Yugoslavia,OWID_YGS,1964,1.7608001
Yugoslavia,OWID_YGS,1965,2.0570002
Yugoslavia,OWID_YGS,1966,2.5112002
Yugoslavia,OWID_YGS,1967,2.5613003
Yugoslavia,OWID_YGS,1968,2.1685002
Yugoslavia,OWID_YGS,1969,2.4156003
Yugoslavia,OWID_YGS,1970,2.0687
Yugoslavia,OWID_YGS,1971,2.9041002
Yugoslavia,OWID_YGS,1972,2.5164
Yugoslavia,OWID_YGS,1973,2.7996001
Yugoslavia,OWID_YGS,1974,3.4091003
Yugoslavia,OWID_YGS,1975,2.7271001
Yugoslavia,OWID_YGS,1976,3.4697
Yugoslavia,OWID_YGS,1977,3.4889002
Yugoslavia,OWID_YGS,1978,3.1217
Yugoslavia,OWID_YGS,1979,2.9601002
Yugoslavia,OWID_YGS,1980,3.3582
Yugoslavia,OWID_YGS,1981,3.0808003
Yugoslavia,OWID_YGS,1982,3.3489
Yugoslavia,OWID_YGS,1983,3.4338002
Yugoslavia,OWID_YGS,1984,3.8374002
Yugoslavia,OWID_YGS,1985,3.6051002
Yugoslavia,OWID_YGS,1986,3.5474
Yugoslavia,OWID_YGS,1987,3.5681002
Yugoslavia,OWID_YGS,1988,4.1819
Yugoslavia,OWID_YGS,1989,3.7847002
Yugoslavia,OWID_YGS,1990,4.2530003
Yugoslavia,OWID_YGS,1991,4.2661004
Zambia,ZMB,1961,1.6
Zambia,ZMB,1962,1.6859001
Zambia,ZMB,1963,2.0140002
Zambia,ZMB,1964,1.4759
Zambia,ZMB,1965,2.2766001
Zambia,ZMB,1966,1.9756001
Zambia,ZMB,1967,1.6583002
Zambia,ZMB,1968,1.3333001
Zambia,ZMB,1969,2.2
Zambia,ZMB,1970,1.01
Zambia,ZMB,1971,1
Zambia,ZMB,1972,0.99000007
Zambia,ZMB,1973,1
Zambia,ZMB,1974,2.9517002
Zambia,ZMB,1975,3.0481002
Zambia,ZMB,1976,4.9350004
Zambia,ZMB,1977,3.3590002
Zambia,ZMB,1978,3.3381002
Zambia,ZMB,1979,3.1086001
Zambia,ZMB,1980,4.0688004
Zambia,ZMB,1981,3.2875001
Zambia,ZMB,1982,3.8189
Zambia,ZMB,1983,3.5926003
Zambia,ZMB,1984,3.7883003
Zambia,ZMB,1985,3.4312
Zambia,ZMB,1986,4.9994
Zambia,ZMB,1987,3.7404
Zambia,ZMB,1988,4.2465
Zambia,ZMB,1989,4.7219
Zambia,ZMB,1990,4.3938
Zambia,ZMB,1991,4.3841004
Zambia,ZMB,1992,4.1004
Zambia,ZMB,1993,5.0737004
Zambia,ZMB,1994,5.2692003
Zambia,ZMB,1995,4.8705
Zambia,ZMB,1996,5.5771003
Zambia,ZMB,1997,6.6221004
Zambia,ZMB,1998,5.6681004
Zambia,ZMB,1999,6.9777007
Zambia,ZMB,2000,6.2102003
Zambia,ZMB,2001,6.6667004
Zambia,ZMB,2002,6.2500005
Zambia,ZMB,2003,6.4286003
Zambia,ZMB,2004,6.1181
Zambia,ZMB,2005,6.2104
Zambia,ZMB,2006,5.4946003
Zambia,ZMB,2007,6.1511
Zambia,ZMB,2008,9.938701
Zambia,ZMB,2009,5.6991005
Zambia,ZMB,2010,6.3118
Zambia,ZMB,2011,6.3068
Zambia,ZMB,2012,6.8135004
Zambia,ZMB,2013,6.5435004
Zambia,ZMB,2014,7.1559005
Zambia,ZMB,2015,6.8802004
Zambia,ZMB,2016,6.6005
Zambia,ZMB,2017,7.2439003
Zambia,ZMB,2018,5.2808
Zambia,ZMB,2019,6.6878
Zambia,ZMB,2020,7.3680005
Zambia,ZMB,2021,6.7905
Zambia,ZMB,2022,6.9986005
Zambia,ZMB,2023,7.5920005
Zimbabwe,ZWE,1961,1.4673002
Zimbabwe,ZWE,1962,1.5895001
Zimbabwe,ZWE,1963,1.9530001
Zimbabwe,ZWE,1964,2.6896002
Zimbabwe,ZWE,1965,2.3533
Zimbabwe,ZWE,1966,2.0091
Zimbabwe,ZWE,1967,2.6907
Zimbabwe,ZWE,1968,3.5798001
Zimbabwe,ZWE,1969,3.2343001
Zimbabwe,ZWE,1970,3.5326002
Zimbabwe,ZWE,1971,3.9620001
Zimbabwe,ZWE,1972,3.6783001
Zimbabwe,ZWE,1973,3.8874002
Zimbabwe,ZWE,1974,3.6311002
Zimbabwe,ZWE,1975,3.8541002
Zimbabwe,ZWE,1976,4.2441
Zimbabwe,ZWE,1977,3.8975003
Zimbabwe,ZWE,1978,4.4988
Zimbabwe,ZWE,1979,4.3931003
Zimbabwe,ZWE,1980,4.9722004
Zimbabwe,ZWE,1981,4.9808
Zimbabwe,ZWE,1982,5.1335
Zimbabwe,ZWE,1983,5.7665005
Zimbabwe,ZWE,1984,5.8611
Zimbabwe,ZWE,1985,5.4544
Zimbabwe,ZWE,1986,5.913
Zimbabwe,ZWE,1987,5.7986
Zimbabwe,ZWE,1988,5.7091002
Zimbabwe,ZWE,1989,5.6767006
Zimbabwe,ZWE,1990,5.8211
Zimbabwe,ZWE,1991,5.8912005
Zimbabwe,ZWE,1992,5.0893
Zimbabwe,ZWE,1993,5.7708
Zimbabwe,ZWE,1994,5.4649
Zimbabwe,ZWE,1995,5.0360003
Zimbabwe,ZWE,1996,5.4999003
Zimbabwe,ZWE,1997,5.6000004
Zimbabwe,ZWE,1998,5.5000005
Zimbabwe,ZWE,1999,5.5000005
Zimbabwe,ZWE,2000,5.4
Zimbabwe,ZWE,2001,5.3
Zimbabwe,ZWE,2002,5
Zimbabwe,ZWE,2003,3.0000002
Zimbabwe,ZWE,2004,3.5000002
Zimbabwe,ZWE,2005,3.5000002
Zimbabwe,ZWE,2006,3.6000001
Zimbabwe,ZWE,2007,2.9998002
Zimbabwe,ZWE,2008,3.0097
Zimbabwe,ZWE,2009,3.0000002
Zimbabwe,ZWE,2010,2.7788002
Zimbabwe,ZWE,2011,2.6604
Zimbabwe,ZWE,2012,2.4902
Zimbabwe,ZWE,2013,2.3430002
Zimbabwe,ZWE,2014,2.2150002
Zimbabwe,ZWE,2015,2.0486002
Zimbabwe,ZWE,2016,1.9013002
Zimbabwe,ZWE,2017,1.7542
Zimbabwe,ZWE,2018,2.7178001
Zimbabwe,ZWE,2019,3.9149
Zimbabwe,ZWE,2020,4.7796
Zimbabwe,ZWE,2021,5.0759
Zimbabwe,ZWE,2022,5.1542006
Zimbabwe,ZWE,2023,4.5538